label,split_text
0,我等会就处理
1,我现在没钱
2,这太多了能减免一点吗
3,我听不清
0,行会尽快的
0,好的没问题
0,明白了那要在什么时候之前还呢
0,嗯嗯没问题
0,我可以还要在多久之前呢
0,我过几天就还
0,我领了工资就还
0,我要在什么时间之前还清呢
1,我没有借过这么多钱
1,你打错了不是我借的
1,不是我借的
1,我没钱
1,没钱还
1,还不起
1,这不是我借的
1,我什么时候借过这些钱啊
1,你别胡说不是我借的
1,等我有钱了再说吧
1,我没借过啊
1,没钱我怎么还啊
1,我去哪里找这么多钱啊
1,这么多我还不起啊
2,这么多不能少一点吗
2,这么多可不可以优惠一点啊
2,利息可以免掉吗
2,有什么优惠吗
2,我可以还但是可以少点吗
2,可以减免一点吗
2,太多了少点吧
3,你说什么
3,你再说一次
3,信号不好我听不清
3,你打错了
3,我在开车一会再说
3,我在开会一会再说
3,我现在没空你改天再打吧
2,金额太高了
2,没那么多钱
2,能不能少一点
2,等我发工资的
2,现在没有太多，想处理部分
2,高利贷
2,我想分期处理
2,马上处理
2,现在没钱
2,可以分期吗
2,还是像以前一样分期还吧
2,多少钱
2,怎么欠这么多我可以少还一点吗
2,能不能少点喃？
2,钱太多了，负担不起
2,现在困难，想减免点。
2,利息太高了，能少还一些吗？
2,我这边可能只能先还一部分
2,太多了，少还点？
2,给不起，能少点不
2,利息太高了
2,这个金额太高了能少还一点吗
2,只还本金
2,不能
2,我以前还别的都还多少
2,你们利息太高了
2,利息太多了
2,这个金额太高了
2,没有那么多钱
2,利息高了
2,只愿还本金
2,你这利息太高了吧
2,。
2,你们利息太高，
2,你们是高利贷
2,能还本金么
2,这个金额太高，能少还一点吗
2,我现在没那么多钱
2,利息太高
2,金额太高
2,分期
2,利息太高了.处理不了
2,不可以
2,遇到困难了
2,这个金额太高了
2,这个金额太高了，能少还一点，吗
2,利息太高
2,没有钱
2,金额太高了
2,利息太高
2,利息太高
2,利息高了
2,不认识
2,这个金额太高了，能不能少点
2,不还了
2,这个金额太高了
2,钱能少一点吗
2,金额太高，能不能少点
2,这个金额太高了，能少还一点么
2,这个金额太高了；能少点吗
2,我有困难，先处理一部分
2,利息太高了
2,利息高了
2,利息太高了
2,银行卡丢了
2,利息太高
2,利息太高了
2,利息高，还不了
2,利息太高了
2,我没那么多钱。
2,暂时没有钱
2,你们利息太高帮忙减免
2,能少还点吗
2,我没那么多，能不能少点！
2,这个金额太高了，能减免吗
2,这个金额太高了能少一点吗
2,之前一直有还款为什么要一次结清
2,有钱了处理
2,少一点行吗？
2,这个金额太高了
2,有钱还
2,金额太高了，能不能少点
2,你们利息太高了，能不去减掉利息啊
2,这个金额太高，还不起
2,能少点不
2,还不了那么多
2,太高了
2,现在没钱啊
2,罚息太多，减免分期
2,没钱
2,我先还一部分
2,没有这么多钱
2,可不可以只还本金
2,帮我减免点吧
2,家里有人生病没钱还
2,本金多少
2,可以分期吗
2,少点嘛？
2,我可以分期吗
2,我现在还不了那么多
2,我可以先还一部分吗？
2,我这边只能先还一部分
2,太多了，还不起
2,能少点不
2,我没钱
2,只要减免我就还
2,利息帮我减掉可以吗
2,你逾期太久了
2,这边还能少吗
2,我没钱啊
2,能不能少点
2,现在拿不出那么多，能不能少点
2,高利贷不还起诉吧
2,我在上班
2,什么时候的事
2,，
2,我要减免，减免到多少多少再还
2,没钱
2,我只有能力处理本金
2,我可以先还一部分么
2,你找他什么事
2,不减免就不处理
2,可以减免吗
2,太多了还不起
2,能不能少一点
2,你不逾期哪里会这么高
2,家里出事
2,能少点还吗
2,我可以先还一部分么
2,还不起
2,没有钱
2,换不起
2,申请减免
2,费用高了
2,没钱处理
2,不认识
2,这钱怎么不对啊
2,利息高
2,能少一点吗
2,钱太多了
2,手头没这么多钱，少点吧
2,金额太多，暂时没这么多钱
2,这个金额太高了；能少点吗
2,等我有钱再联系你
2,有困难
2,不合法
2,身上没那么多钱
2,我没有钱
2,客服骂人
2,能不能分期啊
2,知道了
2,你们是高利贷吧
2,可以减免吗。
2,工资不够
2,没有那么多减免点
2,我可以还一部分吗
2,我家里只凑了这点钱，处理不了只能随你们了！
2,我能先还一部分吗？
2,我都还那么多了怎么还有那么多啊
2,想看看自己还款明细
2,等发工资
2,困难现在，能不能少一点
2,能少还一点吗
2,利息太高
2,我先处理一部分
2,我现在没有那么多钱，可以慢慢还吗
2,可以少还一点吗
2,我先还一部分，剩下晚些时候
2,能不能少点
2,能少还一点吗
2,有钱再还
2,还了那么多，还有这么多
2,能少还一点吗
2,过一段时间还
2,可不可以分期
2,我面前只能还一部分
2,你们是高利贷不合法利息收太高了
2,太多了
2,利息可以免掉吗
2,少还点喃？
2,利息太高了
2,我想一次处理，能否减免点
2,没钱，减免一些
2,我只能负担得起一部分
2,太多了，怎么还
2,多的没有
2,起诉我吧，法院判多少给多少，那么高的利息
2,真的可以先还
2,你们这是高利贷
2,需要先偿还一部分
2,利息多少啊
2,能不能帮我减免啊
2,还本金可以吗
2,我可以还一部分嘛
2,只还本金
2,可以帮我减免吗
2,有什么事
2,我还过呀，钱怎么变多了
2,。
2,要找还一部分，现在没钱
2,一次性换不起
2,能还本金我就还
2,利息太高了，按国家利息来
2,兄弟你谁啊
2,能分期吗
2,少一点
2,利息太高了
2,减免就还
2,你没想过为什么这么高？
2,父母住院
2,我可以先还一部分吗
2,你最近遇到什么事情了
2,可以少一点吗
2,没有钱
2,没那么多钱
2,不减免不会还
2,不碱面不还
2,钱不够
2,不认识
2,我可以先还一部分吗
2,没钱
2,我可以先还一部分吗
2,我还不起这么多
2,还欠很多钱，少点
2,你们利息太高了
2,这个金额太高了；能少点吗
2,减免下来再联系我
2,没钱
2,少点
2,资金不够
2,利息太高了
2,爆我通讯录给个说法
2,我先还一点
2,行了，在忙，等下
2,钱太多了，一次性还不了
2,我欠的多，还不了那么多。
2,金额太高
2,现在没钱可以分期吗
2,可以分期吗
2,我先还这些行吗？
2,你这个是不是高利贷啊
2,你这个是不是高利贷啊
2,为什么有利息这么高
2,朋友说转我后
2,利息高
2,我可以先还一部分
2,发工资处理
2,现在身上钱不够
2,能不能过段时间再还啊，现在没钱
2,我可以分期还吗
2,我跟着就处理，打个折哈
2,太高了
2,能不能分期
2,我又不是不还
2,还不起
2,能不能只还本金
2,我可以先换一部分吗
2,怎么利息这么高
2,我只能还几百
2,太多了还不起可以少还点吗
2,高利贷啊
2,可以只还本金吗
2,减点嘛？
2,暂时没那么多钱
2,我刚从拘留所出来
2,出车祸了，能不能少还一些
2,我只能负担一部分
2,太多了，啊
2,用了，给不起，能少点不
2,金额太高，只还本金行不行
2,只要减免我就还
2,我想还但是你们利息太高了
2,我不知道
2,利息太高了
2,我出了了事情
2,做生意亏本了
2,高利贷
2,利息不承担
2,不合法
2,刚买的号码
2,你们就是高利贷
2,。
2,你们利息太高，我还不起，
2,能处理一部分
2,能不能少点利息
2,我现在没钱，发工资还
2,你是哪的
2,能分期吗
2,先还一点
2,我现在没钱
2,减免就还
2,可以
2,破产了
2,我没折贷款
2,我想办法处理
2,最少还多少
2,没有钱
2,少还点行不
2,没钱
2,有困难
2,发工资的
2,不认识
2,怎么比当时高那么多
2,爱咋咋
2,我现在已经走投无路就这么点帮帮我减一点
2,利息太高
2,孩子要上学用钱，少点
2,我只能还本金，多的不还
2,这个金额太高了；能少点吗
2,减免本金我就还
2,能少点吗
2,我多少还多少
2,没有能力还那么多
2,我可以先还一部分吗
2,占时没钱还
2,我会慢慢还
2,会还的
2,可以少一点么？我实在没钱
2,可以分期还吗？
2,还不起
2,现在困难帮忙减点
2,可以减免吗
2,你不要我还给别的公司了！
2,你这个利息太高了啊
2,你这利息太高了吧
2,我现在投资失败了
2,等家人把钱给我再还
2,不合法吧
2,能减免一点吗
2,工资没发
2,这钱太多了，能不去少还掉
2,可以只还本金吗
2,全额还给几个点的优惠啊
2,少还点行吗
2,还可以少一些吗
2,我可以先还一部分么
2,刚上班
2,能不能少还点
2,当时贷款没说这么高利息
2,我没有钱
2,我先还一部分吧
2,没有那么多
2,可以减免吗
2,多减点儿嘛？
2,能减免吗
2,我做生意失败了
2,父母生病了，钱都治病去了
2,我只能负担欠款的一部分
2,太多了，哈啊哈
2,用了，给不起
2,现在没有钱，能分期吗
2,只要减免我就还
2,我现在困难能帮我减免500吗
2,不清楚
2,可以分期还吗
2,撞人了
2,被人骗了
2,不想还
2,先还一百
2,利息高了
2,你是谁
2,这是抢钱啊
2,？
2,这个钱利息太高了。这个钱能少还点吗
2,过两天发工资处理
2,能不能少还点
2,我现在家庭出现困难
2,能分期吗
2,减免就还
2,等我有钱的
2,减免就还
2,我去申请
2,只还本金
2,你们是抢钱
2,可以不还吗
2,过一段时间在处理
2,分几次还
2,我要分期
2,不想还
2,工程款下来的
2,不认识
2,暂时没那么多钱
2,想减免
2,罚息太高了我要减免掉
2,金额太高
2,常年吃药，少点吧
2,以前有工作人员跟我说过有减免
2,这个金额太高了；能少点吗
2,利息太高，我只还本金
2,不想还
2,没那么多钱
2,我可以先还一点
2,能不能少点
2,有钱就还了
2,我尽量
2,要减免
2,我现在没有工作，拿不出来那么多钱
2,你们的利息太高，还不了。
2,做生意失败
2,现在没有工作还不上减点利息
2,利息太高了
2,那你起诉我吧，我就这点！
2,这个不是分期还款的吗
2,我现在没有那么多钱
2,没有那么多的钱
2,上班挣钱还
2,利息比本来还多
2,只还本金可以吗
2,不还了
2,利息太高了，我现在又困难
2,之前已经还了一半了，能不能减免啊
2,我可以每个月还一点吗
2,改天请你吃饭，打个折晒
2,先还一部分可以吗
2,有没有减免
2,能少还一点么
2,失业了
2,你们帮我把利息减了我就还了
2,能不能减免
2,怎么回事
2,不还了
2,我别家贷款都是只还本金你不可以不就不还了
2,只愿还本金
2,我经济很困难可以先处理一部分吗
2,通融一下，再减点嘛。
2,为什么打我家人电话
2,我欠了好多家银行钱
2,欠的太多了，还不起。减免一些
2,我现在手上没那么多现金，只能先还一部分
2,太多了，哟
2,能少给点不？
2,有没有办法商量
2,只要减免我就还
2,我现在困难能帮我减免1000吗
2,不在乎
2,你们这是怎么收取利息
2,被抓进去关了2年
2,出了一点意外
2,不还了
2,利息减掉就还
2,利息高了
2,不认识
2,霸王条款
2,。
2,利息高
2,减免我就换
2,能不能减免
2,我家人生病
2,少还一点
2,能分期吗
2,不减免不还
2,等我开资的
2,减免就还
2,要一次性全部还清
2,能分期减免吗
2,没钱
2,现在没时间，等我忙完和你联系
2,减免多少
2,过一段时间在处理
2,怎么这么高
2,暂时先处理一部分
2,费用不合理
2,别人欠我钱
2,不认识
2,手头有点紧
2,不还利息
2,利息这么高谁能承受
2,可以分期吗
2,老婆生病经济困难，少点
2,我问过律师了，我是可以只还我应该还的金额
2,这个金额太高了；能少点吗
2,少点
2,征信都黑了还什么还
2,高利贷我只还本金
2,能少点吗
2,忘记了
2,资金链断了，再想办法处理。
2,我生意失败了
2,傻B，操
2,我欠了很多贷款，只能还一部分
2,还本金我就还。
2,网贷太多
2,现在家庭困难还不上这么多减免点
2,金额太多了
2,你们利息太高了，把我的利息免掉在处理！
2,我现在没钱
2,我可以先还一部分吗
2,能不能申请只还本金
2,家里没有这么多
2,利息太高了
2,之前有人骚扰，道歉就还
2,住院了，比较困难
2,你们这钱涨的太快的，我只还本金
2,可以减免多少
2,帮个忙哈，兄弟
2,太多了
2,我可以先还一部分吗
2,等我朋友钱给我的
2,欠款太多
2,减免之后，我就开始还
2,能不能只还本金
2,可以先还一部分吗
2,之前工作人员骂我了
2,能只还本金吗
2,我要减免
2,可以和以前一样分期吗
2,人性点嘛，再扣一点啥。
2,我只还本金
2,父母生病了，花了好多钱
2,财产都被执行了
2,我现在手上没那么多钱，只能先还一部分
2,太多了，我的天
2,我可以不还么
2,一个带孩子不容易，能少点吗
2,只要减免我就还
2,我现在困难能帮我减免1500吗
2,不联系
2,本金多少
2,刚从牢里出来
2,之前联系我的骂我了
2,去起诉吧
2,可不可以少点
2,利息高了
2,你是不是有病
2,我要和你们负责人协商
2,？
2,还不起
2,利息涨太快了
2,能不能不还利息
2,我前一顿时间出车祸了
2,先换一部分
2,能分期吗
2,能不能帮我减免到本金
2,减免就还
2,少也有限何必呢
2,真的没钱，减免点啊
2,没工资
2,现在没钱怎么还
2,能不能减免
2,过一段时间在处理
2,先还一点行不
2,慢慢还可以吧
2,实在困难
2,不认识
2,利息也太高了吧
2,挂断
2,帮帮我，给我减免吧
2,可以先还一部分吗
2,没工作，少点
2,我朋友是搞这一方面的，你直接跟我说最低多少
2,这个金额太高了；能少点吗
2,我借多少还多少
2,你调解下家里穷
2,实在还不了那么多
2,可以分期吗
2,没有工作，等找到工作有钱就还
2,我想想办法
2,现在没钱呀
2,我只还本金，利息给我减掉
2,我拿不出那么多钱。
2,欠钱太多
2,免点利息和你谈
2,我没那么多钱
2,不还了，找平安客服给我打电话！
2,你谁啊
2,这不是分期还款的吗
2,利息太高了
2,能不能减免点
2,先还一点可以吗
2,我现在困难，没钱
2,让人来拿
2,欠了很多钱，慢慢处理
2,除非减免，要不然不还
2,利息少一点我就可以还
2,我抽时间过来，
2,少点吧
2,我希望减免一部分
2,你们不要再给我家人打电话了
2,我赚到钱还
2,家人都不帮
2,能帮我减免多少
2,我觉得你们这个费用不合理
2,少还一点
2,你们不是要起诉的吗
2,我先砸吃饭都是问题没钱还贷款
2,告我去吧
2,利息怎么这么高啊
2,太多了，再减点儿嘛。
2,我现在很困难
2,金额高，能少还点吗
2,离婚带孩子，经济困难
2,我手上没那么多钱，只能先还一部分
2,太多了，晚了
2,我就不给
2,能不能先还一点，剩下的我会慢慢处理
2,只要减免我就还
2,我现在困难能帮我减免2000吗
2,不可以
2,我出了点事
2,欠了很多家
2,打电话总是骚扰我家人
2,去抓我吧
2,利息太高了，减就还
2,利息高了
2,我在高速上
2,能少还一些吗
2,？
2,有钱再还
2,换一部分
2,没有能力承担逾期费用
2,我之前被抓了
2,可以吗
2,能分期吗
2,减免减免
2,半年时间全部换不用减免
2,减免就还
2,可以分期
2,利息太高了
2,没工作
2,我朋友正在存钱
2,可以少还一点吗
2,过一段时间在处理
2,能少点不
2,我暂时没有
2,家里没没粮食了
2,知道了
2,不认识
2,你们高利贷啊
2,分期还
2,这个月工资没发，身上就一点生活费不够我去借给我减免一些
2,只还本金行吗
2,没钱
2,金额太高，我一次性还不了的，你们看着办吧
2,这个金额太高了；能少点吗
2,我还本金
2,还本金这几天还
2,家里经济不好
2,我出事了
2,欠的钱太多了，还不起
2,应该可以吧
2,等有钱
2,你们工作人员态度不好，不给我减免我就不还了
2,可以免掉利息吗？
2,被人坑
2,你减点利息我现在还
2,暂时经济困难
2,哥，帮帮忙，我真的没钱了！
2,管你什么事
2,我能处理自己不会处理吗
2,我现在的能力只能分期
2,家人生病
2,一次处理能少还点吗
2,少还点行吗
2,就不还，你能怎么样
2,想处理，但是身上没钱
2,这样吧，我先处理一部分，剩下的你帮我减免
2,能不能先还本金
2,马上就来解决哈
2,还不了
2,有减免政策吗
2,能少一点我就还
2,我借到就处理
2,能减免吧
2,给我减免分三次还
2,你们给我造成的影响怎么算
2,金额太多
2,我会起诉你们的
2,不是我不还钱在卡里你们不扣还怪我但是利息我不还
2,要分期
2,利息怎么这么高
2,再扣点就马上还。
2,这个是高利贷
2,我可以先还一部份
2,没有工作，没有经济能力
2,我手上没那么多现金，只能先还一部分
2,太多了，完蛋
2,我就不还
2,家里出了事情，这么多钱拿不出来
2,只要减免我就还
2,我现在困难能帮我减免2500吗
2,明白了
2,进监狱了
2,能不能分期还啊
2,我现在要凑钱
2,去起诉吧
2,你们是高利贷啊，只还本金
2,利息高了
2,信号不好，没听清
2,我只还本金
2,？
2,不还
2,家里困难啊
2,先还一部分
2,我现在没钱
2,我不还了
2,能分期吗
2,现在是协商是可以减免的
2,无所谓
2,减免就还
2,帮你申请债务重组
2,你们高利贷啊
2,不缺钱
2,做生意失败了
2,金额接受不了
2,减点行不
2,利息太高不还了
2,你见过我的小熊吗？
2,有时间在说
2,不认识
2,等我有钱处理
2,没有能力
2,我向朋友借钱，我们协商解决，不然不还了
2,我凑不到那么多钱
2,坐牢刚出来
2,按这金额我只能还一部分
2,这个金额太高了；能少点吗
2,家里穷
2,现在没钱
2,我还合法的
2,我只还本金
2,这边还能少点吗
2,凭本事借的，为什么要还
2,好的
2,好了，好了
2,让你们主管找我，给我减成本金，我就考虑还
2,可以把利息减少一点吗？
2,投资失败
2,现在有工作没那么多要求减免
2,本金就可以还
2,这个钱是我父母给的，他们只给这点，处理不了你找他们吧！
2,我都还了那么多了，为什么还没那么多
2,你谁啊
2,工资还没发
2,利息减免了还
2,能少多少
2,一次性处理不了
2,凭本事借的，干嘛要还
2,工程款没下来，没钱处理
2,我前段时间遇到困难了。能不能减免啊
2,利息太高，还钱还没有利息涨的多
2,有钱了一定第一时间处理
2,少还点
2,有没有折扣
2,你们能不能减免啊
2,我在想办法
2,我快被逼疯了
2,不要利息我就还
2,我以前还的怎么算
2,现在没钱
2,骂人
2,我要想办法凑钱能不能少还点
2,骂人
2,我现在很困难可以少还吗
2,给点折扣啥。
2,家里出事了
2,我父母还在住院
2,赌博欠了一屁股债
2,我能先还其中一部分吗？
2,太多了，哇哈哈
2,没有钱
2,遇到事情了，还不了这么多
2,只要减免我就还
2,我现在困难能帮我减免3000吗
2,了解清楚了
2,当时银行卡丢了
2,我只还本金
2,我现在借不到了
2,去起诉吧
2,借多少还多少
2,利息高了
2,你猜我是不是
2,本金能再少吗
2,？
2,不还，利息太高了
2,申请少点吧
2,能不能再商量下
2,我父母过世了
2,钱太多
2,能分期吗
2,减免
2,你们抓我吧
2,减免就还
2,别闹
2,没有减免，不还
2,就是不还
2,会还的
2,金额太高了
2,利息少点
2,我要投诉
2,身上钱没那么多
2,我在忙
2,不认识
2,刚开始工作，没那么多钱
2,还不起
2,我只还本金利息不还
2,我借不到那么多钱
2,利息太高
2,太高了，我是不会还这个金额的
2,这个金额太高了；能少点吗
2,我会还
2,我什么时候有钱什么时候还
2,不合法
2,坐牢了
2,马上处理
2,能少一点吗
2,你们是骗子
2,我现在只有这么多，能减我就还，不能就等我有钱再说吧
2,我有事耽误了，帮我减免。
2,工程款没有下来
2,我父母帮还你减免点
2,想办法去借
2,不减不还！
2,他现在没有这么多钱
2,管你什么事
2,住房公积金取不出来
2,只愿意还本金
2,给我想办法减免一点
2,怎么这么多啊
2,利息高了，如果减免的话请问就处理
2,能减免的话，我就处理
2,还不起，太多了
0,我等会儿处理
0,马上去还
0,我马上处理
0,我等会就处理
0,马上处理
0,发工资
0,我会还
0,发工资的就处理
0,欠多少
0,我还欠多少
0,在准备了。
0,忘记了，现在处理
0,我马上还
0,我等下就还
0,可以，我这周就处理
0,好的
0,我忘记了，等会处理
0,只要减免我就还
0,我待会上APP把钱还了
0,那为什么逾期这么久呢
0,马上就处理
0,知道了
0,我等会就处理
0,等下就还
0,等发工资处理
0,我看下
0,。
0,等会就还
0,我发工资就还
0,我父母过世了
0,现在总共需要处理多少
0,我等会
0,之前没有钱现在有了稍后就处理.
0,我会处理
0,现在没钱
0,就是不还
0,我等会就处理
0,现在还
0,等会处理
0,发工资的
0,不认识
0,等会就处理
0,我等会就处理
0,恩我还啊
0,我等会去处理
0,我等会就处理
0,我等会就处理
0,我忘了，马上处理
0,能少点吗
0,我下班处理
0,马上就处理
0,马上处理
0,能不能减免啊
0,等发工资
0,现在遇到困难，我马上想办法
0,我现在在忙，等下我看一下。
0,等等处理
0,我过两天处理
0,等会处理
0,我现在欠多少啊！
0,知道了
0,知道了
0,你说还有多少
0,我过一个星期处理
0,我等会就处理
0,我等会就处理
0,正在处理
0,我等会见处理
0,我有时间就处理
0,我等会处理
0,我一会看看我的APP
0,等工程款
0,我现在怎么还
0,一周之内
0,我忘记了马上处理
0,本金多少
0,我一会处理掉
0,已经在筹钱了。
0,钱还没到，过几天钱到了就处理
0,钱到账立马还
0,马上给你
0,以前没钱，现在怎么处理
0,只要减免我就还
0,我知道了
0,等下处理
0,等找到工作的
0,你猜我是不是
0,什么时候的事
0,。
0,我发工资就处理
0,我忘了现在就还
0,我回家和父母商量
0,我父母过世了
0,我现在没那么多钱
0,等等处理
0,马上处理
0,等会我就去解决
0,破产还不起了
0,不缺钱
0,等一下
0,马上处理
0,马上
0,不认识
0,我待还还
0,我等会就处理
0,利息太高了
0,立刻去处理
0,我等会就去处理
0,能不能分期啊
0,行
0,给我点时间，我跟家里人凑点
0,去借钱
0,我现在处理
0,我号码换了没法还！
0,我等会就会处理
0,我等会就处理
0,我现在怎么还
0,晚点处理
0,我是忘记还了，怎么操作
0,我发工资了就还
0,我忘记了
0,等发工资
0,我发工资就处理
0,现在多少钱
0,和朋友周转到就处理
0,我尽量一星期处理
0,你帮我看下还欠多少
0,利息多少
0,我这两天处理点
0,等哈哈儿就还哈。
0,发工资了立马处理
0,你给我开个证明，现在就还
0,可以，我这周之内处理
0,等发工资了就还
0,只要减免我就还
0,我没空
0,会还的
0,我现在还没有发工资
0,没钱我也处理不了
0,信号不好，没听清
0,哎呀，我忘了
0,。
0,再给两天时间处理
0,我去朋友那借
0,我父母过世了
0,少还一点
0,稍后处理
0,赌博输了
0,没工作
0,等我下班
0,我现在处理
0,不认识
0,发工资就还
0,等我发工资就处理
0,我等会就处理
0,发工资就还
0,我现在就还，能减免点吗
0,马上还
0,我暂时没那么多
0,等发工资就处理
0,我马上处理
0,我现在没钱，过几天吧。
0,找父母借钱
0,我发了工资就还！
0,忘记了马上处理
0,提供还款方式
0,等工程款下来就会处理
0,等我查询过就处理
0,我手机丢了，现在在哪里还
0,我马上筹钱哈
0,等几天
0,等我有钱的
0,我工程款到位就处理
0,我发工资再处理行吗
0,我要等发工资的
0,能不能过段时间现在没钱
0,可否减免
0,过两天就转哈。
0,我正在向老板预支工资
0,我发了工资就还
0,你来下我这，我给你
0,只要减免我就还
0,什么意思
0,过两天处理
0,账号多少
0,等工程款下来还
0,等发工资处理
0,我在高速上
0,之前手机号不用了
0,？
0,怎么处理
0,我想办法
0,我父母过世了
0,先换一部分
0,等会处理
0,等我下班后处理
0,遇到困难了
0,没工资
0,现在就还
0,现在去银行
0,我跟家人商量
0,大后的
0,不认识
0,我12点还
0,别人欠我的钱要回来马上还
0,我等会就处理
0,借到钱再还
0,手头有点紧在给我两天
0,等发工资处理
0,我知道了
0,好了好了
0,我先还一部分吧，剩下的我再想办法
0,我十五号发工资，到时候还。
0,在去银行
0,一个礼拜还
0,我忘记了没处理！
0,老板跑了，等找到老板钱就还款
0,发工资就处理
0,等我下班就处理
0,我下班还
0,我马上让财务处理
0,搞忘了，等会去
0,我年底就还
0,我在取钱处理
0,等朋友的钱给我的
0,我过几天就还
0,我是**原因没有还，结束后马上还
0,给我分期我现在还得
0,怎么还
0,我一直想处理，APP登录不上了
0,多两天就还哈。
0,我会还的
0,现在还，能给我开个结清证明吗
0,我下了高速就还
0,行，我这周就处理
0,等发工资了就还
0,我等会就处理
0,什么
0,能不能直接扣
0,账号发给我
0,等发工资处理
0,你是不是有病
0,银行卡丢了
0,？
0,我去凑钱
0,我等等就处理
0,我父母过世了
0,我不还了
0,十五号
0,现在处理
0,我吃完饭就去
0,会还，慢慢还
0,没钱
0,我家人帮我还
0,马上转账
0,我只有多少钱
0,不认识
0,去银行路上了
0,我两点还
0,借到钱就还上
0,不好意思，我现在就去处理
0,我等会就处理
0,我下班还
0,怎么还
0,我凑齐就还
0,怎么还
0,十五号发工资
0,我这个月发工资就还
0,我等下
0,我等会处理
0,马上处理
0,等会还
0,我去银行存钱！
0,我过两天还
0,我这两天还
0,我十五号之前处理点
0,在高速上，下来就处理
0,工程款到了，就处理
0,等我有钱就处理
0,我发工资处理
0,好的哈，我改天来
0,着什么急，一会去
0,这个事情肯定会处理好
0,我在等工资
0,卖房子
0,你给我一个账号吧
0,账号多少
0,我怎么还款
0,我正在筹钱，给几天时间
0,我跟家里沟通，给我两天时间
0,我在山上，下山了就还
0,等发工资了就还
0,再等我开完会
0,不清楚
0,怎么还款
0,去那家银行啊
0,我这里问问朋友有没有手机银行
0,现在没钱，有钱肯定还
0,等发工资处理
0,不认识
0,我马上发工资
0,？
0,有时间在处理，现在在忙
0,家里困难肯定会还的
0,我下班就处理
0,我父母过世了
0,钱太多
0,过几天处理
0,我起床就去
0,现在没钱，但是会还的
0,你们是抢钱
0,不认识
0,我三点还
0,申请吧，减免后就还上
0,该怎么还，你给我说下方式
0,我等会就处理
0,我吃完饭就还
0,要还多少钱
0,我会还
0,账号多少
0,正在筹钱
0,朋友转账给我
0,我二号处理
0,发工资还
0,之前有人骂我，让他给我道歉就还！
0,我发工资还
0,发工资就还
0,在山上，现在没有信号，等下山就处理
0,等等就处理
0,现在就处理
0,等我这个月发工资就处理
0,我正准备还
0,欠钱怎么可能不还？
0,我在银行排队
0,在卖车
0,我过几天自己处理
0,我给你一个账号你直接扣款吧
0,给我时间
0,我现在想办法
0,暂时没钱要等发工资
0,逾期多久了
0,可以减免一点利息吗
0,现在不够还的，可以分期吗
0,我朋友已经答应借给我了，给我点时间
0,行，我这周之内处理
0,等发工资了就还
0,一会就好了
0,不明白
0,账号多少
0,怎么还啊
0,可以支付宝吗
0,等发工资就还上了
0,等发工资处理
0,你是谁
0,我回去商量下
0,？
0,我现在上班，没办法处理
0,去存钱
0,我放假就处理
0,我父母过世了
0,我发工资就还
0,家里有人生病，慢慢还
0,我没折贷款
0,已经借钱了马上就可以处理了
0,发工资就还
0,我借点钱就处理
0,不会不还
0,不认识
0,等我忙完就处理
0,发工资还
0,我四点就还
0,OK
0,好的，我知道了，一会就去处理
0,我等会就处理
0,有钱还
0,现在没钱等我十五号发工资就还
0,过几天还
0,一定会还
0,正向朋友借钱
0,我现在去存钱
0,减免还
0,我马上去借钱还进去
0,家人在帮忙筹钱，就这几天
0,我十号处理
0,等朋友钱到账还
0,我发工资还
0,我现在去准备钱
0,在银行排队，到我这下班了
0,发工资处理
0,现在没钱，有钱在处理
0,工程款下来我就处理
0,我立马罗一下资金给还上
0,一会去
0,我正在银行，马上处理
0,马上处理好
0,我在要钱
0,家里拆迁等款
0,我这就借钱处理
0,你怎么才打电话，一直联系不上你们
0,我知道会处理的
0,能申请少还一点吗
0,是么时候还
0,我可以通过别的方式还款吗
0,不急不急，马上就处理了哈。
0,我卖房子还
0,给我账号我现在就去还
0,我爸妈给钱了就还
0,等发工资了就还
0,再等我开完会
0,不了解
0,一定会还
0,我一定会还的
0,现在去借钱处理
0,等发工资处理
0,有什么事
0,怎么还款
0,。
0,等我有空在处理
0,家里帮我换
0,我父母过世了
0,兄弟你谁啊
0,分期
0,工资发了处理
0,哦，忘记了这两天处理吧
0,我可以先还一部分吗
0,好了没有
0,不处理了
0,现在去处理
0,我在筹款
0,不认识
0,立刻处理
0,工程款下来还
0,马上
0,嗯，麻烦把对公账号给我
0,我等会就处理
0,我现在去银行
0,有钱还
0,我会处理的
0,我马上提现
0,借钱
0,我找老板预支工资还给你们
0,正在借钱
0,我等等处理
0,你等会我看一下啊！
0,怎么还
0,现在怎么还
0,钱掉了，也着急在找
0,能少还点吗
0,再筹钱了，大概三两天
0,等休息天我就把钱还了
0,我朋友钱还我我就还
0,没问题的
0,过两天
0,我正在去银行的路上
0,这个怎么还
0,等我下班处理
0,我卡里有钱你扣吧
0,放心
0,怎么联系你
0,你帮我减免到本金我就处理掉
0,钱够了马上还
0,我借到钱就还
0,嗯，年底给你
0,等发工资了就还
0,再等我开完会
0,听不见
0,去哪家银行处理
0,你相信我
0,等下找家里要钱还
0,等发工资处理
0,我在上班
0,把你们账户号给我
0,。
0,不忙了在处理。可好
0,我父母过世了
0,你找他什么事
0,近几天还了
0,和家里商量一下
0,给我几天时间
0,真的没钱，会还的
0,能少点还吗
0,我现在把还款凭证发给你
0,不处理了
0,我去借钱处理
0,我马上处理
0,给我2月
0,下星期5
0,不认识
0,再等一分钟
0,能不能缓缓
0,我发工资了就还
0,我马上就还
0,现在
0,我处理好了就联系你
0,我等会就处理
0,我会还
0,卡里有钱你扣吧
0,有时间还
0,有钱我会还的
0,现在还有多少
0,别联系我家人，我马上处理
0,让朋友处理
0,我货款到账马上就还了
0,之前想还款没有方式
0,我下班处理
0,这个钱不是我借的，他给我钱我在还！
0,我银行卡没来
0,怎么还
0,不好意思，忘了，你说现在还多少
0,朋友钱还没有打过来
0,先还一部分
0,我马上就处理掉
0,等我核实好，立马还
0,好的
0,发工资就还
0,我下班就去还
0,钱被人扣了
0,有时间去处理
0,我等下把卡号发你扣款
0,我现在想办法
0,因为app登不上去了没有还款渠道
0,加微信
0,还像以前银行卡划扣还款吗
0,肯定还
0,工程款下来就还
0,嗯，我不是在赖账，有了就给你
0,等发工资了就还
0,再等我开完会
0,再见
0,现在还欠多少
0,我等发工资了就还
0,我现在问问家里帮我凑钱
0,等发工资处理
0,只愿还本金
0,马上还
0,？
0,现在没时间，去去去
0,我父母过世了
0,钱太多
0,过几天就还
0,我去问朋友借点
0,先出我就看看账单
0,可以分期减免吗
0,这个金额太高了
0,钱刚提现需要时间
0,不处理了
0,我在银行
0,等我发工资的
0,不认识
0,过俩天处理
0,还不上
0,我今晚6点就处理
0,凑到钱就还
0,立刻
0,好的，你给我两天时间我处理
0,我等会就处理
0,我借多少还多少
0,我在吃饭待会就还
0,等等
0,我尽量
0,马上好
0,能减免吗
0,给我点时间
0,好的，现在没空
0,给我两天时间，我自己还进去
0,我有钱了就还。
0,没有人联系
0,我有钱再还！
0,我银行卡掉了怎么还
0,老板家里出了事情，等老板来了钱拿到立马处理
0,我忘了
0,老公回来说他还的，我问问
0,嗯嗯，知道了，我会处理的
0,过段时间处理
1,过段时间嘛
1,没钱
1,我没钱
1,等我发工资的
1,没有钱
1,没钱
1,我工资没到账
1,我忘记了
1,我没贷
1,知道了马上处理
1,没钱
1,没钱
1,现在手头紧，多两天哈？
1,没钱
1,我会还的
1,我现在没钱
1,我现在手上有点紧，过段时间再说吧
1,我没得钱
1,说实话，不愿意还款
1,没有钱
1,我现在没钱
1,没钱
1,现在没钱
1,我没钱
1,凭本事借的为什么要还
1,我子安在没时间
1,没借过这笔钱
1,我不记得了
1,现在没钱
1,我没这欠款
1,有
1,不还钱了。直接起诉吧，
1,没钱
1,我父母过世了
1,行了，我知道，我会还的
1,不还
1,不还了
1,过段时间再说
1,我有钱就还
1,没钱
1,处理不上
1,我现在没钱
1,我现在没有钱
1,没钱
1,我现在没钱
1,没钱现在
1,我没有欠款
1,没钱
1,他说没有欠款
1,不认识
1,我现在没钱
1,没钱
1,我没钱
1,没借过
1,现在没钱
1,我现在没钱
1,我现在没钱；过段时间再说
1,我没有钱
1,没钱
1,我不知道
1,我现在没钱
1,我没有钱
1,没钱还
1,没钱
1,不还
1,没钱
1,我现在没钱。
1,暂时没有钱
1,没钱
1,没钱
1,没钱！
1,我现在没钱
1,我没有欠款
1,现在没钱
1,我现在没有钱
1,没钱
1,我现在没钱
1,没钱
1,我现在没钱
1,我不记得
1,我现在没钱
1,没钱呢
1,失业了
1,过段时间在说
1,又不是不还，又打电话
1,不是我贷款
1,生活困难
1,我工程款没到账
1,我要查询一下是否有这个欠款
1,我忘记了
1,等工程款结了就还
1,没空
1,以后再说
1,没得钱还哦。
1,我没欠钱啊
1,过段时间再说
1,我现在手上有点紧，你过段时间再打来吧
1,不想还
1,不愿意还款
1,利息太高，高利贷
1,等我发工资
1,我有钱了还
1,诈骗公司
1,过段时间
1,凭本事借的为什么要还
1,爱起诉起诉
1,过段时间
1,没有钱
1,没贷过
1,只愿还本金
1,不是我贷的
1,有
1,没钱，现在不处理
1,我不还
1,不知道
1,我父母过世了
1,你找他什么事
1,不还
1,走法律程序
1,你们搞错了吧
1,你们起诉我吧.
1,还不起
1,想处理会自己处理的
1,过段时间再说
1,过时间再说吧
1,不还
1,我现在没钱
1,没发工资
1,我现在没钱
1,不好
1,他说还掉了
1,不认识
1,有时间再说
1,利息高
1,我现在没钱
1,不想还
1,等有钱的
1,你们利息太高了，是高利贷
1,我现在没钱；过段时间再说
1,我就不还了，来告我吧
1,我在高速等会再说
1,你是哪家公司
1,有钱会处理
1,你们利息太高了
1,没工作
1,利息大高
1,你们起诉
1,我凭本事借的钱，凭什么要还
1,我没贷款啊。
1,多会有钱多会还
1,利息高
1,我不欠钱
1,我有钱再还！
1,过段时间再说
1,我已经还掉了
1,就是不想还
1,凭本事借的为什么要还
1,不欠钱
1,过段时间再说
1,吃饭都没钱了
1,过段时间再说
1,我现在有困难
1,过段时间再说
1,我还欠你多少
1,过一阵再说
1,我不欠钱
1,你打电话给我家人，我不还了
1,法院在起诉
1,自己都快养不活了
1,我现在没钱
1,现在没有钱
1,马上
1,我现在没钱
1,银行卡被冻结了
1,不想还
1,我没贷
1,没得还。
1,直接挂断
1,等我有钱肯定还
1,我不欠钱
1,我现在手上没钱，过点时间再说吧
1,你弄死我嘛
1,说实话，不想还款
1,等我有钱了再说
1,等段时间
1,等过两天我就把钱还了
1,来我家拿啊
1,过两天
1,你们利息太高了
1,要上门就赶紧的
1,我不欠钱
1,朋友贷的
1,我在上班
1,你们是抢钱
1,有
1,凭本事借的钱我为什么要还。
1,我不知道这是
1,我父母过世了
1,钱太多
1,不还
1,现在没钱
1,现在没钱
1,我没有办理过
1,有钱我就是不还
1,跟你有关系吗
1,我不欠钱
1,我不欠钱
1,还不起
1,我现在没钱
1,有钱再说
1,过段时间处理
1,走开
1,他说你是诈骗的
1,不认识
1,有钱就处理
1,还不起
1,过段时间在说
1,还不起
1,金额太高
1,我没有在你们那贷款啊
1,我现在没钱；过段时间再说
1,爱怎样就怎样
1,等我工程款下来就还
1,过几天再说
1,过段时间在说
1,我已经还了
1,欠款太多
1,我尽快
1,等有钱
1,我没有借过贷款
1,过段时间再说吧。
1,再说
1,没发工资
1,过段时间再说吧
1,现在资金链断了！
1,我不欠你们钱
1,现在没钱
1,现在是多少，等涨到多少再还
1,利息太高
1,过段期间再说
1,我不欠钱
1,我不欠钱
1,我已经把钱还了啊
1,我不欠钱
1,没时间哈
1,还不起
1,我不会还的
1,什么时候有钱什么时候还
1,多家欠款
1,你起诉吧
1,我什么时候欠你钱了
1,你们这个钱是不合法的
1,在银行
1,我有钱就还了
1,现在欠了几十万以后会还的
1,你来拿啊
1,有钱再处理
1,没得门。
1,遇到困难，给半年时间处理
1,到过年的吧
1,不是我贷的
1,我现在手上没钱，你过段时间再打来吧
1,你打死我嘛
1,说实话，不想给
1,我不欠钱，你打错了
1,在等几天
1,我待会忙完就去把钱还了
1,就是不还你们爱咋的就咋地
1,我在哪的欠款
1,我没工作
1,来我家就砍死你
1,神经病吧
1,有钱再说
1,等有钱了再说
1,有什么事
1,没钱
1,有
1,你们给我借的，我不还了。
1,过几天
1,我被骗的
1,我父母过世了
1,兄弟你谁啊
1,不还
1,你帮我处理
1,我在新疆没回家
1,不知道啊
1,没钱怎么还
1,我不想还
1,有钱就还
1,你告我吧
1,我现在没钱
1,过段时间再说
1,我没钱
1,我不欠
1,他说不还了
1,不认识
1,我没欠啊
1,高利贷
1,我不欠钱
1,待会就说
1,高利贷，不还
1,你打错了吧，我没借过钱
1,我现在没钱；过段时间再说
1,老子就不还了
1,工资一直拖着，等发工资就还
1,现在没钱
1,我没借过
1,你们起诉吧
1,只还本金
1,有钱就还
1,让朋友还
1,我早就还完了
1,现在忙，没时间。
1,过段时间
1,投资失败
1,我没贷款
1,家里某某出事了，现在没钱！
1,我没有欠款
1,多段时间再说
1,我有钱，就是不还
1,不是我贷的
1,发工资还
1,7月份工程款下来还
1,帮朋友借的，你向我朋友要去
1,能给我几天时间吗
1,什么时候的事
1,最近忙
1,我没欠
1,我暂时不还
1,我要投诉你们
1,等有钱处理
1,我又不该罪，你报警啊
1,我没有贷款
1,直接起诉吧
1,在高速
1,我已经逾期了不还了
1,凭本事借的
1,该怎么办就怎么办吧
1,哪个欠了你的钱嘛？
1,你们有人威胁我
1,你们老打我联系人我就不还
1,我身份证银行卡丢了
1,我现在没钱，过点时间再说吧
1,你报警嘛
1,说实话，不还款了
1,别人借的
1,等我发工资
1,我在山里
1,我没空
1,不是都还了吗
1,我不在乎征信
1,我就是不还怎么样
1,我不欠钱
1,等下再说，现在忙
1,别人拿我身份证办的
1,不认识
1,没工作
1,也挺
1,我无父无母，不需要还钱
1,我在忙等会打我电话
1,朋友借的
1,我父母过世了
1,钱太多
1,不还
1,我不欠钱
1,等会打
1,什么东西啊
1,年底我一次性结清
1,会还，需要3年
1,让法院找我
1,你起诉吧
1,我现在没钱
1,过几天再说
1,借不到
1,早还了
1,他说过两天的
1,不认识
1,过段时间再说
1,诈骗
1,我只是这段时间资金短缺
1,不还你咬我啊
1,不上征信不还
1,等我有钱了就还
1,我现在没钱；过段时间再说
1,老子没钱还，就想坐牢
1,现在没工作
1,我不欠
1,什么欠款
1,过段时间
1,等有钱再还
1,过段时间就还
1,不是我借的
1,我有钱了再说
1,过两天再说。
1,钱网贷太多还不过来
1,工程款没下来
1,朋友帮贷的
1,我欠的太多了，你来起诉我吧！
1,我已经还了啊
1,现在资金周转困难等我缓过来再还
1,你来抓我啊
1,我身份证和银行卡掉了，是别人办的
1,有钱再说
1,朋友欠我钱
1,我忘记了
1,我现在吃饭都成问题
1,什么时候借的，
1,空了说
1,你打错了
1,你打错了
1,等我朋友钱给我的
1,傻逼我借干嘛要还
1,过段时间再说
1,我要找上一次联系我的那个人
1,在山里
1,你们是高利贷
1,忘记了我去看看
1,利息高
1,你去起诉我吧
1,哪个说的？
1,我不知道啊
1,你们干嘛给我爸联系
1,高利贷
1,我现在没钱，你过段时间再打来吧
1,来撒
1,不想还款
1,我身份证丢了，我不知道
1,等我发工资
1,我在高速上
1,不明白
1,上个工作人员骂人
1,你爱起诉起诉
1,你们利息太高了
1,我不欠钱
1,欠钱管你什么事？我就不还
1,我不记得了
1,信号不好，没听清
1,现在困难
1,不
1,过段时间再处理吧，
1,有钱就还
1,我父母过世了
1,我不还了
1,不还
1,过段时间在说
1,神经病吧
1,我不知道这事
1,赌博输了
1,找我律师
1,还没有发工资
1,你来抓我吧
1,过几个月在说吧
1,等我有钱
1,你借我啊
1,别烦我
1,他说发工资的
1,不认识
1,不欠钱
1,通融一下
1,你能怎么着我
1,起诉我啊
1,可能需要一段时间，到时候我联系你
1,我现在没钱；过段时间再说
1,等我中彩票再还
1,在银行排队存钱呢
1,有钱再说
1,凭本事借的欠为什么要还
1,不还了
1,等会再打过来
1,我没贷
1,我不相信你们
1,我现在没工作，没钱还
1,最近有事情，没时间。
1,欠钱太多还不过来
1,朋友借钱还没还
1,不知道这个事
1,我信息被被人盗取了，这钱不是我借的！
1,知道了
1,知道了
1,我在哪里，有本事你来拿
1,现在还不起，有钱还
1,不是我弄的
1,找到工作了在还
1,在外面要债
1,不是本人
1,我没有办过贷款啊
1,我朋友借的，我不懂
1,最近生意亏了
1,不知道啊
1,我很忙，以后再打吧
1,工程款还没下来
1,我没有能力
1,我没想过要还款
1,我有钱就自己还
1,破产了，没有办法还了
1,在医院
1,我有钱在处理
1,朋友用我证件办的等我朋友还钱我就还
1,太麻烦
1,我就是不还了
1,晓不得哦，没有欠哦。
1,我会还的，不要打我电话，要不然投诉
1,老是发骚扰短信，侮辱
1,你们骂我了，不处理好我就不还
1,我没钱，怎么还？
1,过来撒
1,不想给你们
1,上法院起诉我吧
1,等我发工资
1,我在海上
1,不了解
1,你们利息太高了
1,要上门就赶紧的
1,我现在没有钱
1,我不欠钱
1,你们是高利贷，我不还
1,我不记得了
1,我爷爷死了，等几天
1,过去了
1,我父母过世了
1,先换一部分
1,不还
1,过几天的
1,你们是诈骗的吧
1,我没借过钱啊
1,有生意亏了
1,现在没钱
1,就是不还
1,过几个月在说吧
1,发了工资再说
1,骗子
1,别巴巴拉拉的
1,他说不还了
1,不认识
1,我现在忙，等会在打过来
1,还清了
1,我生意赔大了最近没法还
1,滚
1,上门啊
1,你等我想想再回复你
1,我现在没钱；过段时间再说
1,坐牢就还
1,想还再还
1,暂时没上班
1,我在哪里的欠款
1,在开会
1,身份证掉了
1,骂人
1,我贷款太多了，现在没钱还
1,这是我朋友贷的，我不还。
1,有嘛
1,公司倒闭
1,不要打电话给我
1,号码是我刚办的....
1,好的
1,好的
1,要钱没有，要命一条
1,债务人死了
1,别人弄的，
1,我没上班，现在没钱
1,我不是还了吗
1,等我有钱再说
1,我不知道你再说什么
1,没钱还
1,饭都吃不起了
1,什么时候欠的
1,饭都吃不起了
1,父母都不管我了
1,你们抓我吧
1,生病，实在没钱
1,不是我借的为什么要还
1,别人欠钱我的钱要回来就还了
1,我自己本事借的钱为什么要还
1,我还完了你为什么还打我电话
1,不会还
1,别人拿我身份证贷的，为什么要我还
1,认都认不倒你，哪个借了你的钱嘛！
1,关你什么事啊
1,昨天说还的，干嘛还联系我家人
1,凭本事借的，为什么要还
1,我不欠钱啊，什么钱？
1,快些撒
1,就是不想给你
1,上法院起诉我吧
1,等我发工资
1,我在国外
1,不清楚
1,等有钱就还
1,来我家就砍死你
1,过段时间再说
1,我不欠钱
1,当时没借那么多
1,我不记得了
1,你猜我是不是
1,我不缺钱，分分钟几百万
1,不写
1,没办法处理，
1,以后再说
1,我父母过世了
1,我现在没那么多钱
1,不还
1,没有欠款
1,十五号联系我
1,不处理了
1,我也是被骗了
1,家里最近出了点事
1,还没有工作
1,我不欠钱
1,过几个月在说吧
1,我不欠钱
1,再打投诉
1,滚开不还
1,他说不处理了
1,不认识
1,我在开会，等会再说
1,被人骗了
1,我离婚了身无分文
1,有多远死多远
1,你过来我还给你
1,你等我打客服问问再说
1,我现在没钱；过段时间再说
1,来抓我
1,手头有点紧
1,知道了
1,等我有钱再说
1,工作人员态度不好
1,在开车
1,手机掉了
1,慢慢还
1,我就不还了，随便你们怎么办
1,我身份证丢了，没贷款。
1,不是我借
1,贷款有意见
1,没有工作
1,来抓我吧！
1,这两天吧
1,这两天吧
1,随便你，想怎么办就怎么办
1,等我中彩票就还
1,我不会还的
1,利息太高，不还
1,等我有钱再说
1,不想处理
1,钱不好挣啊
1,最近手头紧
1,能再借一点吗
1,在很多家都有欠款
1,我年纪大了，不还了
1,等等吧！我什么时候中大奖500万的
1,我凭本事贷款为什么要还
1,工程结束，结了工程款就还
1,有时间就处理
1,你们不是要起诉我的吗
1,没钱有钱早还了
1,还没借到钱
1,我凭本事贷的，为什么要还
1,别找我。龟儿子欠你的钱。
1,你们起诉我吧
1,随你怎么办
1,等有钱了就还
1,过段时间再说
1,一直不来吗
1,我就赖账了，咋地
1,上法院起诉我吧
1,真没钱
1,我在住院
1,听不见
1,你说什么
1,放狗咬你
1,我不欠钱
1,我不欠钱
1,为什么要还
1,我不记得了
1,刚买的号码
1,我贷了这么多，缺你这一家？
1,不知道
1,你来告我吧
1,我年底还
1,我父母过世了
1,现在总共需要处理多少
1,不还
1,我欠你钱吗
1,没有钱
1,我是帮朋友贷的
1,没钱不还了，
1,借不到钱
1,现在没钱
1,过几个月在说吧
1,我以前还了
1,工资没法
1,凭本事借的为什么要还
1,他说有钱在说
1,不认识
1,我家很穷，身体还不好，能不能有点同情心
1,不相信
1,我一年没有工作了没工资吃饭钱都没有
1,我现在不方便接
1,开口骂
1,你们是骗子吧
1,我现在没钱；过段时间再说
1,来上门
1,我早就还了
1,让其客服打电话要
1,你这是高利贷
1,你说什么
1,在高速上
1,知道了
1,现在没空
1,你们来找我我就还
1,有钱再说吧。
1,借给朋友用的
1,现在没钱
1,还不起
1,你们打电话把我工作弄没了现在没钱！
1,嗯嗯
1,嗯嗯
1,说了不还能怎么样
1,被人骗的，已经报警了
1,起诉我吧
1,能减免吗
1,身上没钱，有钱再说
1,我知道了，我会还的
1,以后再说吧
1,缺钱啊
1,钱不够
1,我都没钱，怎么还
1,我现在没工作
1,身体不好
1,不要给我打电话，等过两年自己会还
1,我又不欠你钱
1,你从卡里扣就行了
1,发工资就处理
1,你们给我家人打电话了不还了
1,银行卡丢了
1,骂人
1,我现在生活都困难，怎么还
1,你是哪个，没跟你借哈。
1,你来我这我就还
1,你嗯呢给我道歉
1,我要先还别的贷款
1,过段时间再说吧
1,来来来
1,我就赖账了，咋地？我就赖账了，咋地？我就赖账了，咋地？
1,上法院起诉我吧
1,等我发工资
1,我在去银行的路上
1,听不清
1,不还了
1,我就是不还钱
1,我就还去报警抓我啊
1,我不欠钱
1,凭本事借的钱我凭什么要还
1,我不记得了
1,我在高速上
1,不要打我电话，没用的
1,不知道
1,没钱
1,我现在没钱
1,我父母过世了
1,过段时间
1,不还
1,不处理了
1,额知道了
1,过段时间在说
1,为什么骚扰我家人
1,工程款没收回
1,已经想办法了
1,等有钱在还
1,我没有欠钱啊
1,不知道
1,等等我自己查看看
1,去你的滚你谁啊
1,他说去银行了
1,不认识
1,没工作
1,不还了
1,以前一直在还就这个月遇到点事
1,有钱再说
1,你想怎处理就怎处理
1,你们是不是有病啊
1,我现在没钱；过段时间再说
1,来找我
1,卡里有钱你们不扣怪谁
1,谁用找谁
1,只还本金然后人失踪了
1,敷衍
1,在去银行的路上
1,你来拿吧
1,有钱再说
1,有本事你们报警啊，让警察找我要
1,别打电话了，有钱我再还。
1,钱没有收到
1,忘了现在没钱
1,随你们怎么弄
1,我有钱就是不还怎么了！（没钱装逼的）
1,我尽快
1,我尽快
1,现在要还的太多，没钱
1,坐牢刚出来，等我上班再还
1,你告我吧
1,我去借
1,能再贷点吗
1,没借过这个钱
1,等我有空就处理
1,你们该怎么办，怎么办吧
3,听不见
3,不知道
3,我在开会
3,我明天吧
3,我去筹备一下
3,等等
3,听不见
3,你挂了电话，我现在还钱
3,等会打过来
3,我在开会
3,发工资就还
3,可能
3,听不清
3,晓不得喃？
3,什么？信号不好
3,声音大点
3,我在开会，等下再说吧
3,什么？听不太清
3,听不到
3,这儿信号差，听不清楚
3,我去核实一下
3,我听不见
3,我在山里信号不好
3,没诚意
3,上方有答案
3,你说什么
3,我听不清楚
3,我听不清
3,等下再说
3,我在上班等等再说
3,在忙，待会回你电话
3,嗯
3,不说的
3,不好意思。现在没空
3,过两天再说
3,信号不好
3,我听不清
3,我现在很忙
3,听不见
3,你什么时候处理
3,我这边信号不好
3,我有钱就还.
3,我听不清
3,有钱就还
3,我听不清
3,我听不清
3,听不见
3,等一下在联系
3,听不清
3,我自己记不得了
3,现在我点忙
3,听不清
3,不认识
3,我骑车呢，不方便接电话
3,明天
3,我听不清
3,你猜我还不还
3,我听不清
3,我会还的，等我有钱了
3,我听不见；在开车；能等会打吗
3,我听不清
3,我在开会
3,不知道
3,稍后联系
3,马上处理
3,家人正在帮忙筹钱
3,欠多少钱
3,在忙
3,我在高速上，挂了啊
3,最近没有钱。
3,工资还没有发
3,最近没钱
3,听不清楚
3,我上APP看一下啊！
3,我听不清
3,知道了
3,过一段时间会处理的
3,手机信号不好，听不清
3,我听不到
3,我听不清
3,你是谁
3,我听不清
3,等我有空的
3,我听不清楚
3,大声点
3,听不清
3,我现在很忙
3,等我有空的
3,我看老板能不能支点出来
3,资金周转开的
3,我在开会，等下再联系
3,我让**给我还一下
3,多少欠款
3,知道了
3,我现在在上班下班回电话给你
3,不一定
3,我在忙
3,啥子事情喃？
3,在上班，我下班你再打我电话
3,等会我再开会
3,信号不好
3,什么？听不太清楚
3,看不到
3,我在忙，你等下再打来
3,我不知道，忘记了
3,听不清
3,我在船上信号不好
3,再见
3,有答案
3,听不清楚
3,我在开会
3,在开会
3,发工资再说
3,开车在路上不方便
3,我在高速上
3,我知道了
3,不说话
3,你好。我这边太吵。听不清
3,我在忙
3,听不懂
3,在开会
3,你们利息也太高了
3,听不见
3,你明天处理吗
3,我这边很吵
3,过几天就处理.
3,分太大
3,在开会
3,在开会
3,你那边信号不好
3,信号不好
3,等一下在联系
3,你再说一遍
3,我在开车
3,我在上班
3,在开会
3,不认识
3,我听不清
3,后天
3,在开会
3,等以后有钱的
3,在开会，待会打给你
3,我现在忙，等会再说
3,我听不见；在开车；能等会打吗
3,在开会，我等一下回电话给你
3,信号不好
3,开会
3,在上班下班联系你
3,在银行
3,正在想办法
3,等等联系你
3,等下说
3,你是骗子吧
3,刚上班，还没发工资。
3,工程款还没有发
3,家里出事没钱
3,再开会
3,我忘记还有这欠款了！
3,我在开会你等会打=打来
3,我在忙等会回你
3,现在有事，没办法处理
3,好几个月没发工资没钱
3,你等会打过来
3,在开会你等会打来
3,我什么借的
3,在开车，等会打过来
3,等我发工资的
3,你在说什么
3,等会打
3,不方便接听
3,我在开车
3,工资还没发
3,去贷点款处理
3,现在没有，等有的
3,你那边有点吵啊
3,朋友转过来就还上
3,知道了
3,会处理
3,现在没钱先处理部分
3,大概
3,我在开会
3,你是哪个喃？
3,我现在很忙
3,你能那边怎么那么吵
3,我知道了
3,什么？我听不清楚
3,记不得啊
3,我在忙，你过会儿再打来
3,我再开车，等会打我电话
3,我听不见
3,你说什么我听不清
3,听不见
3,有
3,我在开会
3,有
3,你等会
3,晚上再说
3,等我忙完的
3,刚买的号码
3,我看下
3,生日了
3,我目前在开会，待会再说，
3,我不知道这笔欠款
3,在开车
3,我听不清
3,过段时间
3,听不见
3,你后天处理吗
3,我在开会
3,在说吧
3,阳光好好
3,听不清
3,你等会打来
3,电话有杂音
3,说什么
3,等一下在联系
3,你猜
3,我在高速
3,我在睡觉
3,有事
3,不认识
3,在开车，等会再打过来
3,过两天
3,你等会打来在开车
3,现在还不起
3,会处理，但现在没钱
3,我在开车，等会再说
3,我听不见；在开车；能等会打吗
3,我在高速上
3,你电话有问题吧
3,我看看
3,开完会再说
3,我没有钱
3,借不到钱，想处理
3,我在忙
3,好的
3,你再打我电话我就投诉你
3,醉驾刚出来，想办法周转
3,工地几个月才发工资
3,没钱
3,又不是不还
3,哦，知道了！
3,你说什么
3,你说什么
3,等等你在打来
3,上班不方便接电话
3,我在开会
3,知道了
3,利息太高了
3,我现在再忙，等会打过来
3,这个星期我就处理
3,不知道
3,在开会
3,不认识
3,我在等发工资
3,朋友钱还没给我
3,朋友说借我
3,我会还
3,等发工资的我自己处理
3,你给我一个对公账户
3,之前没钱
3,你先给我利息减免了在说
3,银行卡被冻结了过几天解封就还
3,也许
3,我在吃饭
3,啥子喃？
3,我也想还，但我现在真的很困难
3,下午给我联系吧
3,我会处理的
3,什么？信号不好，听不清
3,一会说
3,我在忙，你过一小时再打来
3,我在开会，等会的
3,听不清
3,你那边是不是信号不好
3,不知道
3,在忙
3,我旁边有人
3,有
3,我听不清
3,下班再说
3,我现在有事
3,你猜我是不是
3,哦
3,生日快乐生气了
3,下班以后再联系，
3,我自己还吧不用麻烦你
3,在开会
3,我听不清
3,现在总共需要处理多少
3,听不见
3,你1号处理吗
3,我在开车
3,等几天吧
3,真凉快
3,在山上
3,过两分钟打来
3,我在开会等等再打来
3,再说一遍
3,不要打我电话，我会的
3,电梯里信号不好
3,我在开会
3,我在国外
3,在忙
3,不认识
3,我在上班
3,15号
3,我现在在上班不方便
3,知道了
3,不是恶意拖欠，有钱就还了
3,你等我了解下我再跟你联系
3,我听不见；在开车；能等会打吗
3,不要烦我
3,你说什么
3,下班再说
3,等我下高速的
3,我已经还了
3,在开会
3,我在开车
3,我想想
3,你这个号码打过来怎么是显示骚扰电话
3,坐牢出来，没钱。
3,有钱了就还
3,坐牢才出来
3,等有空还
3,我现在忙，等会联系我！
3,好的
3,好的
3,明天看看怎么还
3,上夜班，在睡觉。等有空联系
3,我在开车
3,好就这样
3,我再开车
3,利息太高了，能不能只还本金
3,我在开会，等会再说
3,不懂
3,在开车
3,说啥呢
3,我要吃饭
3,我在忙
3,我想法子
3,你不要打电话让客服来电
3,有钱我就还了
3,我正在去银行的路上
3,还有其他债务
3,你们把之前打我通讯录的人找出来
3,有一个工程款要结有钱了立马还
3,看情况
3,我先洗个澡
3,你说啥子喃？
3,我知道了
3,信号太差了
3,不要急
3,什么？信号不好，听不清楚
3,明天说
3,我在忙，你明天再打来
3,我晚上回去下载看看
3,听不清
3,我这边信号不好
3,滚
3,你说什么
3,你等会再打
3,有
3,我听不清
3,下个月再说
3,等我忙完的
3,我明天处理
3,好的
3,摩托
3,不好意思，我在上班，
3,明天再说
3,放假再说
3,我听不清
3,先换一部分
3,听不见
3,你2好处理吗
3,我这边下雨
3,在看看吧
3,我饿了
3,在国外了，回国再说
3,过三分钟打来
3,下班再聊吧
3,你谁啊
3,不要打我电话，我会的
3,干嘛告诉你
3,不方便接电话
3,我在学校
3,听不见
3,不认识
3,我在开会
3,20号
3,我现在很忙
3,听不清
3,没钱
3,你说的我没印象啊，等我核实下
3,我听不见；在开车；能等会打吗
3,你去问他
3,在忙等会再打来
3,我在山上
3,我先查看下
3,敷衍
3,开车呢，待会再打
3,我在开会
3,没钱
3,我在上班，下班再说
3,我现在忙，没时间。
3,我没有说我不还
3,孩子上学没钱
3,等会打来
3,我在开会，不能接电话！
3,我尽快
3,我尽快
3,我现在手机丢了
3,老板钱没拿到，不确定什么发工资
3,我在外面不放便
3,你说什么
3,我再银行
3,信号不好，听不见
3,我在开车，晚上你在打过来
3,在开会
3,在吃饭
3,有啥子事
3,我在外地
3,一会给你回电
3,没有能力
3,等我朋友借钱给我
3,在忙，你发个信息给我
3,我提现到账就处理
3,过几天看看
3,我想还只是现在没钱
3,卡里有钱但是你们没扣我也没有办法还
3,我想想
3,你声音大一点
3,啥事喃？
3,我自己处理，不要你管
3,我在高速上，下高速再打
3,我要搞清楚再说
3,什么？信号不好，我听不清楚
3,后天说
3,我在忙，你后天再打来
3,我晚上回去下载看看
3,听不清
3,风太大我听不清
3,再见
3,没空
3,你说什么事情
3,有
3,我听不清
3,你猜
3,等我忙完的
3,信号不好，没听清
3,我懂
3,不开心
3,有空再联系。我现在忙
3,后天打我电话
3,年底再说
3,我听不清
3,我现在没那么多钱
3,听不见
3,你3号处理吗
3,我这边打雷了等会打来
3,喂喂.说话啊
3,我困了
3,不要说了，有钱能不还吗
3,过十分钟打来
3,现在在开车不方便接电话
3,干嘛
3,不要打我电话，我会的
3,你是谁呀
3,听不清
3,听不清
3,手机坏了
3,不认识
3,等下再说
3,月底
3,我在睡觉太累了
3,我想还就还
3,等有钱的
3,我不是不想还，只是需要点时间
3,我听不见；在开车；能等会打吗
3,不要骚扰我
3,我现在在上班不方便接电话
3,有时间找我
3,我等会去看下
3,等会
3,在高速上回家才能处理
3,知道了
3,只还本金
3,在开会，晚点联系你
3,信号不好，听不见。
3,等等在打
3,母亲住院没钱
3,不方便
3,我去问一下有没有人愿意借给我！
3,嗯嗯
3,嗯嗯
3,APP登录不上
3,我在开车，等会我打电话给你
3,晚点说行吗
3,听不见
3,我再上班
3,我在开车，等会打过来
3,我在忙，等会打给你
3,在培训
3,马上进地下室
3,说什么呢
3,这里的风景真好
3,等我有钱的
3,我只还本金
3,时间说不好，总之会还
3,在忙你加下我微信吧
3,我去找朋友借钱处理
3,下个月看看
3,等我发工资在说
3,知道了下班就处理
3,考虑一下
3,你那边信号不好
3,听不倒喃？
3,有钱就还
3,我这边信号差
3,我去想想办法
3,什么？我听不太清
3,大后天说
3,我在忙，你下周再打来
3,我晚上回去下载看看
3,听不清
3,我在马路上听不清
3,你死一边去
3,不知道
3,忘了
3,有
3,我听不清
3,你说了算
3,等我忙完的
3,不认识
3,行
3,有
3,我现在在医院，没空
3,下星期一协商
3,我去问问朋友
3,我听不清
3,兄弟你谁啊
3,听不见
3,你4号处理吗
3,我在上课
3,信号不好
3,这里有饭要吃吗
3,工程款下来就能还了
3,过四分钟打来
3,现在在吃饭一家人都在等等联系你
3,在开车
3,不要打我电话，我会的
3,开车不方便
3,你找谁
3,你说啥？？我不办贷款
3,不还了
3,不认识
3,有钱会处理的
3,发工资
3,我在吃饭太吵了餐厅
3,不想还就不还
3,放心
3,都跟你们公司说过了，会还的
3,我听不见；在开车；能等会打吗
3,你们干嘛
3,别打了烦死
3,听不懂
3,我忘记了
3,在银行
3,在出差无法还款
3,等发工资
3,在开车
3,你这是什么电话打过来的
3,风太大，听不清。
3,在开车
3,父亲住院没钱
3,知道了
3,我现在在上班，等下班再说！
3,这两天
3,这两天
3,卡丢了
3,我现在在外地，等回去的
3,明天联系我吧
3,信号不好
3,不方便，不能接电
3,工资还没发了
3,好了，我知道了，我会处理的
3,网络不好
3,马上进电梯了
3,不了解情况
3,成都欢迎您
3,过段时间吧
3,我把钱转给客服
3,妈的，说会还的，不要在给我打
3,工程款下来就还了
3,等放假我回家处理
3,三个月
3,我过班小时会电话给你
3,现在在开车明天我会还一部分的
3,暂时没有
3,我这边信号不好
3,断断续续的喃？
3,月底处理
3,现在有事，晚上联系
3,我问问家里
3,什么？信号不好，我听不太清
3,下月说
3,我在忙，你下个月再打来
3,我晚上回去下载看看
3,听不清
3,我在开会呢
3,不处理
3,听不清
3,你是不是骗子
3,有
3,我听不清
3,管你什么事？
3,等我忙完的
3,有什么事
3,等等
3,不开心
3,我现在在做车，太吵了
3,月底吧
3,我去借钱
3,在开会
3,你找他什么事
3,听不见
3,你5号处理吗
3,我上夜班在休息，晚上联系我
3,上班不能玩手机
3,小姐姐你吃过没
3,有病吧，我欠钱关你何事
3,过半小时打来
3,现在很忙
3,在开会
3,不要打我电话，我会的
3,风太大
3,我不是xx
3,我不买房
3,已经换了
3,不认识
3,信号不好，再说一遍
3,尽量
3,我在处理一些事情稍等
3,再说吧
3,过一段时间
3,你等我打客服问下再说
3,我听不见；在开车；能等会打吗
3,上班
3,再打我投诉你
3,你来我这拿
3,马上去处理
3,马上就好
3,钱是借给别人用的，等他钱还我了再还。
3,别人还没还我钱了
3,等月底
3,你那边信号不好吧，断断续续的
3,你那边太吵了，听不见。
3,不正面回答
3,自己住院没钱
3,不要打电话了
3,不讲话！
3,有钱就会处理
3,有钱会处理的
3,身份证挂失还没拿来
3,我现在在高速，等下高速
3,我打客服问问
3,好的
3,再医院
3,现在身上没钱处理
3,你在说什么听不见
3,信号不好
3,在外面太吵了
3,不方便一会打给你
3,啊，五环，你比四环多一环
3,又不是不还
3,现在没有钱
3,你谁啊！我不跟第三方联系
3,我找我朋友借点看看
3,等我补回来身份证处理
3,听不清
3,我想办法
3,现在有事等会再打我电话
3,等等
3,我想还没有钱
3,讲啥子喃？
3,我还款时候联系你
3,干嘛还打，不是说过了吗
3,我去查查借款记录
3,草泥马
3,下下月说
3,我在忙，你还是别打来了
3,我晚上回去下载看看
3,听不清
3,我在忙呢
3,没钱
3,信号不好
3,我没欠钱
3,有
3,我听不清
3,有钱就还
3,等我忙完的
3,我在上班
3,一会儿说
3,不想接
3,我都听不见。你说啥
3,我在忙
3,待会联系
3,在开会
3,钱太多
3,听不见
3,你6号处理吗
3,我在外地出差
3,在开会
3,你上班累不
3,现在在高速，过两天处理
3,过四十分钟打来
3,你说话声音大一点
3,在车上
3,在银行路上
3,我在开会
3,这边太吵
3,我钱多的是马上回去就还
3,不知道
3,不认识
3,外面打雷了，听不清
3,下个月
3,我在医院我母亲生病
3,不还会怎么样
3,信号不好
3,可能需要一段时间，到时候我联系你
3,我听不见；在开车；能等会打吗
3,开会
3,滚
3,恩
3,等会去银行存
3,我在开会
3,别人钱我钱，正在要钱
3,我欠了好多
3,借钱再去还
3,我听不懂你在说什么
3,我在开车，稍后再打。
3,暂时没有工作上班的
3,没工作没钱
3,又不是不还
3,我做生意失败了，现在在找工作！
3,挂断
3,挂断
3,办理不了转账
3,在山上，等下山处理
3,说什么
3,明天打给我
3,山里信号不好
3,在见客户等会再打过来
3,我有钱了肯定会处理
3,等下班再说
3,在参加节目
3,不清楚
3,啊，五环，你比六环少一环
3,不要给我打电话了我自己会处理的
3,人家没有还
3,明天给我来电话
3,过几天就还了
3,下个月处理
3,在开会
3,说自己欠钱太多
3,绑定的卡丢了我会重新办张卡的
3,骂人
3,你等会再打给我
3,没得哦？
3,哦，我马上还
3,不要打了有钱就还
3,我明天去查银行流水
3,操你妈
3,明年说
3,我在忙
3,我晚上回去下载看看
3,听不清
3,我现在有事啊我待会回给你
3,有钱也不还
3,谁啊
3,不要打过来
3,有
3,我听不清
3,明天再说
3,等我忙完的
3,现在没钱
3,等我忙完
3,不知道
3,信号已经是空气了。听不见
3,在开会
3,我知道了
3,在开会
3,现在总共需要处理多少
3,听不见
3,你7号处理吗
3,现在有点事
3,有事等会说
3,要不我们聊聊别的
3,有事先挂了
3,明天打来
3,不知道
3,听不清楚
3,在银行路上
3,干嘛告诉你
3,不太懂
3,有点困难
3,我有事
3,不认识
3,你说什么
3,年前结清
3,我在工地不方便接听
3,现在没钱
3,听不清
3,嗯，我知道了
3,我听不见；在开车；能等会打吗
3,等一下联系
3,不知道
3,知道了
3,让客服联系我
3,等会来电
3,家里车房子正在拍卖
3,能不能少点啊
3,没工作，以后再说
3,我现在在山里，等我回城里再说
3,家里有事，暂时没钱。
3,不知道能不能借到钱
3,家里穷
3,忙了
3,直接挂！
3,你等会再打吧
3,你等会再打吧
3,离银行有点远
3,雨下太大，没法去处理
3,知道了
3,现在很忙，下午打给我
3,回来再说
3,在吃饭，等会再打过来
3,信号不好，你说什么
3,月底再给你回信息，现在忙
