label,split_text,classifier,new_label,comment,uncertain,name,criterion
0,2个月利息加滞纳金都有3千了吗？,ConfirmLoan,0,,,sr,
1,2万，我是差那2万的人，我觉得你在侮辱我,ConfirmLoan,0,,,sr,
1,2万多吗，我怎么记得只有5000，你再好好看看，是不是弄错了,ConfirmLoan,0,,,sr,
0,app崩溃了，我试了，还不起,ConfirmLoan,0,,,sr,
0,阿拉小得了,ConfirmLoan,0,,,sr,
0,啊！这么多啊！,ConfirmLoan,0,,,sr,
0,啊，已经有2万3了么,ConfirmLoan,0,,,sr,
0,哎，别打了，我没钱还你们,ConfirmLoan,0,,,sr,
0,哎呀，最近太忙了，搞忘了，不好意思,ConfirmLoan,0,,,sr,
0,俺爹把钱借去了,ConfirmLoan,0,,,sr,
0,俺哥把钱借去了,ConfirmLoan,0,,,sr,
0,俺哥们儿把钱借去了,ConfirmLoan,0,,,sr,
0,俺闺蜜把钱借去了,ConfirmLoan,0,,,sr,
0,俺没钱,ConfirmLoan,0,,,sr,
0,俺妹把钱借去了,ConfirmLoan,0,,,sr,
0,俺婶把钱借去了,ConfirmLoan,0,,,sr,
0,俺叔把钱借去了,ConfirmLoan,0,,,sr,
0,把钱拿去交学费了,ConfirmLoan,0,,,sr,
0,把人撞了都没钱赔人家呢，哪有多余的钱还你们啊,ConfirmLoan,0,,,sr,
0,绑定的卡丢了我会重新办张卡的,ConfirmLoan,0,,,sr,
0,包工头带着他的小姨子跑了,ConfirmLoan,0,,,sr,
0,包养了个小四,ConfirmLoan,0,,,sr,
0,抱一抱，就当做从没借款2万,ConfirmLoan,0,,,sr,
0,被炒鱿鱼了,ConfirmLoan,0,,,sr,
0,被打了,ConfirmLoan,0,,,sr,
0,被盗了,ConfirmLoan,0,,,sr,
0,被老板炒鱿鱼了,ConfirmLoan,0,,,sr,
0,被老板开了,ConfirmLoan,0,,,sr,
0,被摸了,ConfirmLoan,0,,,sr,
0,被抢了,ConfirmLoan,0,,,sr,
0,被偷了,ConfirmLoan,0,,,sr,
0,被下套了,ConfirmLoan,0,,,sr,
1,别来烦我！！,ConfirmLoan,0,,,sr,
0,别人还没还我钱了,ConfirmLoan,0,,,sr,
0,别人欠我的钱一直要不回来，我手里也没有钱啊,ConfirmLoan,0,,,sr,
0,别人也欠我的钱，我手里现在没有一分钱了,ConfirmLoan,0,,,sr,
0,病了几个月，老板整准备开了我,ConfirmLoan,0,,,sr,
0,不差钱,ConfirmLoan,0,,,sr,
0,不还,ConfirmLoan,0,,,sr,
0,不还没事吧,ConfirmLoan,0,,,sr,
0,不好意思，我换电话了，然后把这个事情搞忘记了,ConfirmLoan,0,,,sr,
0,不清楚,ConfirmLoan,0,尽量为0，除非明显说不欠款,,sr,
1,不清楚,ConfirmLoan,0,,,sr,
0,不是恶意拖欠，有钱就还了,ConfirmLoan,0,,,sr,
0,不想还,ConfirmLoan,0,,,sr,
0,不想还，可以吧？,ConfirmLoan,0,,,sr,
0,不想还了,ConfirmLoan,0,,,sr,
0,不晓得好久才还得起哦,ConfirmLoan,0,,,sr,
0,不要急,ConfirmLoan,0,,,sr,
1,不知道,ConfirmLoan,0,,,sr,
0,不知道，你哪里,ConfirmLoan,0,,,sr,
0,不知道啊,ConfirmLoan,0,,,sr,
0,炒股爆仓了，欠了一屁股债都还不起,ConfirmLoan,0,,,sr,
0,车子卖了还,ConfirmLoan,0,,,sr,
0,吃不起饭了,ConfirmLoan,0,,,sr,
0,出车祸了,ConfirmLoan,0,,,sr,
0,出车祸了，医疗费几十万我还愁着呢，你那点钱算什么,ConfirmLoan,0,,,sr,
0,出国留学花掉了,ConfirmLoan,0,,,sr,
0,出国旅游了，刚回来，还没来得及处理这个事情,ConfirmLoan,0,,,sr,
0,出事了,ConfirmLoan,0,,,sr,
0,从楼梯上摔下来了，在医院呢,ConfirmLoan,0,,,sr,
0,打麻将输了，没钱还,ConfirmLoan,0,,,sr,
0,打死我都不还,ConfirmLoan,0,,,sr,
0,打死我嘛,ConfirmLoan,0,,,sr,
0,单位效益不好,ConfirmLoan,0,,,sr,
0,当初借的时候没说有滞纳金的嘛,ConfirmLoan,0,,,sr,
0,当时借的时候，都不是这样说的,ConfirmLoan,0,,,sr,
0,得癌症了都快死了你还管我要钱,ConfirmLoan,0,,,sr,
0,等他还了我就还,ConfirmLoan,0,,,sr,
0,等我把货款收回来才有钱还,ConfirmLoan,0,,,sr,
0,等我当老板了就能还上了，我一个打工妹哪有那么多钱啊，再说你们这个滞纳金怎么涨了这么多，之前我也没收到通知啊，你们这样不违法吗？,ConfirmLoan,0,,,sr,
0,等我跟老板商量能预支工资不,ConfirmLoan,0,,,sr,
0,等我下班就去还,ConfirmLoan,0,,,sr,
0,等我赚钱了肯定就能还上了，但是现在没有这么多,ConfirmLoan,0,,,sr,
0,等有空还,ConfirmLoan,0,,,sr,
0,地震了，房子都震没了，都没地方住了,ConfirmLoan,0,,,sr,
0,都没钱打车上班了，怎么还？,ConfirmLoan,0,,,sr,
0,都尿血了,ConfirmLoan,0,,,sr,
0,都要吃土了，哪里有钱还,ConfirmLoan,0,,,sr,
0,读书了,ConfirmLoan,0,,,sr,
0,赌球赌输了，我都准备上天台了,ConfirmLoan,0,,,sr,
0,赌球输了,ConfirmLoan,0,,,sr,
0,短时间还不上,ConfirmLoan,0,,,sr,
0,对不起，我不方便这么做,ConfirmLoan,0,,,sr,
0,对不起，我不方便这么做啊,ConfirmLoan,0,,,sr,
0,对不起，我不方便这么做按,ConfirmLoan,0,,,sr,
0,对不起，我不方便这么做呗,ConfirmLoan,0,,,sr,
0,对不起，我不方便这么做呀,ConfirmLoan,0,,,sr,
0,嗯，最近有点特殊情况,ConfirmLoan,0,,,sr,
0,烦死了，天天催！催命啊,ConfirmLoan,0,,,sr,
0,饭都吃不起，哪还有钱还哦,ConfirmLoan,0,,,sr,
0,饭都吃不起了，还啥子钱,ConfirmLoan,0,,,sr,
0,饭碗都丢了,ConfirmLoan,0,,,sr,
0,房贷、车贷都在催债，早就没钱了,ConfirmLoan,0,,,sr,
0,房子抵押给银行了,ConfirmLoan,0,,,sr,
0,父亲住院没钱,ConfirmLoan,0,,,sr,
0,感觉有点坑，这么点时间就这么多利息,ConfirmLoan,0,,,sr,
0,刚刚大病一场，钱都交个医院了。,ConfirmLoan,0,,,sr,
0,刚上班，还没发工资。,ConfirmLoan,0,,,sr,
0,刚失业,ConfirmLoan,0,,,sr,
0,刚下岗,ConfirmLoan,0,,,sr,
0,刚下岗，哪有钱,ConfirmLoan,0,,,sr,
0,刚装了房子，还欠一屁股债，哪里去找钱还你？,ConfirmLoan,0,,,sr,
0,高利贷吧,ConfirmLoan,0,,,sr,
0,搞忘了,ConfirmLoan,0,,,sr,
0,搞忘了，确实是搞忘了，不好意思,ConfirmLoan,0,,,sr,
0,隔壁老王车子撞了人，现在还在理赔阶段，找我借了一笔，现在手里没钱了，下个月才能决定还款,ConfirmLoan,0,,,sr,
0,给丈母娘买房了,ConfirmLoan,0,,,sr,
0,工地几个月才发工资,ConfirmLoan,0,,,sr,
0,工地上还没有发工资,ConfirmLoan,0,,,sr,
0,工作丢了,ConfirmLoan,0,,,sr,
0,工作丢了，没有钱,ConfirmLoan,0,,,sr,
0,工作都丢了,ConfirmLoan,0,,,sr,
0,工作人员态度不好,ConfirmLoan,0,,,sr,
0,公司倒闭了，工作不好找，没上班没工资咋还啊,ConfirmLoan,0,,,sr,
0,公司欠了银行大笔贷款，钱都还给银行了,ConfirmLoan,0,,,sr,
0,公司已经几个月没法工资了，等等吧,ConfirmLoan,0,,,sr,
0,股市跌得太惨了，钱都在股市里面的，没得钱了,ConfirmLoan,0,,,sr,
1,滚一边去，还毛。,ConfirmLoan,0,,,sr,
0,过几天就还了,ConfirmLoan,0,,,sr,
1,还不来啊,ConfirmLoan,0,,,sr,
0,还不了,ConfirmLoan,0,,,sr,
0,还不了，还不了，还不了,ConfirmLoan,0,,,sr,
0,还不了，就是还不了，你们打多少电话都没有用，没钱怎么还,ConfirmLoan,0,,,sr,
0,还不起,ConfirmLoan,0,,,sr,
0,还不起了,ConfirmLoan,0,,,sr,
1,还不起你又能把我怎样,ConfirmLoan,0,,,sr,
0,还不起你又能把我怎样,ConfirmLoan,0,,,sr,
0,还不起哦,ConfirmLoan,0,,,sr,
0,还不上,ConfirmLoan,0,,,sr,
0,还不上了,ConfirmLoan,0,,,sr,
0,还个屁,ConfirmLoan,0,,,sr,
0,还还还。过100年再说。,ConfirmLoan,0,,,sr,
1,还毛线,ConfirmLoan,0,,,sr,
0,还没发工资,ConfirmLoan,0,,,sr,
0,还能不能再少一点了,ConfirmLoan,0,,,sr,
0,还你妹,ConfirmLoan,0,,,sr,
1,还你妹,ConfirmLoan,0,,,sr,
0,还早吧,ConfirmLoan,0,,,sr,
0,孩子不能不吃啊,ConfirmLoan,0,,,sr,
0,孩子上学没钱,ConfirmLoan,0,,,sr,
0,孩子生病了,ConfirmLoan,0,,,sr,
0,好几个月没发工资没钱,ConfirmLoan,0,,,sr,
0,好久还清？,ConfirmLoan,0,,,sr,
1,和我没关系，朋友借的,ConfirmLoan,1,,,sr,
0,后年再说,ConfirmLoan,0,,,sr,
0,后天,ConfirmLoan,0,,,sr,
0,换工作，没钱了,ConfirmLoan,0,,,sr,
0,换工作空窗期，下月才有钱,ConfirmLoan,0,,,sr,
0,换手机号码了，没收到信息,ConfirmLoan,0,,,sr,
0,会处理，但现在没钱,ConfirmLoan,0,,,sr,
0,货还没卖出去,ConfirmLoan,0,,,sr,
0,家里出事了,ConfirmLoan,0,,,sr,
0,家里出事了，还不了,ConfirmLoan,0,,,sr,
0,家里出事没钱,ConfirmLoan,0,,,sr,
0,家里还是困难,ConfirmLoan,0,,,sr,
0,家里没没粮食了,ConfirmLoan,0,,,sr,
0,家里没钱啊，怎么还嘛,ConfirmLoan,0,,,sr,
0,家里穷,ConfirmLoan,0,,,sr,
0,家里人可以还吧,ConfirmLoan,0,,,sr,
0,家里实在没钱,ConfirmLoan,0,,,sr,
0,家里实在没钱，各种事情多啊,ConfirmLoan,0,,,sr,
0,家里实在没钱，老板跑路了,ConfirmLoan,0,,,sr,
0,家里实在没钱，老板跑路了，她欠我一堆钱,ConfirmLoan,0,,,sr,
0,家里实在没钱，老板跑路了，现在不知去向,ConfirmLoan,0,,,sr,
0,家里实在没钱，老板跑路了，现在躲在日本,ConfirmLoan,0,,,sr,
0,家里实在没钱，您接济接济哇,ConfirmLoan,0,,,sr,
0,家里实在没钱，穷的叮当响啊,ConfirmLoan,0,,,sr,
0,家里实在没钱，我又开了个公司,ConfirmLoan,0,,,sr,
0,家里实在是揭不开锅了，没米吃了都,ConfirmLoan,0,,,sr,
0,家里有急事需要用钱,ConfirmLoan,0,,,sr,
0,家里有人生病,ConfirmLoan,0,,,sr,
0,家里有事，暂时没钱。,ConfirmLoan,0,,,sr,
0,家里着火了，一分钱都没了,ConfirmLoan,0,,,sr,
0,家人不知道帮不帮我,ConfirmLoan,0,,,sr,
0,家人出事了，回了趟老家，没来得及处理,ConfirmLoan,0,,,sr,
0,家人生病了,ConfirmLoan,0,,,sr,
0,家中遇到小偷了,ConfirmLoan,0,,,sr,
0,捡破烂,ConfirmLoan,0,,,sr,
0,简直就是高利贷，还不起,ConfirmLoan,0,,,sr,
0,江南皮革厂倒闭了，老板带着小姨子跑路了，我拿什么还？,ConfirmLoan,0,,,sr,
0,借给别人了,ConfirmLoan,0,,,sr,
0,借给朋友用的,ConfirmLoan,0,,,sr,
0,借钱的时候就没想过还要还的,ConfirmLoan,0,,,sr,
0,借钱再去还,ConfirmLoan,0,,,sr,
0,借太多了，忘记了,ConfirmLoan,0,,,sr,
0,今年老天爷不下雨，庄家都旱死了，没有收成饭都吃不起了,ConfirmLoan,0,,,sr,
0,今年庄家都被洪水淹了，没有收成啊,ConfirmLoan,0,,,sr,
0,今天我还不了,ConfirmLoan,0,,,sr,
0,进传销了,ConfirmLoan,0,,,sr,
0,就不还了，你们看着办吧,ConfirmLoan,0,,,sr,
0,就是没钱了啊,ConfirmLoan,0,,,sr,
1,就算是我借的，我凭本事借的，凭什么还,ConfirmLoan,0,,,sr,
0,可以用其他东西抵押不,ConfirmLoan,0,,,sr,
0,肯定没钱还啊,ConfirmLoan,0,,,sr,
0,宽容宽容哈～,ConfirmLoan,0,,,sr,
0,困难,ConfirmLoan,0,,,sr,
0,老板不发工资，拖欠,ConfirmLoan,0,,,sr,
0,老板跑了,ConfirmLoan,0,,,sr,
0,老板跑路了,ConfirmLoan,0,,,sr,
0,老板跑路了，拖欠我的工资还没发，我们还在告老板呢,ConfirmLoan,0,,,sr,
0,老板钱没拿到，不确定什么发工资,ConfirmLoan,0,,,sr,
0,老板拖欠N个月工资，后天就发了，肯定还！,ConfirmLoan,0,,,sr,
0,老板也不给我涨工资我拿什么还啊,ConfirmLoan,0,,,sr,
0,老家有事情，急事，才回来，没来得及处理,ConfirmLoan,0,,,sr,
0,老母亲，大病一场，家里面的钱都拿出去看病了,ConfirmLoan,0,,,sr,
0,老母亲生病了，大病一场，家里面的钱都拿出去看病了,ConfirmLoan,0,,,sr,
0,老婆带着我的钱跑了,ConfirmLoan,0,,,sr,
0,老婆跑了，把钱也卷走了,ConfirmLoan,0,,,sr,
0,老婆生了，小孩黄疸，钱都给进去了,ConfirmLoan,0,,,sr,
0,老婆生小孩，没钱了,ConfirmLoan,0,,,sr,
1,离职了,ConfirmLoan,0,,,sr,
0,利息不合理,ConfirmLoan,0,,,sr,
0,利息不可能那么多哦，你们算错没有呢？,ConfirmLoan,0,,,sr,
0,利息太高了,ConfirmLoan,0,,,sr,
0,利息太高了，还不起。,ConfirmLoan,0,,,sr,
0,另外的贷款还没下来，拿什么还？,ConfirmLoan,0,,,sr,
0,买车了，手头紧,ConfirmLoan,0,,,sr,
0,买车了。最近没钱,ConfirmLoan,0,,,sr,
0,买房了，手头紧,ConfirmLoan,0,,,sr,
0,买房了，最近没钱了,ConfirmLoan,0,,,sr,
0,买股票被套牢了,ConfirmLoan,0,,,sr,
0,买世界杯彩票亏了,ConfirmLoan,0,,,sr,
0,没办法,ConfirmLoan,0,,,sr,
1,没得,ConfirmLoan,0,,,sr,
0,没得钱还得，饭都吃不起老,ConfirmLoan,0,,,sr,
0,没得钱了,ConfirmLoan,0,,,sr,
0,没得钱咋办喃,ConfirmLoan,0,,,sr,
0,没得钱咋办喃阿,ConfirmLoan,0,,,sr,
0,没得钱咋办喃啊,ConfirmLoan,0,,,sr,
0,没得钱咋办喃哈,ConfirmLoan,0,,,sr,
0,没得钱咋办喃乎,ConfirmLoan,0,,,sr,
0,没得钱咋办喃没意思,ConfirmLoan,0,,,sr,
0,没得啥子钱啊，钱都用完了,ConfirmLoan,0,,,sr,
0,没得什么好说的,ConfirmLoan,0,,,sr,
0,没发工资,ConfirmLoan,0,,,sr,
0,没法还,ConfirmLoan,0,,,sr,
0,没工作了,ConfirmLoan,0,,,sr,
1,没借那么多,ConfirmLoan,0,,,sr,
0,没拿到工资,ConfirmLoan,0,,,sr,
0,没那么多钱还,ConfirmLoan,0,,,sr,
0,没能力,ConfirmLoan,0,,,sr,
0,没钱,ConfirmLoan,0,,,sr,
0,没钱，打麻将输完了。,ConfirmLoan,0,,,sr,
0,没钱，饭都吃不起了,ConfirmLoan,0,,,sr,
0,没钱啊,ConfirmLoan,0,,,sr,
0,没钱啊，还能有什么原因,ConfirmLoan,0,,,sr,
0,没钱还,ConfirmLoan,0,,,sr,
0,没钱还啊,ConfirmLoan,0,,,sr,
0,没钱就是没钱，哪儿那么多为什么,ConfirmLoan,0,,,sr,
0,没钱了，吃不起饭了,ConfirmLoan,0,,,sr,
0,没钱了啊,ConfirmLoan,0,,,sr,
0,没钱钱,ConfirmLoan,0,,,sr,
0,没欠那么多吧,ConfirmLoan,0,,,sr,
1,没求得钱啥，你是不是傻,ConfirmLoan,0,,,sr,
0,没求得钱啥，你是不是傻,ConfirmLoan,0,,,sr,
0,没求得钱啥，你是不是傻，没意思,ConfirmLoan,0,,,sr,
0,没求得钱啥，你是不是傻阿,ConfirmLoan,0,,,sr,
0,没求得钱啥，你是不是傻哈,ConfirmLoan,0,,,sr,
0,没求得钱啥，你是不是傻哈哈哈,ConfirmLoan,0,,,sr,
0,没求得钱啥，你是不是傻哇,ConfirmLoan,0,,,sr,
0,没时间,ConfirmLoan,0,,,sr,
1,没有的事,ConfirmLoan,0,,,sr,
0,没有那么多吧,ConfirmLoan,0,,,sr,
0,没有钱,ConfirmLoan,0,,,sr,
0,没有钱／,ConfirmLoan,0,,,sr,
0,没有钱还,ConfirmLoan,0,,,sr,
0,没有原因，就是不想还,ConfirmLoan,0,,,sr,
0,没有周转过来,ConfirmLoan,0,,,sr,
0,没原因，就会死不还了,ConfirmLoan,0,,,sr,
0,没这么多吧？,ConfirmLoan,0,,,sr,
0,明年说,ConfirmLoan,0,,,sr,
0,明说，我其实就是不想还,ConfirmLoan,0,,,sr,
0,明天朋友就换我钱了,ConfirmLoan,0,,,sr,
0,母亲住院没钱,ConfirmLoan,0,,,sr,
0,拿不出来,ConfirmLoan,0,,,sr,
0,拿不出来，没得为什么,ConfirmLoan,0,,,sr,
0,拿不出来钱,ConfirmLoan,0,,,sr,
1,哪个变这么多了,ConfirmLoan,0,,,sr,
1,哪个变这么多了，没意思,ConfirmLoan,0,,,sr,
1,哪个变这么多了哈,ConfirmLoan,0,,,sr,
1,哪个变这么多了乎,ConfirmLoan,0,,,sr,
1,哪个变这么多了没意思,ConfirmLoan,0,,,sr,
1,哪个变这么多了呢,ConfirmLoan,0,,,sr,
1,哪们变这么多了,ConfirmLoan,0,,,sr,
1,哪们变这么多了，没意思,ConfirmLoan,0,,,sr,
1,哪们变这么多了嗯,ConfirmLoan,0,,,sr,
1,哪们变这么多了哈哈哈,ConfirmLoan,0,,,sr,
1,哪们变这么多了呢,ConfirmLoan,0,,,sr,
1,哪们变这么多了哇,ConfirmLoan,0,,,sr,
0,哪有这么多哦,ConfirmLoan,0,,,sr,
0,能不能缓缓？现在家里也急需用钱,ConfirmLoan,0,,,sr,
0,你帮我处理,ConfirmLoan,0,,,sr,
1,你不会是骗子吧？,ConfirmLoan,0,,,sr,
1,你不清楚你们是高利贷么？还敢给我打电话,ConfirmLoan,0,,,sr,
0,你催什么催啊,ConfirmLoan,0,,,sr,
0,你打我啊,ConfirmLoan,0,,,sr,
0,你等我这个月来还吧,ConfirmLoan,0,,,sr,
0,你放高利贷啊，这么多,ConfirmLoan,0,,,sr,
1,你放高利贷的哇，我去揭发你,ConfirmLoan,0,,,sr,
0,你给高利贷打工小心警察抓你,ConfirmLoan,0,,,sr,
1,你管我啊,ConfirmLoan,0,,,sr,
0,你管我啥子原因,ConfirmLoan,0,,,sr,
0,你管我啥子原因阿,ConfirmLoan,0,,,sr,
0,你管我啥子原因哈,ConfirmLoan,0,,,sr,
0,你管我啥子原因了,ConfirmLoan,0,,,sr,
0,你管我啥子原因没意思,ConfirmLoan,0,,,sr,
0,你管我啥子原因矣,ConfirmLoan,0,,,sr,
1,你很闲是吧？,ConfirmLoan,0,,,sr,
0,你急啥啊,ConfirmLoan,0,,,sr,
0,你们报警吧,ConfirmLoan,0,,,sr,
0,你们别再打了，我有钱会你们的,ConfirmLoan,0,,,sr,
0,你们不是上门服务么？顺便把借款合同给我,ConfirmLoan,0,,,sr,
0,你们不说就差点忘了，多谢提醒啊。,ConfirmLoan,0,,,sr,
0,你们的app被我卸载了,ConfirmLoan,0,,,sr,
0,你们的利息不合理,ConfirmLoan,0,,,sr,
0,你们的利息太高了,ConfirmLoan,0,,,sr,
0,你们的利息太高了吧，还有滞纳金又是什么鬼,ConfirmLoan,0,,,sr,
0,你们搞错了，没有那么多，真的,ConfirmLoan,0,,,sr,
0,你们搞这个也太黑了，利息好高,ConfirmLoan,0,,,sr,
1,你们还不如去抢呢，我只借了2000块,ConfirmLoan,0,,,sr,
0,你们简直是高利贷哦，没意思,ConfirmLoan,0,,,sr,
0,你们简直是高利贷哦阿,ConfirmLoan,0,,,sr,
0,你们简直是高利贷哦哈,ConfirmLoan,0,,,sr,
0,你们简直是高利贷哦没意思,ConfirmLoan,0,,,sr,
0,你们简直是高利贷哦呢,ConfirmLoan,0,,,sr,
0,你们利息那么高，还以为你们是高利贷，我才去报警了的，警察喊我回去等消息,ConfirmLoan,0,,,sr,
1,你们哪个不去抢,ConfirmLoan,0,,,sr,
1,你们哪个不去抢阿,ConfirmLoan,0,,,sr,
1,你们哪个不去抢啊,ConfirmLoan,0,,,sr,
1,你们哪个不去抢嗯,ConfirmLoan,0,,,sr,
1,你们哪个不去抢哈哈哈,ConfirmLoan,0,,,sr,
0,你们那边没收到吗,ConfirmLoan,0,,,sr,
0,你们是高利贷哦，这么多利息,ConfirmLoan,0,,,sr,
1,你们之前不是说不算利息的吗,ConfirmLoan,0,,,sr,
1,你说的是2万多的日币吧，我只借了2000块，怎么变成那么多了,ConfirmLoan,0,,,sr,
0,你说的是2万越南盾哇？,ConfirmLoan,0,,,sr,
0,你吓到我了，我记得没这么多啊,ConfirmLoan,0,,,sr,
0,你怎么不早说,ConfirmLoan,0,,,sr,
0,你这利息太高了，不想还,ConfirmLoan,0,,,sr,
0,你知道现在学校有多黑吗？各种课补过去不过来，我哪有钱还？,ConfirmLoan,0,,,sr,
0,弄死我都没钱,ConfirmLoan,0,,,sr,
0,赔了别人很多钱,ConfirmLoan,0,,,sr,
0,朋友把我的钱都借走了,ConfirmLoan,0,,,sr,
0,碰到骗子，被龟儿子骗了个精光,ConfirmLoan,0,,,sr,
1,骗人的吧，我没借这么多？,ConfirmLoan,0,,,sr,
0,凭本事借的为什么要还，你爱起诉起诉，爱上门上门,ConfirmLoan,0,,,sr,
0,破产了,ConfirmLoan,0,,,sr,
0,前短时间有急用，钱全部花完了。,ConfirmLoan,0,,,sr,
0,前段时间把钱都拿去炒房了,ConfirmLoan,0,,,sr,
0,前段时间出国旅游了，才回来，都把这个事情给忘记了,ConfirmLoan,0,,,sr,
0,前两天暴风雨把车都淹了，钱都用在修车上了，真没多余的钱了,ConfirmLoan,0,,,sr,
0,前两天暴风雨树刮倒了把腿砸断了，现在还在医院躺着呢,ConfirmLoan,0,,,sr,
0,前两天弄坏了公司的电脑，要赔钱。,ConfirmLoan,0,,,sr,
0,前两天跑路的 XXX P2P你知道吗？我的钱都在他哪里,ConfirmLoan,0,,,sr,
0,前两天新闻才报道了说打击非法放贷，不是说不用还了吗？,ConfirmLoan,0,,,sr,
0,钱，是没有，只有一条命,ConfirmLoan,0,,,sr,
0,钱包被偷了,ConfirmLoan,0,,,sr,
0,钱被财务卷跑了,ConfirmLoan,0,,,sr,
0,钱被花光了,ConfirmLoan,0,,,sr,
0,钱被老婆没收了,ConfirmLoan,0,,,sr,
0,钱被前妻拿走了,ConfirmLoan,0,,,sr,
0,钱被抢了,ConfirmLoan,0,,,sr,
0,钱被偷了,ConfirmLoan,0,,,sr,
0,钱不对,ConfirmLoan,0,,,sr,
0,钱不够,ConfirmLoan,0,,,sr,
0,钱不确定什么时候到,ConfirmLoan,0,,,sr,
0,钱存定期了，取不出来,ConfirmLoan,0,,,sr,
0,钱存银行，没到期,ConfirmLoan,0,,,sr,
0,钱到就还,ConfirmLoan,0,,,sr,
0,钱到位了我就还了,ConfirmLoan,0,,,sr,
0,钱都被我那个败家娘们淘宝买东西买完了，行用卡都还欠几万，咋子还嘛,ConfirmLoan,0,,,sr,
0,钱都被小三骗光了，奉劝你们这些年轻人些也不要去找小三，好生对待家里的老婆,ConfirmLoan,0,,,sr,
0,钱刚给了房租，下月才有,ConfirmLoan,0,,,sr,
0,钱给老婆买包了,ConfirmLoan,0,,,sr,
0,钱给兄弟应急了，过段时间才有,ConfirmLoan,0,,,sr,
0,钱借给朋友做生意了,ConfirmLoan,0,,,sr,
0,钱没有到位,ConfirmLoan,0,,,sr,
0,钱拿去购房了，现在也没得钱了,ConfirmLoan,0,,,sr,
0,钱拿去投资了,ConfirmLoan,0,,,sr,
0,钱钱都舍不得,ConfirmLoan,0,,,sr,
0,钱钱钱，命相连了,ConfirmLoan,0,,,sr,
0,钱是借给别人用的，等他钱还我了再还。,ConfirmLoan,0,,,sr,
0,钱投进新项目了，过段时间才有活动资金,ConfirmLoan,0,,,sr,
0,钱我是有，但是就是不想还，你能把我怎么样,ConfirmLoan,0,,,sr,
1,钱早就还清了，我现在压根不欠钱,ConfirmLoan,0,,,sr,
0,钱早就花光了，你要是早打电话就好了,ConfirmLoan,0,,,sr,
1,抢吗,ConfirmLoan,0,,,sr,
1,清不到，不晓得,ConfirmLoan,0,,,sr,
0,穷,ConfirmLoan,0,,,sr,
0,全都免了？,ConfirmLoan,0,,,sr,
0,全欠很多钱,ConfirmLoan,0,,,sr,
0,全套在咋们大A股中，怎么还？,ConfirmLoan,0,,,sr,
1,缺钱花你去问银行要，找我干嘛,ConfirmLoan,0,,,sr,
0,确实打算还的，但是最近家里也急需用钱,ConfirmLoan,0,,,sr,
0,确实没办法了,ConfirmLoan,0,,,sr,
0,确实没钱,ConfirmLoan,0,,,sr,
0,确实没钱，你说怎么办嘛？,ConfirmLoan,0,,,sr,
0,确实没钱还啊,ConfirmLoan,0,,,sr,
0,确实没钱还了,ConfirmLoan,0,,,sr,
0,确实没有钱还,ConfirmLoan,0,,,sr,
0,确实拿不出这个钱,ConfirmLoan,0,,,sr,
0,确实拿不出这个钱，能不能缓缓,ConfirmLoan,0,,,sr,
0,确实拿不出这个钱阿,ConfirmLoan,0,,,sr,
0,确实拿不出这个钱哈,ConfirmLoan,0,,,sr,
0,确实拿不出这个钱哈哈哈,ConfirmLoan,0,,,sr,
0,确实拿不出这个钱哇,ConfirmLoan,0,,,sr,
0,确实拿不出这个钱焉,ConfirmLoan,0,,,sr,
0,确实遇到困难了，暂时还不上,ConfirmLoan,0,,,sr,
0,让我看看，能不能还一点，但是我不能保证都能还,ConfirmLoan,0,,,sr,
0,人事会给你解释,ConfirmLoan,0,,,sr,
0,如果老板不拖欠马上还,ConfirmLoan,0,,,zl,
0,如果我不还呢？,ConfirmLoan,0,,,zl,
1,啥？有这事？看我这个记性。,ConfirmLoan,0,,,zl,
0,山穷水尽，没有钱啊,ConfirmLoan,0,,,zl,
0,上班太忙了，搞忘了，马上还。,ConfirmLoan,0,,,zl,
0,上个月出了交通事故，钱都赔给对方了,ConfirmLoan,0,,,zl,
0,上个月离婚，钱都判给我老婆了,ConfirmLoan,0,,,zl,
0,身份证挂失还没拿来,ConfirmLoan,0,,,zl,
0,身上没这么钱,ConfirmLoan,0,,,zl,
0,什么？这么多,ConfirmLoan,0,,,zl,
0,生病了,ConfirmLoan,0,,,zl,
0,生病住院,ConfirmLoan,0,,,zl,
0,生活困难,ConfirmLoan,0,,,zl,
0,生活困难，这个月还太了,ConfirmLoan,0,,,zl,
0,生活困难啊,ConfirmLoan,0,,,zl,
0,生小孩,ConfirmLoan,0,,,zl,
0,失业了,ConfirmLoan,0,,,zl,
0,实在罗不转,ConfirmLoan,0,,,zl,
0,实在没钱,ConfirmLoan,0,,,zl,
0,实在没钱，拿不出来,ConfirmLoan,0,,,zl,
0,实在没钱还,ConfirmLoan,0,,,zl,
0,实在没有钱,ConfirmLoan,0,,,zl,
0,实在没有钱阿,ConfirmLoan,0,,,zl,
0,实在没有钱唉,ConfirmLoan,0,,,zl,
0,实在没有钱吧,ConfirmLoan,0,,,zl,
0,实在没有钱嗯,ConfirmLoan,0,,,zl,
0,实在没有钱没意思,ConfirmLoan,0,,,zl,
0,实在是没有，总不能让我去卖肾吧,ConfirmLoan,0,,,zl,
0,世界杯常常爆冷，钱都去买足彩了,ConfirmLoan,0,,,zl,
1,是我朋友借的吧，那天他拿我的身份证去用，搞出这么多事情。,ConfirmLoan,1,,,zl,
0,手头紧,ConfirmLoan,0,,,zl,
0,手头紧的很,ConfirmLoan,0,,,zl,
0,手头没钱,ConfirmLoan,0,,,zl,
0,受伤了,ConfirmLoan,0,,,zl,
0,输了300多万,ConfirmLoan,0,,,zl,
0,算了，我可以请你吃饭,ConfirmLoan,0,,,zl,
0,太多了，还少点行不,ConfirmLoan,0,,,zl,
0,太忙，忘记还了,ConfirmLoan,0,,,zl,
0,天天催啥子嘛！没得钱还！,ConfirmLoan,0,,,zl,
0,投资做生意失败了,ConfirmLoan,0,,,zl,
0,腿断了，挣不到钱了,ConfirmLoan,0,,,zl,
0,娃儿跑了,ConfirmLoan,0,,,zl,
0,娃娃读幼儿园，交了好大一笔钱，没得钱,ConfirmLoan,0,,,zl,
0,完全忘记了，马上还。,ConfirmLoan,0,,,zl,
0,忘记还款,ConfirmLoan,0,,,zl,
0,忘记了，不好意思,ConfirmLoan,0,,,zl,
0,忘记了哈,ConfirmLoan,0,,,zl,
0,忘记用户名密码了,ConfirmLoan,0,,,zl,
0,忘了,ConfirmLoan,0,,,zl,
0,为啥要还,ConfirmLoan,0,,,zl,
1,为啥要还,ConfirmLoan,0,,,zl,
0,违约金太多了,ConfirmLoan,0,,,zl,
0,我把别人弄伤了，都付医药费了,ConfirmLoan,0,,,zl,
0,我把钱换了，借条怎么还给我？,ConfirmLoan,0,,,zl,
0,我把钱捐给希望工程了,ConfirmLoan,0,,,zl,
0,我爸爸住院了，需要人照顾,ConfirmLoan,0,,,zl,
0,我被裁员了，还在找工作。,ConfirmLoan,0,,,zl,
0,我被车撞了，还在住院。,ConfirmLoan,0,,,zl,
0,我被传销的弄进去了，钱都花完了,ConfirmLoan,0,,,zl,
0,我被骗了，钱都被骗走了,ConfirmLoan,0,,,zl,
0,我不还你们打算怎么办,ConfirmLoan,0,,,zl,
1,我不记得我借了这么多,ConfirmLoan,0,,,zl,
0,我不记得有这么多,ConfirmLoan,0,,,zl,
0,我不认可你们的算法，我需要再查一下,ConfirmLoan,0,,,zl,
0,我不是不想还，只是需要点时间,ConfirmLoan,0,,,zl,
0,我不是故意的，是确实没有办法,ConfirmLoan,0,,,zl,
1,我不相信我有这么多,ConfirmLoan,0,,,zl,
0,我不想还了,ConfirmLoan,0,,,zl,
0,我不知道多少钱,ConfirmLoan,0,,,zl,
0,我不知道有没有这么多钱,ConfirmLoan,0,,,zl,
0,我才借了2万，利息滞纳金就有几千，疯了吧,ConfirmLoan,0,,,zl,
0,我炒股输了,ConfirmLoan,0,,,zl,
0,我吃不起饭了,ConfirmLoan,0,,,zl,
0,我凑不齐，如果能凑齐早就还了,ConfirmLoan,0,,,zl,
0,我打牌全输了,ConfirmLoan,0,,,zl,
0,我打牌输了,ConfirmLoan,0,,,zl,
0,我到处都欠款，你说我该还你们谁啊,ConfirmLoan,0,,,zl,
0,我得了病，现在都还在医院检查,ConfirmLoan,0,,,zl,
0,我得了重病，钱全部治疗去了,ConfirmLoan,0,,,zl,
0,我的工程款都被人卷跑了，没钱还了,ConfirmLoan,0,,,zl,
0,我的钱都被法院冻结了,ConfirmLoan,0,,,zl,
0,我的钱都投到股票里了，最近股票大跌都套牢了，没办法提出来啊,ConfirmLoan,0,,,zl,
0,我的钱都在我老婆那里，这个钱是我偷偷借的，现在没有私房钱还,ConfirmLoan,0,,,zl,
0,我的钱全被骗了，现在没法还,ConfirmLoan,0,,,zl,
0,我的钱遭银行给我冻结了,ConfirmLoan,0,,,zl,
0,我的银行卡被冻结了,ConfirmLoan,0,,,zl,
0,我丢工作了,ConfirmLoan,0,,,zl,
0,我丢工作了，没意思,ConfirmLoan,0,,,zl,
0,我丢工作了阿,ConfirmLoan,0,,,zl,
0,我丢工作了哈,ConfirmLoan,0,,,zl,
0,我丢工作了没意思,ConfirmLoan,0,,,zl,
0,我都不晓得我欠了多少钱了,ConfirmLoan,0,,,zl,
0,我都不知道我欠了你们好多钱,ConfirmLoan,0,,,zl,
0,我都吃不起饭，真的没有钱,ConfirmLoan,0,,,zl,
0,我都吃不起饭了,ConfirmLoan,0,,,zl,
0,我都吃不起饭了，没意思,ConfirmLoan,0,,,zl,
0,我都吃不起饭了，哪来的钱还啊,ConfirmLoan,0,,,zl,
0,我都吃不起饭了哈,ConfirmLoan,0,,,zl,
0,我都吃不起饭了没意思,ConfirmLoan,0,,,zl,
0,我都吃不起饭了哇,ConfirmLoan,0,,,zl,
0,我都吃不起饭了者,ConfirmLoan,0,,,zl,
0,我都没钱吃饭了～,ConfirmLoan,0,,,zl,
0,我都在吃土了，催什么催嘛，又不是不还,ConfirmLoan,0,,,zl,
0,我赌球欠了一屁股债,ConfirmLoan,0,,,zl,
0,我多少还多少,ConfirmLoan,0,,,zl,
0,我儿子把我家的钱全给拿走了,ConfirmLoan,0,,,zl,
0,我儿子读书才交了学费,ConfirmLoan,0,,,zl,
0,我房子车子都抵押了，现在就只剩我这个人了，你看我还值多少钱，把我卖了吧,ConfirmLoan,0,,,zl,
0,我父母过世了,ConfirmLoan,0,,,zl,
0,我刚刚才找到工作，还没满一个月呢，没法工资啊,ConfirmLoan,0,,,zl,
0,我刚离婚，老婆带钱跑了,ConfirmLoan,0,,,zl,
0,我给忘了,ConfirmLoan,0,,,zl,
0,我根本就没有借那么多,ConfirmLoan,0,,,zl,
0,我工作丢了,ConfirmLoan,0,,,zl,
0,我故意不还的,ConfirmLoan,0,,,zl,
0,我故意的,ConfirmLoan,0,,,zl,
0,我还不起滞纳金和利息,ConfirmLoan,0,,,zl,
0,我还差点，,ConfirmLoan,0,,,zl,
0,我还了一部分了，没有多少了,ConfirmLoan,0,,,zl,
0,我还有老婆孩子需要养,ConfirmLoan,0,,,zl,
0,我还在借,ConfirmLoan,0,,,zl,
0,我孩子生病了,ConfirmLoan,0,,,zl,
1,我好久借了这么多钱，我好像就借了几千块钱哒,ConfirmLoan,0,,,zl,
0,我好像没借这么多钱哦，你把详细记录给我看看,ConfirmLoan,0,,,zl,
0,我后悔借钱了，我没钱还,ConfirmLoan,0,,,zl,
0,我后来才晓得你们是高利贷,ConfirmLoan,0,,,zl,
0,我后面给你,ConfirmLoan,0,,,zl,
0,我回老家修房子用了,ConfirmLoan,0,,,zl,
0,我会还的，但是现在没有钱，再让我缓一段时间吧,ConfirmLoan,0,,,zl,
0,我记得莫得这么多哦,ConfirmLoan,0,,,zl,
0,我记得我没有欠那么多呢,ConfirmLoan,0,,,zl,
0,我记得已经还了一部分了啊，怎么还有这么多,ConfirmLoan,0,,,zl,
0,我家被火烧了,ConfirmLoan,0,,,zl,
0,我家被偷了,ConfirmLoan,0,,,zl,
0,我家里出了事，现在还不了,ConfirmLoan,0,,,zl,
0,我家里有事，用了,ConfirmLoan,0,,,zl,
0,我家人出事了,ConfirmLoan,0,,,zl,
0,我家人出事了，没意思,ConfirmLoan,0,,,zl,
0,我家人出事了哈,ConfirmLoan,0,,,zl,
0,我家人出事了没意思,ConfirmLoan,0,,,zl,
0,我家人出事了哇,ConfirmLoan,0,,,zl,
0,我家人出事了也,ConfirmLoan,0,,,zl,
0,我家遭贼啦，全被偷了,ConfirmLoan,0,,,zl,
1,我借个2000块，你说我借了2万？,ConfirmLoan,0,,,zl,
0,我今天没借到钱,ConfirmLoan,0,,,zl,
0,我尽量还，但是要给我时间啊，你说对吧,ConfirmLoan,0,,,zl,
0,我就那点死工资，只能解决我个人的生活问题，除非我中彩票了,ConfirmLoan,0,,,zl,
0,我就是不还,ConfirmLoan,0,,,zl,
0,我就是不想还,ConfirmLoan,0,,,zl,
0,我就是故意不还的，莫得其他原因,ConfirmLoan,0,,,zl,
0,我开车出了交通事故，现在没钱还款了,ConfirmLoan,0,,,zl,
0,我老板跑路，发不出工资了,ConfirmLoan,0,,,zl,
0,我老公去普吉岛旅游，坐船失踪了，现在人都找不到，你知道那个新闻吧，你还管我要钱,ConfirmLoan,0,,,zl,
0,我老婆得了大病，还在住院。,ConfirmLoan,0,,,zl,
0,我妈妈也住院了,ConfirmLoan,0,,,zl,
0,我妈妈也住院了，没意思,ConfirmLoan,0,,,zl,
0,我妈妈也住院了阿,ConfirmLoan,0,,,zl,
0,我妈妈也住院了嗯,ConfirmLoan,0,,,zl,
0,我妈妈也住院了哈哈哈,ConfirmLoan,0,,,zl,
0,我妈妈也住院了呀,ConfirmLoan,0,,,zl,
0,我妈妈住院了，需要人照顾,ConfirmLoan,0,,,zl,
0,我马上下载看看,ConfirmLoan,0,,,zl,
0,我买的币亏了,ConfirmLoan,0,,,zl,
0,我买了车,ConfirmLoan,0,,,zl,
0,我没工作了，还不了,ConfirmLoan,0,,,zl,
1,我没借那么多,ConfirmLoan,0,,,zl,
1,我没借这么多,ConfirmLoan,0,,,zl,
1,我没借这么多，没意思,ConfirmLoan,0,,,zl,
1,我没借这么多哈,ConfirmLoan,0,,,zl,
1,我没借这么多啦,ConfirmLoan,0,,,zl,
1,我没借这么多没意思,ConfirmLoan,0,,,zl,
1,我没借这么多矣,ConfirmLoan,0,,,zl,
0,我没那么多钱,ConfirmLoan,0,,,zl,
0,我没钱,ConfirmLoan,0,,,zl,
0,我没钱了，所有的钱都输完了,ConfirmLoan,0,,,zl,
0,我没有带银行卡,ConfirmLoan,0,,,zl,
0,我没有工作,ConfirmLoan,0,,,zl,
0,我没有钱,ConfirmLoan,0,,,zl,
0,我没在家,ConfirmLoan,0,,,zl,
0,我没准备好还,ConfirmLoan,0,,,zl,
0,我妹儿刚刚办婚事，要用钱。,ConfirmLoan,0,,,zl,
0,我们公司还没发工资,ConfirmLoan,0,,,zl,
0,我们这地震了，我家也倒了，哪还有钱啊,ConfirmLoan,0,,,zl,
0,我母亲病了，等一段时间再说吧,ConfirmLoan,0,,,zl,
0,我拿不出这么多钱来还,ConfirmLoan,0,,,zl,
0,我哪有借那么多哦,ConfirmLoan,0,,,zl,
1,我哪知道啊，钱是朋友帮我借的！,ConfirmLoan,0,,,zl,
0,我奶奶住院了，需要人照顾,ConfirmLoan,0,,,zl,
1,我难得管,ConfirmLoan,0,,,zl,
0,我难得还了,ConfirmLoan,0,,,zl,
0,我能还100元，你们要不？,ConfirmLoan,0,,,zl,
0,我能说我忘记了吗,ConfirmLoan,0,,,zl,
0,我朋友借一下，抓紧把事情处理掉。,ConfirmLoan,0,,,zl,
0,我朋友钱没还给我,ConfirmLoan,0,,,zl,
0,我朋友说今天钱还我,ConfirmLoan,0,,,zl,
0,我凭本事借的钱为什么要还,ConfirmLoan,0,,,zl,
0,我破产了,ConfirmLoan,0,,,zl,
0,我其实就是不想还,ConfirmLoan,0,,,zl,
0,我其实一直是想还的,ConfirmLoan,0,,,zl,
0,我前段时间做了个手术，钱都用掉了,ConfirmLoan,0,,,zl,
0,我欠的太多了,ConfirmLoan,0,,,zl,
0,我欠了多少钱？,ConfirmLoan,0,,,zl,
0,我欠了你们多少钱？你说说看,ConfirmLoan,0,,,zl,
0,我欠钱太多了,ConfirmLoan,0,,,zl,
0,我切肾,ConfirmLoan,0,,,zl,
0,我亲戚住院,ConfirmLoan,0,,,zl,
0,我穷得很，莫得钱还，可以不可以再借点给我,ConfirmLoan,0,,,zl,
0,我去你们公司发现你们办公司都搬了，还以为不用还钱了哦,ConfirmLoan,0,,,zl,
0,我缺钱，还不起,ConfirmLoan,0,,,zl,
0,我确认没钱,ConfirmLoan,0,,,zl,
0,我身上只有100，要不要。,ConfirmLoan,0,,,zl,
0,我身无分文,ConfirmLoan,0,,,zl,
1,我什么时候跟你们借的款，滞纳金和利息要这么多，你们这个利息是怎么算的？我在别的地方贷款也没有这么高的利息,ConfirmLoan,0,,,zl,
0,我生病住院用了,ConfirmLoan,0,,,zl,
0,我失业了,ConfirmLoan,0,,,zl,
0,我实在没钱,ConfirmLoan,0,,,zl,
0,我实在没钱还了,ConfirmLoan,0,,,zl,
1,我是不是可以当不知道,ConfirmLoan,0,,,zl,
0,我手机丢了，钱都被转移了,ConfirmLoan,0,,,zl,
0,我手里只有100块了，这周还要吃饭呢，下个月才发工资,ConfirmLoan,0,,,zl,
0,我手头紧啊,ConfirmLoan,0,,,zl,
1,我听我爱人说了，没借那么多，只有几千块钱,ConfirmLoan,0,,,zl,
0,我投资了其他行业，没钱了,ConfirmLoan,0,,,zl,
0,我网银密码忘了,ConfirmLoan,0,,,zl,
0,我忘还了,ConfirmLoan,0,,,zl,
0,我忘记还有这欠款了！,ConfirmLoan,0,,,zl,
0,我忘记了,ConfirmLoan,0,,,zl,
0,我忘记了，没收到催款短信,ConfirmLoan,0,,,zl,
0,我忘记了，没收到手机短信,ConfirmLoan,0,,,zl,
0,我忘记有借款这回事了,ConfirmLoan,0,,,zl,
0,我忘记这回事了,ConfirmLoan,0,,,zl,
0,我忘了,ConfirmLoan,0,,,zl,
0,我忘了，等下就去还,ConfirmLoan,0,,,zl,
0,我忘了还有这回事,ConfirmLoan,0,,,zl,
0,我问问我爱人，看看她还了吗,ConfirmLoan,0,,,zl,
0,我媳妇前段时间生小孩,ConfirmLoan,0,,,zl,
0,我媳妇前段时间生小孩，没意思,ConfirmLoan,0,,,zl,
0,我媳妇前段时间生小孩嗯,ConfirmLoan,0,,,zl,
0,我媳妇前段时间生小孩哈哈哈,ConfirmLoan,0,,,zl,
0,我媳妇前段时间生小孩了,ConfirmLoan,0,,,zl,
0,我媳妇前段时间生小孩呢,ConfirmLoan,0,,,zl,
0,我媳妇生孩子用了,ConfirmLoan,0,,,zl,
0,我先看看我是不是欠了这么多。,ConfirmLoan,0,,,zl,
0,我现在吃饭的钱都没有了,ConfirmLoan,0,,,zl,
0,我现在还欠哪个的钱哦,ConfirmLoan,0,,,zl,
0,我现在借钱,ConfirmLoan,0,,,zl,
0,我现在没工作,ConfirmLoan,0,,,zl,
0,我现在没工作啊，不然你让我来你那工作抵债吧！,ConfirmLoan,0,,,zl,
0,我现在没钱,ConfirmLoan,0,,,zl,
0,我现在确认没钱,ConfirmLoan,0,,,zl,
0,我现在手里面没钱,ConfirmLoan,0,,,zl,
0,我现在手里一点钱都没有,ConfirmLoan,0,,,zl,
0,我现在手头紧,ConfirmLoan,0,,,zl,
0,我现在一分钱都没有,ConfirmLoan,0,,,zl,
0,我想法子,ConfirmLoan,0,,,zl,
0,我想还没有钱,ConfirmLoan,0,,,zl,
0,我想还只是现在没钱,ConfirmLoan,0,,,zl,
0,我想是想还，手头太紧了,ConfirmLoan,0,,,zl,
0,我小孩生病了，钱给他看病了,ConfirmLoan,0,,,zl,
0,我心情不好，不想还,ConfirmLoan,0,,,zl,
0,我心软把钱借给别人了,ConfirmLoan,0,,,zl,
0,我信用卡刷爆了,ConfirmLoan,0,,,zl,
0,我兄弟欠了高利贷，我帮他救急了。,ConfirmLoan,0,,,zl,
0,我爷爷住院了，需要人照顾,ConfirmLoan,0,,,zl,
0,我也不知道逾期了啊，怎么这么快呢？,ConfirmLoan,0,,,zl,
0,我也没得办法，没有赚到钱，哪里有钱还。,ConfirmLoan,0,,,zl,
0,我也是想还你们，可惜是心有余而力不足，现实太残酷，一分钱难倒英雄汉,ConfirmLoan,0,,,zl,
0,我也想还，但我现在真的很困难,ConfirmLoan,0,,,zl,
0,我也想还钱，问题是没有钱啊。,ConfirmLoan,0,,,zl,
0,我已经辞职了，现在手里拿不出来这么多，这个月暂时没钱,ConfirmLoan,0,,,zl,
0,我已经让财务打给我了，还没到呢,ConfirmLoan,0,,,zl,
0,我以为有人帮我还了,ConfirmLoan,0,,,zl,
0,我银行卡丢了，钱还不了了,ConfirmLoan,0,,,zl,
0,我有钱的时候，你干嘛不给我打电话,ConfirmLoan,0,,,zl,
0,我有钱还的时候你杂不说,ConfirmLoan,0,,,zl,
0,我又不止借了你们一家公司,ConfirmLoan,0,,,zl,
1,我又没欠你钱,ConfirmLoan,0,,,zl,
1,我又没问你借钱，你算老几哦？,ConfirmLoan,0,,,zl,
0,我在打官司，现在不能还钱,ConfirmLoan,0,,,zl,
0,我在换工作，最近没钱,ConfirmLoan,0,,,zl,
0,我在医院呢，正准备卖肾，过几天就还你哈。,ConfirmLoan,0,,,zl,
0,我这个月请假了，到手工资只够生活,ConfirmLoan,0,,,zl,
0,我真的没钱,ConfirmLoan,0,,,zl,
0,我争取还,ConfirmLoan,0,,,zl,
0,我正等着公司裁员把我裁掉，这样就有赔偿金还了,ConfirmLoan,0,,,zl,
0,我正在筹钱，你催个毛线啊,ConfirmLoan,0,,,zl,
0,我正准备去还呢，你们电话就打过来了,ConfirmLoan,0,,,zl,
1,我只借过100，早还清了,ConfirmLoan,0,,,zl,
1,我只借了2百，哪里来的滞纳金？,ConfirmLoan,0,,,zl,
1,我只借了2千，2万是什么鬼，滚开,ConfirmLoan,0,,,zl,
1,我只借了2千，没有利息和滞纳金,ConfirmLoan,0,,,zl,
1,我只借了500,ConfirmLoan,0,,,zl,
1,我只借了5000 ，哪有那么多,ConfirmLoan,0,,,zl,
1,我只借了不到 5000，怎么到你这里就变成 2 万了哦？,ConfirmLoan,0,,,zl,
0,我准备第3个月还啊,ConfirmLoan,0,,,zl,
0,我准备下个月就还了,ConfirmLoan,0,,,zl,
0,我自己都吃不饱饭，哪里有钱来还,ConfirmLoan,0,,,zl,
0,我最近炒股赔了好几万，真没钱了，你也知道最近股票大跌啊,ConfirmLoan,0,,,zl,
0,我最近做手术了，钱花没了，还欠了朋友一大笔钱呢,ConfirmLoan,0,,,zl,
0,我昨天买的德国，结果全输了,ConfirmLoan,0,,,zl,
0,我做生意失败了，现在在找工作！,ConfirmLoan,0,,,zl,
0,屋漏偏逢连夜雨啊，前天出去买菜的时候钱包被偷了，昨天家里又被盗了，实在是拿不出一分钱了,ConfirmLoan,0,,,zl,
0,媳妇跑了,ConfirmLoan,0,,,zl,
0,现在的经济状况，我没有这么多钱呐,ConfirmLoan,0,,,zl,
0,现在家里有事需要现金,ConfirmLoan,0,,,zl,
0,现在没有钱还,ConfirmLoan,0,,,zl,
0,现在没这多钱，后天吧,ConfirmLoan,0,,,zl,
0,现在身上一分钱也没有,ConfirmLoan,0,,,zl,
0,现在手头紧,ConfirmLoan,0,,,zl,
0,现在有一顿没一顿的，怎么还钱啊！,ConfirmLoan,0,,,zl,
0,现在在忙，没空打钱,ConfirmLoan,0,,,zl,
0,想还还不起啊,ConfirmLoan,0,,,zl,
0,想让我还等下辈子吧,ConfirmLoan,0,,,zl,
0,需要修车，暂时手头紧,ConfirmLoan,0,,,zl,
0,要不缓一下，可以嘛，现在手里确实没有,ConfirmLoan,0,,,zl,
0,要不你报警抓我吧,ConfirmLoan,0,,,zl,
0,要买奶粉,ConfirmLoan,0,,,zl,
0,要钱没有，要命不给,ConfirmLoan,0,,,zl,
0,要钱没有，要命一条,ConfirmLoan,0,,,zl,
0,要钱没有，要命一条，你要不要,ConfirmLoan,0,,,zl,
0,要钱莫得，要命有一条,ConfirmLoan,0,,,zl,
0,要是我还不还，是不是下次就本金减一半啊,ConfirmLoan,0,,,zl,
0,一分钱没赚到，又不能抢银行，你说咋还钱呢？,ConfirmLoan,0,,,zl,
0,以为现在股市可以抄底，结果还在大跌，钱都焊到股市里面了,ConfirmLoan,0,,,zl,
0,因为没有钱,ConfirmLoan,0,,,zl,
0,因为钱全部拿去买彩票了,ConfirmLoan,0,,,zl,
0,因为我买世界杯彩票还没中奖,ConfirmLoan,0,,,zl,
0,因为我想等彩票中大奖之后再还,ConfirmLoan,0,,,zl,
0,银行抵押贷款没有下来,ConfirmLoan,0,,,zl,
0,银行卡丢了，还没补办,ConfirmLoan,0,,,zl,
0,银行也在逼债，早就没得钱了,ConfirmLoan,0,,,zl,
0,应该没有这么多吧,ConfirmLoan,0,,,zl,
1,有病么，我借了2万好么,ConfirmLoan,0,,,zl,
0,有点困难,ConfirmLoan,0,,,zl,
0,有这么利息了啊,ConfirmLoan,0,,,zl,
0,又不是不还,ConfirmLoan,0,,,zl,
0,原因就是我不想还钱,ConfirmLoan,0,,,zl,
1,咋个就2万3了，应该是2万一的嘛,ConfirmLoan,0,,,zl,
0,再催都要卖血了,ConfirmLoan,0,,,zl,
0,早干嘛去了,ConfirmLoan,0,,,zl,
1,怎么不去抢？怎么这么多,ConfirmLoan,0,,,zl,
0,怎么都2个月了？,ConfirmLoan,0,,,zl,
0,怎么还款我给忘了,ConfirmLoan,0,,,zl,
0,怎么还要滞纳金，你确定是正确的啊，我不记得有这么多钱了,ConfirmLoan,0,,,zl,
0,怎么会这么多？,ConfirmLoan,0,,,zl,
1,怎么可能借这么多，拿出你的证据来,ConfirmLoan,0,,,zl,
1,怎么是2万3了？,ConfirmLoan,0,,,zl,
1,怎么无端多出2万多欠款，为什么不是我中了2万多彩票呢,ConfirmLoan,0,,,zl,
1,怎么这么多,ConfirmLoan,0,,,zl,
0,这段时间资金周转不开，能不能延期？,ConfirmLoan,0,,,zl,
0,这个欠款我是知道的，可不知道利息已经这么多了，一直也没有收到通知，所以钱已经借出去了，一直别人没还,ConfirmLoan,0,,,zl,
0,这个月休病假，没上班,ConfirmLoan,0,,,zl,
0,这哈没得钱了,ConfirmLoan,0,,,zl,
0,这哈没得钱了，没意思,ConfirmLoan,0,,,zl,
0,这哈没得钱了啊,ConfirmLoan,0,,,zl,
0,这哈没得钱了嗯,ConfirmLoan,0,,,zl,
0,这哈没得钱了没意思,ConfirmLoan,0,,,zl,
0,这哈没得钱了焉,ConfirmLoan,0,,,zl,
0,这么多,ConfirmLoan,0,,,zl,
0,这么多啊,ConfirmLoan,0,,,zl,
0,这太多了,ConfirmLoan,0,,,zl,
0,真的没钱,ConfirmLoan,0,,,zl,
0,真的没有钱,ConfirmLoan,0,,,zl,
0,真没钱,ConfirmLoan,0,,,zl,
0,真没钱，不然你再借我2万吧。,ConfirmLoan,0,,,zl,
0,真没钱，你说咋办,ConfirmLoan,0,,,zl,
0,真没钱了,ConfirmLoan,0,,,zl,
0,正在银行,ConfirmLoan,0,,,zl,
0,之前没钱,ConfirmLoan,0,,,zl,
0,之前手机掉了,ConfirmLoan,0,,,zl,
0,只借了你们2万吗？你搞对没有哦,ConfirmLoan,0,,,zl,
0,滞纳金太多了,ConfirmLoan,0,,,zl,
0,自己在工地，工资一年结一次,ConfirmLoan,0,,,zl,
0,最近丢工作了,ConfirmLoan,0,,,zl,
0,最近赌球输了。,ConfirmLoan,0,,,zl,
0,最近发生了点意外,ConfirmLoan,0,,,zl,
0,最近父亲刚刚过世。,ConfirmLoan,0,,,zl,
0,最近股市大跌，亏得血本无归，没得钱,ConfirmLoan,0,,,zl,
0,最近家里经济紧张，本来是能够付清这笔款的，可是家里有人生病了,ConfirmLoan,0,,,zl,
0,最近金融危机，我的公司都倒闭了，还欠员工工资没发呢，最近都打算卖房了,ConfirmLoan,0,,,zl,
0,最近买足彩，输的好惨哦，没得钱啊,ConfirmLoan,0,,,zl,
0,最近忙,ConfirmLoan,0,,,zl,
0,最近没钱,ConfirmLoan,0,,,zl,
0,最近生意不好啊,ConfirmLoan,0,,,zl,
0,最近失业了,ConfirmLoan,0,,,zl,
0,最近世界杯场场爆冷，我买的足彩全部都亏了，还不起了,ConfirmLoan,0,,,zl,
0,最近收益不好，没挣到钱,ConfirmLoan,0,,,zl,
0,最近手气背，买彩票一个没中，等我中了就还你。,ConfirmLoan,0,,,zl,
0,最近手气背的,ConfirmLoan,0,,,zl,
0,最近手头紧,ConfirmLoan,0,,,zl,
0,最近手头紧张,ConfirmLoan,0,,,zl,
0,最近手头有点紧,ConfirmLoan,0,,,zl,
0,最近太忙，忘记了,ConfirmLoan,0,,,zl,
0,最近有点忙，把这事儿给忘了,ConfirmLoan,0,,,zl,
0,最近运气撇，做生意亏了几十万，现在还欠几十万，天天被人追账，我都要崩溃了，确实莫得钱,ConfirmLoan,0,,,zl,
0,最近债主太多，没钱了,ConfirmLoan,0,,,zl,
0,最少还多少,ConfirmLoan,0,,,zl,
0,昨天才交了2万元的住院费，我哪里还拿得出来钱嘛,ConfirmLoan,0,,,zl,
0,昨天我兄弟才走我这里借了几十万走，没得钱了啊，你们应该早点给我打电话的,ConfirmLoan,0,,,zl,
0,坐公交车都没钱了，怎么还？,ConfirmLoan,0,,,zl,
0,坐牢才出来,ConfirmLoan,0,,,zl,
0,坐牢了,ConfirmLoan,0,,,zl,
0,做生意亏惨了,ConfirmLoan,0,,,zl,
0,做生意亏了,ConfirmLoan,0,,,zl,
0,做外包还没结清钱,ConfirmLoan,0,,,zl,
1,2万多？我至于要跟你们贷款吗？真是搞笑,ConfirmLoan,1,,,sr,
1,别打了，我没借,ConfirmLoan,1,,,sr,
1,别人吧，不是我,ConfirmLoan,1,,,sr,
1,别找我了，我没借,ConfirmLoan,1,,,sr,
1,不对啊,ConfirmLoan,1,,,sr,
1,不对哦,ConfirmLoan,1,,,sr,
1,不关我的事,ConfirmLoan,1,,,sr,
1,不关我的事，不是我借的，找错人了你,ConfirmLoan,1,,,sr,
1,不关我事,ConfirmLoan,1,,,sr,
1,不管我的事,ConfirmLoan,1,,,sr,
1,不好意思，你打错电话了,ConfirmLoan,1,,,sr,
1,不好意思，我从没有借款,ConfirmLoan,1,,,sr,
1,不会是你搞错了哇,ConfirmLoan,1,,,sr,
1,不可能,ConfirmLoan,1,,,sr,
1,不可能，我都几年都不借钱了,ConfirmLoan,1,,,sr,
1,不可能的,ConfirmLoan,1,,,sr,
1,不可能哦,ConfirmLoan,1,,,sr,
1,不是吧,ConfirmLoan,1,,,sr,
1,不是吧？以我的名义贷款的吗？难道是我弟弟用了我的身份，我俩是双胞胎,ConfirmLoan,1,,,sr,
1,不是我,ConfirmLoan,1,,,sr,
1,不是我办理的,ConfirmLoan,1,,,sr,
1,不是我借的,ConfirmLoan,1,,,sr,
1,不是我借的，是我朋友借的,ConfirmLoan,1,,,sr,
1,不是我小瞧这2万块钱，是我真没必要管你们贷款，我家里真不差钱,ConfirmLoan,1,,,sr,
0,不晓得,ConfirmLoan,1,,,sr,
1,不晓得，哪个龟儿子才借了！,ConfirmLoan,1,,,sr,
0,不要的,ConfirmLoan,1,,,sr,
0,不知,ConfirmLoan,1,,,sr,
1,不知道了,ConfirmLoan,1,,,sr,
0,不知道了,ConfirmLoan,1,,,sr,
0,不知道呢,ConfirmLoan,1,,,sr,
1,不知道你们再说什么，啥子利息，滞纳金，懂都懂不起,ConfirmLoan,1,,,sr,
1,锤子大爷借了你们钱啊,ConfirmLoan,1,,,sr,
1,从出生到现在我还没借过钱,ConfirmLoan,1,,,sr,
1,打错电话了哇,ConfirmLoan,1,,,sr,
1,打错了,ConfirmLoan,1,,,sr,
1,打错了，不是我借的,ConfirmLoan,1,,,sr,
1,打错了，我没借,ConfirmLoan,1,,,sr,
1,搞错了,ConfirmLoan,1,,,sr,
1,搞错了吧,ConfirmLoan,1,,,sr,
1,搞笑，我根本没借,ConfirmLoan,1,,,sr,
1,根本不可能,ConfirmLoan,1,,,sr,
1,根本不是,ConfirmLoan,1,,,sr,
1,根本就是无理取闹,ConfirmLoan,1,,,sr,
1,根本没那么回事,ConfirmLoan,1,,,sr,
1,跟我没关系,ConfirmLoan,1,,,sr,
1,关我屁事,ConfirmLoan,1,,,sr,
1,鬼扯哟,ConfirmLoan,1,,,sr,
1,滚，还借款2万，你怎么不说我借款20万呢？,ConfirmLoan,1,,,sr,
1,滚，你们再打我就，信不信我让你们吃不了兜着走,ConfirmLoan,1,,,sr,
1,滚，胎神,ConfirmLoan,1,,,sr,
1,滚，我没借,ConfirmLoan,1,,,sr,
1,滚你大爷的嘴，老子不欠钱,ConfirmLoan,1,,,sr,
1,滚远点，我没借,ConfirmLoan,1,,,sr,
1,哈哈，你真搞笑？我贷款？你骗错对象了,ConfirmLoan,1,,,sr,
1,还什么还，都不是我,ConfirmLoan,1,,,sr,
0,还有这事？我都忘记了。,ConfirmLoan,1,,,sr,
1,好久的事，我杂都不记得了,ConfirmLoan,1,,,sr,
1,好久欠了这么多钱哦，我都不晓得,ConfirmLoan,1,,,sr,
1,好久欠了这么多钱哦，我都不晓得，是不是哪个冒用我的身份证办理的哦,ConfirmLoan,1,,,sr,
1,呵呵，我欠你个鬼。,ConfirmLoan,1,,,sr,
1,和我没关系,ConfirmLoan,1,,,sr,
1,和我没关系，你找别人去,ConfirmLoan,1,,,sr,
1,和我没有关系,ConfirmLoan,1,,,sr,
1,和我没有关系，没意思,ConfirmLoan,1,,,sr,
1,和我没有关系唉,ConfirmLoan,1,,,sr,
1,和我没有关系嗯,ConfirmLoan,1,,,sr,
1,和我没有关系哈哈哈,ConfirmLoan,1,,,sr,
1,和我没有关系啦,ConfirmLoan,1,,,sr,
1,胡扯,ConfirmLoan,1,,,sr,
1,胡说,ConfirmLoan,1,,,sr,
1,简直不知道你在说什么,ConfirmLoan,1,,,sr,
1,借款，我这辈子都不可能借款,ConfirmLoan,1,,,sr,
1,借款你妹哦！,ConfirmLoan,1,,,sr,
1,借钱是不可能的,ConfirmLoan,1,,,sr,
1,借钱我只找银行，从来不借你们这些高利贷,ConfirmLoan,1,,,sr,
1,绝对不可能,ConfirmLoan,1,,,sr,
1,绝对不可能是我,ConfirmLoan,1,,,sr,
1,可不可以滚远点，听到你们这些鬼话就鬼火冒,ConfirmLoan,1,,,sr,
1,老子比你有钱，你杂不说你欠我钱呢,ConfirmLoan,1,,,sr,
1,没得这事！,ConfirmLoan,1,,,sr,
1,没借过你们的钱，也不欠你们的钱,ConfirmLoan,1,,,sr,
1,没借哈，你找错人了。,ConfirmLoan,1,,,sr,
1,没有，没有这回事，我不欠钱,ConfirmLoan,1,,,sr,
1,没有的事，你是不是弄错了,ConfirmLoan,1,,,sr,
1,没有哦，是不是我的身份被盗了？,ConfirmLoan,1,,,sr,
1,没有欠钱，我不借钱的,ConfirmLoan,1,,,sr,
1,没这回事,ConfirmLoan,1,,,sr,
1,莫说了，我没借过钱，不要再打了,ConfirmLoan,1,,,sr,
1,哪个说我借了你们钱，莫乱说,ConfirmLoan,1,,,sr,
1,那个是我的朋友借的，我已经报案了，你们等通知吧,ConfirmLoan,1,,,sr,
1,脑壳长包了吧，我没有欠款，你核实准确了，不要乱打电话啊,ConfirmLoan,1,,,sr,
1,嫩乱说,ConfirmLoan,1,,,sr,
1,嫩瞎扯,ConfirmLoan,1,,,sr,
1,嫩瞎说,ConfirmLoan,1,,,sr,
1,你不睁大你的狗眼，敢说老子欠钱，小心我砍你全家,ConfirmLoan,1,,,sr,
1,你才借款，我没借钱,ConfirmLoan,1,,,sr,
1,你从哪里得到的我的电话，我什么时候跟你们借过钱,ConfirmLoan,1,,,sr,
1,你打错电话了,ConfirmLoan,1,,,sr,
1,你打错电话了，我没借钱,ConfirmLoan,1,,,sr,
1,你打错电话了哈,ConfirmLoan,1,,,sr,
1,你打错了,ConfirmLoan,1,,,sr,
1,你打错了，我不差钱,ConfirmLoan,1,,,sr,
1,你打错了吧,ConfirmLoan,1,,,sr,
1,你打错了吧，我根本没有借钱,ConfirmLoan,1,,,sr,
1,你打错了吧，我没有借钱,ConfirmLoan,1,,,sr,
1,你打错了哈，你信不信我举报你,ConfirmLoan,1,,,sr,
1,你逗我玩呢？,ConfirmLoan,1,,,sr,
1,你搞错了,ConfirmLoan,1,,,sr,
1,你搞错了吧,ConfirmLoan,1,,,sr,
1,你搞错了吧，完全不知道你在说什么,ConfirmLoan,1,,,sr,
1,你搞错了吧，我好久借了你钱哦。,ConfirmLoan,1,,,sr,
1,你搞错了吧，我记得不是这个金额，你核查准确了在跟我说，别浪费别人的时间,ConfirmLoan,1,,,sr,
1,你搞错了吧，我可没借过钱,ConfirmLoan,1,,,sr,
1,你搞错了吧，我在南太平洋,ConfirmLoan,1,,,sr,
1,你搞错了吧，这里是印度,ConfirmLoan,1,,,sr,
1,你搞错了哇,ConfirmLoan,1,,,sr,
1,你搞错没有，我欠你钱？,ConfirmLoan,1,,,sr,
1,你给我说清楚，我什么时候借过钱了？,ConfirmLoan,1,,,sr,
1,你继续扯经。,ConfirmLoan,1,,,sr,
1,你简直是乱说，这事根本不存在,ConfirmLoan,1,,,sr,
1,你看错了吧,ConfirmLoan,1,,,sr,
0,你没事吧,ConfirmLoan,1,,,sr,
1,你妹啊，搞错了哇,ConfirmLoan,1,,,sr,
1,你们搞错了,ConfirmLoan,1,,,sr,
1,你们肯定是搞错了,ConfirmLoan,1,,,sr,
1,你们是哪里，是不是弄错了,ConfirmLoan,1,,,sr,
1,你们是谁？我怕没借过钱,ConfirmLoan,1,,,sr,
1,你们想钱想疯啦，为什么说我欠你们钱啊，你们不要再打了,ConfirmLoan,1,,,sr,
1,你们已经打过很多遍了，不要再打了，我再说一遍我没有借钱,ConfirmLoan,1,,,sr,
1,你们再骚扰我，我就报警了,ConfirmLoan,1,,,sr,
1,你们找错人了,ConfirmLoan,1,,,sr,
1,你们找错人了，我不可能借钱,ConfirmLoan,1,,,sr,
1,你们找错人了，我没借,ConfirmLoan,1,,,sr,
1,你脑子被驴踢了吧,ConfirmLoan,1,,,sr,
0,你脑子被驴踢了哇，我好久欠钱不还了？,ConfirmLoan,1,,,sr,
1,你脑子有病么？我什么时候欠钱了,ConfirmLoan,1,,,sr,
1,你弄错了,ConfirmLoan,1,,,sr,
1,你怕是在忽悠我哟,ConfirmLoan,1,,,sr,
1,你怕是找错人了哦，我哪有借钱哦？,ConfirmLoan,1,,,sr,
1,你去抢银行嘛，利息三千，鬼大爷才欠你们钱,ConfirmLoan,1,,,sr,
1,你是不是改错了，我没贷款,ConfirmLoan,1,,,sr,
1,你是不是没搞清楚，我咋可能借钱，我钱多的是,ConfirmLoan,1,,,sr,
1,你是不是弄错了,ConfirmLoan,1,,,sr,
1,你是不是找错人了,ConfirmLoan,1,,,sr,
1,你是不是找错人了，我不记得我有跟你们贷款过啊，请你在核实一下呢,ConfirmLoan,1,,,sr,
1,你是不是找错人喽，之前也有人打过电话，但那不是我啊,ConfirmLoan,1,,,sr,
1,你是骗子吧，我什么时候有借款2万,ConfirmLoan,1,,,sr,
1,你说多少钱？那点钱老子也需要借？,ConfirmLoan,1,,,sr,
1,你说话小心点，哪个欠你们钱了,ConfirmLoan,1,,,sr,
1,你说啥子哎，我借你们钱?你怕是在开玩笑哦,ConfirmLoan,1,,,sr,
1,你说啥子呢？我好久借了钱的,ConfirmLoan,1,,,sr,
1,你他妈谁呀，瞎几把打,ConfirmLoan,1,,,sr,
1,你一定打错了，我没有欠款,ConfirmLoan,1,,,sr,
1,你应该是找错人了吧,ConfirmLoan,1,,,sr,
1,你咋不说我欠你200万嘛，还欠你2万，劳资从没借过钱,ConfirmLoan,1,,,sr,
1,你仔细看看，你是不是找错人啦,ConfirmLoan,1,,,sr,
1,你在哪看到我借钱了？,ConfirmLoan,1,,,sr,
1,你怎么不说你欠我钱啊？,ConfirmLoan,1,,,sr,
1,你找错了吧,ConfirmLoan,1,,,sr,
1,你找错人 了,ConfirmLoan,1,,,sr,
1,你找错人咯，我没借钱,ConfirmLoan,1,,,sr,
0,你找错人了,ConfirmLoan,1,,,sr,
1,你找错人了,ConfirmLoan,1,,,sr,
1,你找错人了，没意思,ConfirmLoan,1,,,sr,
1,你找错人了吧,ConfirmLoan,1,,,sr,
1,你找错人了吧，哪个欠你钱了,ConfirmLoan,1,,,sr,
1,你找错人了哈,ConfirmLoan,1,,,sr,
1,你找错人了没意思,ConfirmLoan,1,,,sr,
1,你找错人了呢,ConfirmLoan,1,,,sr,
1,你找错人了者,ConfirmLoan,1,,,sr,
1,你找对人没哦,ConfirmLoan,1,,,sr,
1,你这个公司怕是骗子哦,ConfirmLoan,1,,,sr,
1,你这个骗术已经过时了，我从没借款2万,ConfirmLoan,1,,,sr,
1,你这个骗子，我没借钱,ConfirmLoan,1,,,sr,
1,你知不知道我是谁，我是马云的司机，家产上千万会跟你贷款这点钱么？,ConfirmLoan,1,,,sr,
1,您打错了吧？没这个人呢,ConfirmLoan,1,,,sr,
1,您打错了吧？我从来没有欠人钱,ConfirmLoan,1,,,sr,
1,您打错了吧？找到这里了，有病,ConfirmLoan,1,,,sr,
1,您打错了吧？这是信贷公司,ConfirmLoan,1,,,sr,
1,爬哦，瓜娃子嗦，哪个欠你钱,ConfirmLoan,1,,,sr,
1,爬爬爬，关我锤子事,ConfirmLoan,1,,,sr,
1,爬远点，豁我嗦,ConfirmLoan,1,,,sr,
1,朋友借的,ConfirmLoan,1,,,sr,
1,朋友借我的，不是我借的,ConfirmLoan,1,,,sr,
1,骗子,ConfirmLoan,1,,,sr,
1,骗子，不要再打给我了，我没借钱,ConfirmLoan,1,,,sr,
1,骗子，我已经报警了,ConfirmLoan,1,,,sr,
0,其他人的,ConfirmLoan,1,,,sr,
1,前段时间身份证掉了，是不是哪个拿我的身份证办的贷款哦？,ConfirmLoan,1,,,sr,
1,欠款？不可能,ConfirmLoan,1,,,sr,
1,欠你大爷哦，劳资从来都不借钱,ConfirmLoan,1,,,sr,
1,欠什么钱,ConfirmLoan,1,,,sr,
1,欠什么钱，不是我，你找的是不是另一个人啊,ConfirmLoan,1,,,sr,
1,欠债还钱天经地义，可惜不是我。,ConfirmLoan,1,,,sr,
1,人是我，但我没有欠钱，告诉你们的同事不要再打过来了,ConfirmLoan,1,,,sr,
1,啥？骗子死开,ConfirmLoan,1,,,zl,
1,啥玩意儿，谁欠谁钱？,ConfirmLoan,1,,,zl,
1,啥子东西哦,ConfirmLoan,1,,,zl,
0,啥子都没得,ConfirmLoan,1,,,zl,
1,啥子哦，你有没搞错,ConfirmLoan,1,,,zl,
1,啥子哦？你有没有搞错,ConfirmLoan,1,,,zl,
1,啥子钱哦,ConfirmLoan,1,,,zl,
1,傻逼，不是我借的,ConfirmLoan,1,,,zl,
1,什么，我怎么可能借钱？,ConfirmLoan,1,,,zl,
1,什么2万，有没有搞错,ConfirmLoan,1,,,zl,
1,什么2万3？,ConfirmLoan,1,,,zl,
1,什么2万元，没有的事,ConfirmLoan,1,,,zl,
1,什么鬼？我没借钱啊？,ConfirmLoan,1,,,zl,
1,什么钱，不晓得,ConfirmLoan,1,,,zl,
1,什么钱？我没欠谁钱,ConfirmLoan,1,,,zl,
1,什么情况，谁说我借你钱了,ConfirmLoan,1,,,zl,
1,什么时候的事？我都不知道这件事啊,ConfirmLoan,1,,,zl,
1,什么时候的事情，记不得了呢,ConfirmLoan,1,,,zl,
1,神经吧，我从来都没贷款过，就凭空出来2万多的贷款,ConfirmLoan,1,,,zl,
1,神经病，老子什么时候欠钱了？,ConfirmLoan,1,,,zl,
1,是别人借的，不是我,ConfirmLoan,1,,,zl,
1,是别人用我的身份证借的,ConfirmLoan,1,,,zl,
1,是我弟弟借的，我没借,ConfirmLoan,1,,,zl,
1,谁欠你的啊,ConfirmLoan,1,,,zl,
1,谁欠钱啊，你找抽,ConfirmLoan,1,,,zl,
1,谁说我欠你们钱了?,ConfirmLoan,1,,,zl,
1,说了一万遍了，我不欠你钱,ConfirmLoan,1,,,zl,
1,死骗子，哪来的？,ConfirmLoan,1,,,zl,
1,他是我朋友，冒用身份信息,ConfirmLoan,1,,,zl,
0,听不懂,ConfirmLoan,1,,,zl,
0,听不懂你说的什么,ConfirmLoan,1,,,zl,
0,听不懂你说啥子,ConfirmLoan,1,,,zl,
0,听不懂你说啥子呢？,ConfirmLoan,1,,,zl,
1,听都没听过，你才借钱不还呢！,ConfirmLoan,1,,,zl,
1,我不承认,ConfirmLoan,1,,,zl,
1,我不承认这个钱,ConfirmLoan,1,,,zl,
0,我不懂你在说什么,ConfirmLoan,1,,,zl,
1,我不会借钱的,ConfirmLoan,1,,,zl,
1,我不记得我什么时候有借钱,ConfirmLoan,1,,,zl,
1,我不记得有这事么,ConfirmLoan,1,,,zl,
1,我不可能借了钱,ConfirmLoan,1,,,zl,
0,我不明白你的意思,ConfirmLoan,1,,,zl,
0,我不明白你说的啥,ConfirmLoan,1,,,zl,
0,我不明白你在说啥，我现在很忙。,ConfirmLoan,1,,,zl,
1,我不欠你们钱,ConfirmLoan,1,,,zl,
1,我不欠钱,ConfirmLoan,1,,,zl,
1,我不欠钱，请核实清楚在打,ConfirmLoan,1,,,zl,
1,我不欠钱，再打我就告你骚扰,ConfirmLoan,1,,,zl,
1,我不欠钱阿,ConfirmLoan,1,,,zl,
1,我不欠钱啊,ConfirmLoan,1,,,zl,
1,我不欠钱唉,ConfirmLoan,1,,,zl,
1,我不欠钱嗯,ConfirmLoan,1,,,zl,
1,我不欠钱哈哈哈,ConfirmLoan,1,,,zl,
1,我不欠钱啦,ConfirmLoan,1,,,zl,
1,我不欠任何钱,ConfirmLoan,1,,,zl,
1,我不欠谁的,ConfirmLoan,1,,,zl,
0,我不清楚你说的什么,ConfirmLoan,1,,,zl,
1,我不清楚我要跟他本人核实,ConfirmLoan,1,,,zl,
0,我不知道,ConfirmLoan,1,,,zl,
1,我不知道,ConfirmLoan,1,,,zl,
1,我不知道，你们找错人了,ConfirmLoan,1,,,zl,
0,我不知道呢～啥？,ConfirmLoan,1,,,zl,
0,我不知道你再说什么,ConfirmLoan,1,,,zl,
0,我不知道你在说什么,ConfirmLoan,1,,,zl,
0,我不知道你在想什么,ConfirmLoan,1,,,zl,
1,我不知道有没哦,ConfirmLoan,1,,,zl,
1,我不知道这是,ConfirmLoan,1,,,zl,
1,我艹，好久欠你钱了,ConfirmLoan,1,,,zl,
1,我从不欠钱的,ConfirmLoan,1,,,zl,
1,我从来都不借钱，这个欠款是咋个回事？,ConfirmLoan,1,,,zl,
1,我从没有借过好不好,ConfirmLoan,1,,,zl,
1,我从没有在哪里借款2万哦,ConfirmLoan,1,,,zl,
1,我的身份证被盗了，不法分子盗用我身份证到处借钱，不是我借的，,ConfirmLoan,1,,,zl,
1,我的身份证被盗了，不法分子盗用我身份证到处借钱，不是我借的，跟我没关系,ConfirmLoan,1,,,zl,
1,我的身份证被盗了，不法分子盗用我身份证到处借钱，不是我借的，跟我没关系，要钱找法院去,ConfirmLoan,1,,,zl,
1,我的身份证被盗了，不是我借的，,ConfirmLoan,1,,,zl,
1,我的身份证被盗了，不是我借的，跟我没关系,ConfirmLoan,1,,,zl,
1,我的身份证被盗了，不是我借的，跟我没关系，要钱找法院去,ConfirmLoan,1,,,zl,
1,我的信用卡被盗用是，身份信息泄露了，钱不是我借的,ConfirmLoan,1,,,zl,
1,我的信用卡被盗用是，身份信息泄露了，钱不是我借的，跟我没得半毛钱关系,ConfirmLoan,1,,,zl,
1,我的信用卡被盗用是，身份信息泄露了，钱不是我借的，跟我没得关系,ConfirmLoan,1,,,zl,
1,我的信用卡被盗用是，身份信息泄露了，已经报案，钱不是我借的,ConfirmLoan,1,,,zl,
1,我都不知道你们平台,ConfirmLoan,1,,,zl,
1,我都没得借钱的习惯，这个欠款是咋个来的？,ConfirmLoan,1,,,zl,
1,我根本没有借钱，需要我们到派出所去说清楚吗？,ConfirmLoan,1,,,zl,
1,我好久借过你们钱的,ConfirmLoan,1,,,zl,
1,我好久欠你钱哦，你想钱想疯了哇,ConfirmLoan,1,,,zl,
1,我和欠你们钱的人是不是重名了哦，你找错了,ConfirmLoan,1,,,zl,
1,我会找你们借钱嘛?开玩笑,ConfirmLoan,1,,,zl,
1,我家有矿，我还借你们钱？,ConfirmLoan,1,,,zl,
1,我建议你们打电话给下一个欠款人，不要在我这里浪费时间了,ConfirmLoan,1,,,zl,
1,我建议你再确认下，不可能是我借的,ConfirmLoan,1,,,zl,
1,我借都没借,ConfirmLoan,1,,,zl,
1,我借你妹，天天催,ConfirmLoan,1,,,zl,
1,我借你什么钱哦！,ConfirmLoan,1,,,zl,
1,我借钱？不是吧,ConfirmLoan,1,,,zl,
1,我就没借过钱，你找错人了,ConfirmLoan,1,,,zl,
1,我开的是宝马，会差这点钱管你们贷款？请你搞搞清楚！,ConfirmLoan,1,,,zl,
1,我可没有欠那么多钱，你们不要胡说,ConfirmLoan,1,,,zl,
1,我没办过啊，我朋友借我身份证办的～和我没关系哈,ConfirmLoan,1,,,zl,
1,我没干过，别找我。,ConfirmLoan,1,,,zl,
1,我没给谁借过钱，也没有找别人借过钱,ConfirmLoan,1,,,zl,
1,我没借,ConfirmLoan,1,,,zl,
1,我没借过,ConfirmLoan,1,,,zl,
1,我没借过啊,ConfirmLoan,1,,,zl,
1,我没借过你们的钱,ConfirmLoan,1,,,zl,
1,我没借过钱,ConfirmLoan,1,,,zl,
1,我没借过钱啊,ConfirmLoan,1,,,zl,
1,我没借过钱哦，你们是不是找错人了啊,ConfirmLoan,1,,,zl,
1,我没借过钱也？你要负责帮我查一下子哦，这个事情有问题,ConfirmLoan,1,,,zl,
1,我没借你们钱,ConfirmLoan,1,,,zl,
1,我没借钱,ConfirmLoan,1,,,zl,
1,我没借钱，你搞错了吧,ConfirmLoan,1,,,zl,
1,我没借钱啊,ConfirmLoan,1,,,zl,
1,我没欠你钱,ConfirmLoan,1,,,zl,
1,我没欠钱,ConfirmLoan,1,,,zl,
1,我没欠钱，你别瞎几把说,ConfirmLoan,1,,,zl,
1,我没欠钱，你莫再打过来了,ConfirmLoan,1,,,zl,
1,我没欠钱，你找错人了,ConfirmLoan,1,,,zl,
1,我没有借,ConfirmLoan,1,,,zl,
1,我没有借，你不要骗我,ConfirmLoan,1,,,zl,
1,我没有借过啊,ConfirmLoan,1,,,zl,
1,我没有借过钱,ConfirmLoan,1,,,zl,
1,我没有借过钱那,ConfirmLoan,1,,,zl,
1,我没有借钱，你找错人了吧？,ConfirmLoan,1,,,zl,
1,我没有借钱啊,ConfirmLoan,1,,,zl,
1,我能借钱吗,ConfirmLoan,1,,,zl,
1,我怕是别个拿我的身份证办的哦，我没借过钱！,ConfirmLoan,1,,,zl,
1,我平时都不借钱，咋个会欠钱嘛,ConfirmLoan,1,,,zl,
1,我欠什么都不会欠钱，不要再骗我了,ConfirmLoan,1,,,zl,
1,我人都不认识你，怎么会欠你钱,ConfirmLoan,1,,,zl,
1,我认不到你，莫跟我说乃些,ConfirmLoan,1,,,zl,
1,我啥时候借钱了,ConfirmLoan,1,,,zl,
1,我啥时候借钱了，没意思,ConfirmLoan,1,,,zl,
1,我啥时候借钱了阿,ConfirmLoan,1,,,zl,
1,我啥时候借钱了哈,ConfirmLoan,1,,,zl,
1,我啥时候借钱了哈哈哈,ConfirmLoan,1,,,zl,
1,我啥时候找你们借钱了,ConfirmLoan,1,,,zl,
1,我身份证被冒用了，不关我的事,ConfirmLoan,1,,,zl,
1,我身份证掉了，不是我借的,ConfirmLoan,1,,,zl,
1,我身份证丢了，别人假冒我借的，我已经报警了,ConfirmLoan,1,,,zl,
1,我身份证丢了，是别人用我身份证借的,ConfirmLoan,1,,,zl,
1,我什么时候结果钱，我怎么不知道,ConfirmLoan,1,,,zl,
1,我什么时候借过你钱啊,ConfirmLoan,1,,,zl,
1,我什么时候借了2万元,ConfirmLoan,1,,,zl,
1,我什么时候借你这么多钱哦？是不是搞错了？,ConfirmLoan,1,,,zl,
1,我是××先生，但是我没欠钱，是不是重名了啊，你说下身份证号我看对不对,ConfirmLoan,1,,,zl,
1,我是土豪，没贷过款,ConfirmLoan,1,,,zl,
1,我听不懂,ConfirmLoan,1,,,zl,
1,我完全不懂你的意思,ConfirmLoan,1,,,zl,
1,我像差钱的人吗？,ConfirmLoan,1,,,zl,
1,我信誉那么好，不欠钱,ConfirmLoan,1,,,zl,
1,我压根就没欠任何人钱，你瓜娃子不要来骗我,ConfirmLoan,1,,,zl,
1,我也不知道,ConfirmLoan,1,,,zl,
1,我一毛钱都没有收到过，哪里借的钱？,ConfirmLoan,1,,,zl,
1,我已经报警了,ConfirmLoan,1,,,zl,
1,我已经报警了，准备受死吧,ConfirmLoan,1,,,zl,
1,我有借过钱吗,ConfirmLoan,1,,,zl,
1,我有钱，怎么会贷款,ConfirmLoan,1,,,zl,
1,我又没有欠过钱,ConfirmLoan,1,,,zl,
1,我咋个会欠款，我没借过钱？,ConfirmLoan,1,,,zl,
1,我咋个会欠款，我没借过钱？你要负责帮我查一下子哦,ConfirmLoan,1,,,zl,
1,我再说一遍，我没借钱,ConfirmLoan,1,,,zl,
1,我再说一遍，我没借钱，再打我就报警了,ConfirmLoan,1,,,zl,
1,我在忙，你找错人了,ConfirmLoan,1,,,zl,
1,我怎么不记得了,ConfirmLoan,1,,,zl,
1,我怎么会借钱,ConfirmLoan,1,,,zl,
1,我怎么可能借那么多,ConfirmLoan,1,,,zl,
1,我怎么可能借钱,ConfirmLoan,1,,,zl,
1,我这里不是你要找的人,ConfirmLoan,1,,,zl,
1,我这里是派出所，你们是不是放高利贷的哦？,ConfirmLoan,1,,,zl,
1,我这么穷，贷款都贷不起,ConfirmLoan,1,,,zl,
1,我这么有钱，怎么可能借钱？,ConfirmLoan,1,,,zl,
1,我这么有钱的人，会借你的钱，你一定是搞错了。,ConfirmLoan,1,,,zl,
1,我这一辈子最恨的就是欠钱，所以从来不借钱,ConfirmLoan,1,,,zl,
1,我真的没有跟你们借过钱啊,ConfirmLoan,1,,,zl,
1,我证件之前丢了，我没有贷过。,ConfirmLoan,1,,,zl,
1,我之前身份证掉过，都很久没用过了,ConfirmLoan,1,,,zl,
1,我重来没借过哪个的钱,ConfirmLoan,1,,,zl,
1,无理取闹，你再骚扰我就诅咒你全家了,ConfirmLoan,1,,,zl,
1,吸血鬼，高利贷，哪个欠你们钱了？,ConfirmLoan,1,,,zl,
1,瞎扯,ConfirmLoan,1,,,zl,
1,瞎扯淡,ConfirmLoan,1,,,zl,
1,瞎几把扯淡，我好久借了你们钱,ConfirmLoan,1,,,zl,
1,瞎说,ConfirmLoan,1,,,zl,
1,现在骗子这么多，你以为我会相信你吗？,ConfirmLoan,1,,,zl,
1,想不起来了呢,ConfirmLoan,1,,,zl,
1,想套我信息？,ConfirmLoan,1,,,zl,
1,再不济还是有些朋友可以借到2万多，没必要跟你们贷款吧，你们那么高的利息神经病才管你们贷款呢,ConfirmLoan,1,,,zl,
1,再打不报警告你们骚扰了，说了没欠钱,ConfirmLoan,1,,,zl,
1,再打就报警了,ConfirmLoan,1,,,zl,
1,再骚扰我，我就报警了,ConfirmLoan,1,,,zl,
1,在说一遍我没向你们借款，我的时间很宝贵的，你耽搁的起吗？,ConfirmLoan,1,,,zl,
1,怎么可能是我,ConfirmLoan,1,,,zl,
1,找错饿了,ConfirmLoan,1,,,zl,
1,找错人了,ConfirmLoan,1,,,zl,
1,这不可能，你是来搞笑的吧,ConfirmLoan,1,,,zl,
1,这不是我办的贷款，不会有人冒充我名义吧？不会是被人骗了吧？你们需要什么材料办贷款呢？,ConfirmLoan,1,,,zl,
1,这不是我借的,ConfirmLoan,1,,,zl,
1,这不是我借的，你找借的人去,ConfirmLoan,1,,,zl,
1,这个跟我没关系,ConfirmLoan,1,,,zl,
1,这个号码我才换的,ConfirmLoan,1,,,zl,
1,这个钱不是我借嘞，你们找借你钱的人要去,ConfirmLoan,1,,,zl,
1,这个钱的数目不对，我没借过,ConfirmLoan,1,,,zl,
1,这个是我朋友贷的，不是我，我不可能替他还啊,ConfirmLoan,1,,,zl,
1,这个是我朋友用我的身份证办的,ConfirmLoan,1,,,zl,
1,这个是我朋友用我的身份证办的，和我没有关系,ConfirmLoan,1,,,zl,
1,这个是我朋友用我的身份证办的，没意思,ConfirmLoan,1,,,zl,
1,这个是我朋友用我的身份证办的哈,ConfirmLoan,1,,,zl,
1,这个是我朋友用我的身份证办的哈哈哈,ConfirmLoan,1,,,zl,
1,这个是我朋友用我的身份证办的了,ConfirmLoan,1,,,zl,
1,这个是我朋友用我的身份证办的呢,ConfirmLoan,1,,,zl,
1,这明显是不可能的,ConfirmLoan,1,,,zl,
1,这人不认识，请你核实信息后再打,ConfirmLoan,1,,,zl,
1,这是别人假冒我的身份办的，与我无关,ConfirmLoan,1,,,zl,
1,这是其他人用我身份证办的，你们找错人了,ConfirmLoan,1,,,zl,
1,真的么？你确定不是你们搞错对象了么？因为我从来不会去高利贷贷款，太恐怖了,ConfirmLoan,1,,,zl,
1,真晦气，今天第几个诈骗电话了。,ConfirmLoan,1,,,zl,
1,之前王五用我的身份办理过贷款，跟我没有关系,ConfirmLoan,1,,,zl,
1,只有别人借我钱，我从不借别人钱,ConfirmLoan,1,,,zl,
0,多少钱？,ConfirmLoan,103,,,sr,
0,借了你们好多？,ConfirmLoan,103,,,sr,
1,可能你记错了吧，再看看啊,ConfirmLoan,103,,,sr,
1,那2万2个月前我就还了，哪有逾期,ConfirmLoan,103,,,sr,
0,你确定我欠了那么多嘛,ConfirmLoan,103,,,sr,
1,你在给算下，是不是拨错了,ConfirmLoan,103,,,sr,
0,你这个数额不对,ConfirmLoan,103,,,sr,
0,您刚才说的是哪笔贷款啊，多少钱的,ConfirmLoan,103,,,sr,
1,我欠你钱么,ConfirmLoan,103,,,zl,
1,我认识你吗，上来就还钱,ConfirmLoan,103,,,zl,
0,没空,ConfirmLoan,104,,,sr,
1,我借钱了吗？等会再说,ConfirmLoan,104,,,zl,
1,你认识我？我不知道,ConfirmLoan,107,,,sr,
1,你是哪个公司的，我投诉你啊。我什么时候借钱了,ConfirmLoan,107,,,sr,
1,你是哪位，我没找你们借过钱,ConfirmLoan,107,,,sr,
1,你是骗子吧,ConfirmLoan,107,,,sr,
1,你是骗子吧？,ConfirmLoan,107,,,sr,
1,你找谁？我不认识,ConfirmLoan,107,,,sr,
0,不知道该往哪里还啊，所以就一直没还,ConfirmLoan,108,,,sr,
0,卡里有钱但是你们没扣我也没有办法还,ConfirmLoan,108,,,sr,
0,看不到,ConfirmLoan,108,,,sr,
0,没有人联系,ConfirmLoan,108,,,sr,
0,我换张卡给你转,ConfirmLoan,108,,,zl,
0,不算利息好不,ConfirmLoan,109,,,sr,
0,不要闹,ConfirmLoan,109,,,sr,
1,打打打，我明天就把这张卡注销了，看你们还怎么打,ConfirmLoan,109,,,sr,
1,电话费不要钱啊？天天乱打。,ConfirmLoan,109,,,sr,
0,还故作不痛不痒不牵强,ConfirmLoan,109,,,sr,
1,借钱的人已经跑了,ConfirmLoan,109,,,sr,
1,借钱的人已经死了,ConfirmLoan,109,,,sr,
1,开玩笑,ConfirmLoan,109,,,sr,
0,可以不还吗,ConfirmLoan,109,,,sr,
1,没得电了！,ConfirmLoan,109,,,sr,
0,美女，帮帮忙楼,ConfirmLoan,109,,,sr,
1,哪来这么多骚扰电话。,ConfirmLoan,109,,,sr,
0,你给我一个凭证，我找家里人要钱,ConfirmLoan,109,,,sr,
1,你们的骗术太低级了，能换高级点的吗？,ConfirmLoan,109,,,sr,
1,你凭啥说我欠钱了,ConfirmLoan,109,,,sr,
1,你凭啥说我欠钱了，没意思,ConfirmLoan,109,,,sr,
1,你凭啥说我欠钱了阿,ConfirmLoan,109,,,sr,
1,你凭啥说我欠钱了嗯,ConfirmLoan,109,,,sr,
1,你凭啥说我欠钱了哈哈哈,ConfirmLoan,109,,,sr,
1,你凭啥说我欠钱了呢,ConfirmLoan,109,,,sr,
1,你确定,ConfirmLoan,109,,,sr,
1,你确定吗,ConfirmLoan,109,,,sr,
1,你确定是我借的？,ConfirmLoan,109,,,sr,
1,你确定是我欠的钱,ConfirmLoan,109,,,sr,
1,你是不是打错了,ConfirmLoan,109,,,sr,
1,你是不是记错了～,ConfirmLoan,109,,,sr,
1,你说的我不懂,ConfirmLoan,109,,,sr,
1,你说的我不明白,ConfirmLoan,109,,,sr,
0,你说还就还啊？找个漂亮的妹子来跟我说。,ConfirmLoan,109,,,sr,
1,你说什么？我欠钱？,ConfirmLoan,109,,,sr,
1,你说我欠钱，有什么证明呢？,ConfirmLoan,109,,,sr,
1,你说我欠钱了，你有证据吗,ConfirmLoan,109,,,sr,
1,你说我欠钱我就欠你钱啊，我还说中100万彩票呢,ConfirmLoan,109,,,sr,
1,你系统出bug了，弄清楚再说。,ConfirmLoan,109,,,sr,
1,你先把你欠我的5万还了再说。,ConfirmLoan,109,,,sr,
0,你也是可以呀,ConfirmLoan,109,,,sr,
1,你有病吧？,ConfirmLoan,109,,,sr,
1,你有没有搞错,ConfirmLoan,109,,,sr,
1,你有证据吗,ConfirmLoan,109,,,sr,
0,你又在开玩笑了，我像是有钱的人吗？,ConfirmLoan,109,,,sr,
1,你又在开玩笑了，我像是有钱的人吗？,ConfirmLoan,109,,,sr,
1,你再说一遍试试， 我借钱了？,ConfirmLoan,109,,,sr,
1,你怎么证明我欠你们钱？,ConfirmLoan,109,,,sr,
0,你知道我家在哪吧？自己去搬东西吧。,ConfirmLoan,109,,,sr,
1,我来电显示这是：疑似骗子电话,ConfirmLoan,109,,,zl,
0,我没网络,ConfirmLoan,109,,,zl,
0,不是已经还了吗,ConfirmLoan,112,,,sr,
1,没有欠过帐，那点钱早就还过了,ConfirmLoan,112,,,sr,
1,明明2个月前我就已经还清了,ConfirmLoan,112,,,sr,
1,欠的钱，早就换了，咋个还有欠款哦,ConfirmLoan,112,,,sr,
1,请仔细核对一下，我早就还清了这笔借款,ConfirmLoan,112,,,sr,
1,我不是还了吗，怎么又来问,ConfirmLoan,112,,,zl,
1,我都还了，你们不要再打了,ConfirmLoan,112,,,zl,
1,我还欠钱吗？,ConfirmLoan,112,,,zl,
0,我还欠钱吗？我以为我还了啊,ConfirmLoan,112,,,zl,
1,我借过钱。但是已经还了,ConfirmLoan,112,,,zl,
0,我上周就已经还了啊，难道你们没收到啊，你们再去查一下系统记录呢？,ConfirmLoan,112,,,zl,
1,我早就还清了，好不好,ConfirmLoan,112,,,zl,
1,我早就还完了啊，你们搞错了,ConfirmLoan,112,,,zl,
1,我早就还完了啊，怎么还打电话,ConfirmLoan,112,,,zl,
0,已经还了，提示正在交易中,ConfirmLoan,112,,,zl,
1,怎么会没还呢？我之前明明还了，你们系统有问题吧，你们自己去查清楚！,ConfirmLoan,112,,,zl,
0,俺娘把钱借去了,ConfirmLoan,0,,,sr,
0,搬砖没钱,ConfirmLoan,0,,,sr,
0,别人钱我钱，正在要钱,ConfirmLoan,0,,,sr,
0,朋友生病了,ConfirmLoan,0,,,sr,
1,如果借了，一定会还的。问题是我没有借呀。,ConfirmLoan,1,,,zl,
0,爱干啥干啥,ConfirmLoan,0,,1,sr,
1,报警了,ConfirmLoan,0,,1,sr,
1,别有事没事打电话,ConfirmLoan,0,,1,sr,
0,贷款我不要,ConfirmLoan,0,语义不通,1,sr,
0,都是假象,ConfirmLoan,0,？,1,sr,
1,给老子滚，别再打来了,ConfirmLoan,0,,1,sr,
1,管你毛事！,ConfirmLoan,0,,1,sr,
1,管你屁事,ConfirmLoan,0,,1,sr,
1,管你求事,ConfirmLoan,0,,1,sr,
1,管你啥事,ConfirmLoan,0,,1,sr,
1,可能啊,ConfirmLoan,0,语义不通,1,sr,
0,了解,ConfirmLoan,0,语义不通,1,sr,
1,没这个人。,ConfirmLoan,0,,1,sr,
0,你的利息不对,ConfirmLoan,0,？,1,sr,
1,你的信息是不是有误啊，我刚借的钱,ConfirmLoan,1,？,1,sr,
1,你个骗子,ConfirmLoan,0,,1,sr,
1,你们去找他，他接的,ConfirmLoan,1,,1,sr,
1,你们说的是王二狗吧，我是他哥，你找错人了,ConfirmLoan,1,,1,sr,
0,你要是还要这么高,ConfirmLoan,0,语义不明,1,sr,
1,请报上你的大名，让警察跟你说。,ConfirmLoan,0,,1,sr,
1,什么？我借钱了吗？,ConfirmLoan,1,,1,zl,
0,是否风流偏偏要都化乌有,ConfirmLoan,0,,1,zl,
0,手机掉了,ConfirmLoan,0,,1,zl,
0,手机坏了,ConfirmLoan,0,,1,zl,
0,手机烂了,ConfirmLoan,0,,1,zl,
0,手机有点坏了,ConfirmLoan,0,,1,zl,
1,我不确定,ConfirmLoan,0,,1,zl,
0,我不确定,ConfirmLoan,0,,1,zl,
1,我不认识，你打错了,ConfirmLoan,1,节点不符,1,zl,
1,我不是，我没有，你别乱说,ConfirmLoan,1,节点不符,1,zl,
0,我不知道该说什么好,ConfirmLoan,0,待确认,1,zl,
1,我的身份证办的,ConfirmLoan,0,,1,zl,
0,我的账户被盗了,ConfirmLoan,1,,1,zl,
1,我都已经说了不认识了,ConfirmLoan,0,节点不符,1,zl,
0,我感冒了,ConfirmLoan,0,,1,zl,
1,我刚买的,ConfirmLoan,0,,1,zl,
1,我还说些啥呢,ConfirmLoan,0,？,1,zl,
1,我好像没借过钱吧,ConfirmLoan,1,,1,zl,
1,我记得我借了5万啊，想不想要？死骗子。,ConfirmLoan,1,,1,zl,
1,我没用身份证办理,ConfirmLoan,1,,1,zl,
1,我没有义务告知你,ConfirmLoan,0,,1,zl,
1,我怕你是骗子哦,ConfirmLoan,0,,1,zl,
1,我朋友借的,ConfirmLoan,1,,1,zl,
1,我朋友借我身份证办的，他已经跑路联系不到了,ConfirmLoan,1,,1,zl,
1,我什么借的,ConfirmLoan,0,,1,zl,
1,我是别个帮我办的,ConfirmLoan,0,,1,zl,
0,我是别个帮我借的,ConfirmLoan,0,,1,zl,
1,我是别个帮我借的,ConfirmLoan,0,,1,zl,
0,我怎么知道,ConfirmLoan,0,,1,zl,
0,吓尿了,ConfirmLoan,0,,1,zl,
0,吓死恩,ConfirmLoan,0,,1,zl,
0,晓得,ConfirmLoan,0,节点不符,1,zl,
0,兄弟，你太天真了,ConfirmLoan,0,,1,zl,
0,需要承担什么责任么,ConfirmLoan,0,,1,zl,
1,真的吗？,ConfirmLoan,0,,1,zl,
0,知了,ConfirmLoan,0,节点不符,1,zl,
