文本,类别
我们skype上聊吧,其它通讯方式
回去QQ上和你说,其它通讯方式
你们公司在哪点，我过来,其它通讯方式
微信聊,其它通讯方式
电话里面说不清，要不你加我 QQ，我们在 QQ 里面聊这个事情，方便些,其它通讯方式
你发我一个短信，把计算公式和详情发过来一下,其它通讯方式
聊一下,其它通讯方式
联系我助理吧,其它通讯方式
你打我另外个电话,其它通讯方式
你把所有信息通过微信发给我把,其它通讯方式
打我另一个号码,其它通讯方式
你在微信上把详细的发给我,其它通讯方式
我们飞信聊,其它通讯方式
****，我的微信，加上说。,其它通讯方式
你们有办公地点么？我空了过去说,其它通讯方式
我们微信上沟通,其它通讯方式
我们约个时间面谈,其它通讯方式
你住哪儿，我下班来找你,其它通讯方式
加微信,其它通讯方式
电话里面说不清，要不你加我 QQ，我们在 QQ 里面聊这个事情,其它通讯方式
qq发给我吧,其它通讯方式
联系我爱人吧，手机号是**,其它通讯方式
给我发短信,其它通讯方式
我加你QQ把,其它通讯方式
打我座机,其它通讯方式
我在开车，你加我微信，等下聊,其它通讯方式
我们QQ聊,其它通讯方式
电话说了我也记不住啊，加个微信吧。,其它通讯方式
你有百度帐号吗,其它通讯方式
加我米聊吧,其它通讯方式
加个微信，你给我发过来看看再说,其它通讯方式
我们找个咖啡厅仔细聊一下吧,其它通讯方式
qq聊方便点,其它通讯方式
我现在不方便，就这手机号，加我微信,其它通讯方式
加我钉钉吧,其它通讯方式
别电话里说了，经常接不到。,其它通讯方式
你私人号码是好多,其它通讯方式
电话里面说不清，要不你加我微信，我们在微信里面聊,其它通讯方式
我们在微信上仔细聊一下吧,其它通讯方式
微信拍个照片给我吧,其它通讯方式
发我邮箱我看看,其它通讯方式
你打我语音,其它通讯方式
找个茶楼我们仔细聊一下,其它通讯方式
微信好聊一点,其它通讯方式
你打我座机,其它通讯方式
我们陌陌聊,其它通讯方式
你们公司有座机么？,其它通讯方式
你有没有微信呢？,其它通讯方式
有微信吗？,其它通讯方式
你们在哪里办公,其它通讯方式
电话里面说不清，要不你加我微信,其它通讯方式
我想核对一下信息和金额，你微信给我,其它通讯方式
联系我律师吧,其它通讯方式
微信上细聊,其它通讯方式
我们约个地点面谈吧,其它通讯方式
我们在qq上聊,其它通讯方式
你有Skype吗？,其它通讯方式
加我陌陌吧,其它通讯方式
你们在成都哪里办公？,其它通讯方式
加我whatsapp吧,其它通讯方式
你加我微信聊吧,其它通讯方式
有什么事微信上说，电话不方便。,其它通讯方式
微信说,其它通讯方式
Telegram好不好,其它通讯方式
不太方便，要不你加我微信吧,其它通讯方式
你有微信么,其它通讯方式
你把详细情况给我发到微信上吧,其它通讯方式
加我微,其它通讯方式
我们面谈吧,其它通讯方式
加我QQ吧,其它通讯方式
你给我发个短信,其它通讯方式
你把详情发我短信,其它通讯方式
电话不方便得，价格微信说。,其它通讯方式
你加我微信吧,其它通讯方式
你好久空，我们面谈,其它通讯方式
不太方便，要不你加我 QQ 吧,其它通讯方式
加我qq,其它通讯方式
你给我发到邮箱吧,其它通讯方式
加我Q,其它通讯方式
发我邮箱,其它通讯方式
我们见面仔细聊吧,其它通讯方式
加我微信,其它通讯方式
加微信吧,其它通讯方式
加我微信吧,其它通讯方式
你过来就处理,其它通讯方式
你有微信不？,其它通讯方式
我们微信聊,其它通讯方式
麻烦给我发个短信呢,其它通讯方式
你不要打电话让客服来电,其它通讯方式
你加我QQ吧,其它通讯方式
你给我打字吧，我不好听语音,其它通讯方式
咋们微信上说吧。,其它通讯方式
你打我另外这个电话，我们聊,其它通讯方式
我直接电话联系你吧,其它通讯方式
微博上说,其它通讯方式
要不你加我微信说,其它通讯方式
电话里面说不清，要不你加我 QQ，我们在 QQ 里面聊,其它通讯方式
我这会不方便沟通，你加我qq,其它通讯方式
短信联系我吧,其它通讯方式
给我打电话,其它通讯方式
我很忙，我加你微信吧,其它通讯方式
加我陌陌,其它通讯方式
我在开会呢，先加我微信,其它通讯方式
你给我个QQ邮箱，我们发邮件说,其它通讯方式
加我wechat吧,其它通讯方式
我微信给你，你加我下。,其它通讯方式
我给你我的邮箱,其它通讯方式
别加微信了，加了也没用,其它通讯方式
qq说,其它通讯方式
SKYPE有不有,其它通讯方式
电话里面说不清，要不你加我 QQ,其它通讯方式
要不你加我QQ聊,其它通讯方式
加我微信，发给我,其它通讯方式
打我电话嘛,其它通讯方式
加我企鹅号,其它通讯方式
我现在很忙，我们微信聊吧,其它通讯方式
加我谈谈,其它通讯方式
给我打短信,其它通讯方式
加我飞信吧,其它通讯方式
你有QQ不,其它通讯方式
发我短信,其它通讯方式
你那边有座机号嘛，我给你打过去呢,其它通讯方式
你发邮件给我吧,其它通讯方式
电话里面说不清，要不你加我微信，我们在微信里面聊这个事情,其它通讯方式
咋们微信上具体聊一聊吧。,其它通讯方式
去酒吧面谈下吧,其它通讯方式
我给你打电话,其它通讯方式
我现在在吃饭，不方便，加个微信，待会聊,其它通讯方式
我给你我儿子的电话，你和他说,其它通讯方式
我这边听得不是很清楚，我们微信联系吧,其它通讯方式
等下QQ上联系我,其它通讯方式
我们见面聊,其它通讯方式
你拍个工作证给我看看呢？发短信给我,其它通讯方式
你打我老婆电话吧，这个电话马上没电了,其它通讯方式
"我先加你QQ,晚点我们聊",其它通讯方式
你在邮件里把账单发过来下,其它通讯方式
我给你发短信,其它通讯方式
你有QQ么,其它通讯方式
我现在在吃饭，不方便，加个 QQ，待会聊,其它通讯方式
可以，但是我需要核对明细，qq给我文件,其它通讯方式
和我父母谈吧,其它通讯方式
短信发给我啦,其它通讯方式
我现在很忙，改日到你公司面谈吧,其它通讯方式
我现在没空，等下微信给你回消息,其它通讯方式
上班不方便，加个微信说。,其它通讯方式
你私人电话是好多？,其它通讯方式
我们短线聊,其它通讯方式
你把这些微信发给我,其它通讯方式
你微信联系我,其它通讯方式
微信联系,其它通讯方式
微信联系我现在忙,其它通讯方式
在忙你加下我微信吧,其它通讯方式
让客服联系我,其它通讯方式
把方案发到我手机上嘛,其它通讯方式
喊你们负责人来,其它通讯方式
加我微信,其它通讯方式
加我微信聊吧,其它通讯方式
你加我微信说吧,其它通讯方式
方案给我发到微信嘛,其它通讯方式
还有些事情要问你，加个微信说吧。,其它通讯方式
我去你们公司找你们谈下,其它通讯方式
QQ截个图过来,其它通讯方式
我现在不太方便，要不你留个微信给我，我在微信上和你聊,其它通讯方式
加QQ,其它通讯方式
微信上核对一下就行,其它通讯方式
你和我朋友说吧，他比较了解贷款的情况,其它通讯方式
qq找我,其它通讯方式
你那边很吵，qq联系吧,其它通讯方式
qq转你,其它通讯方式
我们见个面吧,其它通讯方式
我说个地方，你来找我,其它通讯方式
我给你闪个电话,其它通讯方式
有没有微信？微信上去说。,其它通讯方式
qq聊,其它通讯方式
我们在QQ上仔细聊一下吧,其它通讯方式
要不我们去茶楼聊一下？,其它通讯方式
你有没有Skype呢？,其它通讯方式
陌生电话我都不接，还是微信说吧。,其它通讯方式
我们要不碰个面，理一下到底有多少钱,其它通讯方式
你手机好多,其它通讯方式
电话里面说不清，要不你加我微信，我们在微信里面聊这个事情，方便些,其它通讯方式
手机微信给我截图发过来,其它通讯方式
打我家里电话吧,其它通讯方式
截图发给我,其它通讯方式
视屏聊,其它通讯方式
我们在飞信上仔细聊一下吧,其它通讯方式
我们约到星巴克见面说,其它通讯方式
加我Skype吧,其它通讯方式
现在有点忙，你先加我微信号,其它通讯方式
骚扰电话太多，加个微信说吧。,其它通讯方式
视屏吧，我看看你长啥样,其它通讯方式
你给我发短信吧,其它通讯方式
你电话好多,其它通讯方式
微信转你,其它通讯方式
你们能上门和我律师谈谈嘛,其它通讯方式
微信看哈,其它通讯方式
我现在很忙，你给我发邮件吧,其它通讯方式
我在开会，加个微信，待会聊,其它通讯方式
发给我啊,其它通讯方式
我等下回家，你打我座机,其它通讯方式
我们在陌陌上仔细聊一下吧,其它通讯方式
你敢出来聊不？,其它通讯方式
我的微信就是这个手机号，你加我吧，把详情发过来,其它通讯方式
加我instagram吧,其它通讯方式
微信上把明细发给我看下,其它通讯方式
你qq好多,其它通讯方式
你微信好多,其它通讯方式
我在开会，加个 QQ，待会聊,其它通讯方式
QQ上把相关的东西发给我看下,其它通讯方式
手机可能没信号，短信联系我把,其它通讯方式
别打我电话了，有时候接不到，加个微信说。,其它通讯方式
你是谁？我干嘛听你的,回问身份
你是谁？你为什么有我的电话？,回问身份
你是谁啊,回问身份
你是谁呀,回问身份
你是谁？你从哪里得到我的电话的？,回问身份
你是推销保险的吧,回问身份
你谁啊不认识,回问身份
你是诈骗的吧,回问身份
你是做什么的,回问身份
你谁啊,回问身份
你在为谁工作,回问身份
你谁啊！我不跟第三方联系,回问身份
你是谁？,回问身份
你在哪里打的电话,回问身份
你谁啊？,回问身份
你说你是XX公司就是啊，杂证明啊？,回问身份
你是谁，在说什么,回问身份
你哪位啊,回问身份
你是哪位啊？,回问身份
你干嘛总打我电话,回问身份
你干啥,回问身份
你们干嘛,回问身份
你们干嘛的,回问身份
你们谁呀,回问身份
你哪来的这个电话？,回问身份
你哪里的,回问身份
你哪里的啊？打我电话干嘛啊,回问身份
你哪位,回问身份
你怎么打我电话啊,回问身份
你是？,回问身份
你是干嘛的,回问身份
你是干什么的,回问身份
你是哪的,回问身份
你是哪个,回问身份
你是哪个嘛？,回问身份
你是哪个喃？,回问身份
你是哪里,回问身份
你是哪里人,回问身份
你是谁,回问身份
你怎么知道我电话,回问身份
我又没问你借钱，你算老几哦？,回问身份
你哪位？,回问身份
啥？哪个喃？,回问身份
朋友，可不可以先告诉我你谁谁？,回问身份
谁啊,回问身份
请问贵姓,回问身份
莫逗我老，美女，你哪个,回问身份
怎么有我号码,回问身份
怎么会这样啊,回问身份
谁？,回问身份
兄弟你谁啊,回问身份
我认识你么,回问身份
谁,回问身份
我为什么要告诉你,回问身份
你干嘛的啊,回问身份
啥子，哪个？,回问身份
我怎么相信你啊,回问身份
是谁雇你打电话的,回问身份
我为什么要告诉你啊,回问身份
你他妈谁啊,回问身份
你哪知道我的哦,回问身份
你怎么会有我的联系方式，怎么知道我欠钱了呢,回问身份
呵呵，给我验证一下你是不是骗子,回问身份
你住北京？,回问身份
我认识你吗,回问身份
我怎么知道你不是骗子啦？,回问身份
催收公司是什么，我欠钱的是银行啊,回问身份
你吃多了,回问身份
为什么要告诉你啊,回问身份
朋友，我都不晓得你是谁？,回问身份
为什么要告诉你,回问身份
你这个号码打过来怎么是显示骚扰电话,回问身份
你他妈谁呀，瞎几把打,回问身份
你这是什么电话打过来的,回问身份
莫逗我老，帅哥，你哪个,回问身份
今天已经接到好几个电话了,回问身份
我为啥要相信你,回问身份
麻烦先让我确认下你的身份再说,回问身份
你是？？,回问身份
你怎么知道我的电话？,回问身份
对不起，我不认识你,回问身份
你他妈是谁啊，我欠不欠钱关你屁事,回问身份
你干嘛打我电话,回问身份
你怎么知道的？,回问身份
你到底是谁,回问身份
你拉个？豁我,回问身份
你拉个？你是变态哇,回问身份
你拉个？乞丐哇,回问身份
你拉个？请说四川话,回问身份
你拉个？我听不懂,回问身份
你拉个？我只能听懂四川话,回问身份
你拉个？有毛病哇？,回问身份
你们是哪里？,回问身份
你哪个阿,回问身份
你哪个哈,回问身份
你哪个哈哈哈,回问身份
你哪个啦,回问身份
你哪个呢,回问身份
你哪个哇,回问身份
你哪里,回问身份
你哪里的,回问身份
我人都不认识你，怎么会欠你钱,回问身份
你拉个？变态哇,回问身份
你贵姓,回问身份
哪个哟呢,回问身份
哪个呀？者,回问身份
请问你找哪个,回问身份
找谁？,回问身份
找谁,回问身份
找哪个喃？,回问身份
找哪个？,回问身份
在打牌，你是哪个,回问身份
你等等。,回问身份
我在联系你,回问身份
你是从哪里打的电话,回问身份
俺不认识你,回问身份
不晓得你是哪个,回问身份
瓜西西的，你是哪个,回问身份
名字呢,回问身份
哪个喃？,回问身份
哪个呢？,回问身份
哪个呀？,回问身份
哪个呀？阿,回问身份
哪个呀？啦,回问身份
俺认识你么？,回问身份
你是个瓜娃子哦,回问身份
你是哪个,回问身份
你是哪个？,回问身份
你又是谁嗯,回问身份
你又是谁哈,回问身份
你又是谁哈哈哈,回问身份
你又是谁了,回问身份
骗人的吧,回问身份
骗子,回问身份
请问你是谁,回问身份
谁谁谁,回问身份
你又是谁唉,回问身份
为啥通知我？,回问身份
干啥啊,回问身份
哪个？,回问身份
哪个喃？,回问身份
哪个哦？,回问身份
哪个傻子啊,回问身份
那位,回问身份
内谁啊,回问身份
你打我电话有什么事？,回问身份
啊你是谁啊你找哪个,回问身份
你干嘛,回问身份
你又是谁啊,回问身份
你又是谁，没意思,回问身份
你是哪个嘛,回问身份
你是哪根葱？,回问身份
你是哪里啊,回问身份
你是谁，我不认识他。,回问身份
你是谁？,回问身份
你是谁啊,回问身份
你是推销的吧,回问身份
你是周杰伦吗,回问身份
你又是谁阿,回问身份
你是专门催债的吗,回问身份
你谁啊,回问身份
你谁啊？,回问身份
你先说你是哪个，没意思,回问身份
你先说你是哪个啊,回问身份
你先说你是哪个嗯,回问身份
你先说你是哪个哈,回问身份
你先说你是哪个没意思,回问身份
你先说你是哪个哇,回问身份
你谁,回问身份
我怕你是骗子哦,回问身份
莫逗我老，兄弟，你哪个,回问身份
我不确认你的身份，你们公司有电话么？我要查一下,回问身份
你叫什么名字,回问身份
你从哪儿听到这个名字的？,回问身份
我凭什么告诉你？,回问身份
为什么要告诉你,回问身份
你是谁啊？哪里来的我电话,回问身份
先报上你的姓名,回问身份
你哪个,回问身份
这个号码我才换的,回问身份
你日吗是哪个,回问身份
你咋个会有我的电话，你是哪个哦？,回问身份
我怎么才能知道你不是骗我的,回问身份
你是哪里人啊,回问身份
为什么告诉你,回问身份
你是？,回问身份
你是隔壁章三？,回问身份
想套我信息？,回问身份
兄弟你谁啊,回问身份
兄弟你干嘛？,回问身份
美女，你杂晓得我电话号码的呢？,回问身份
你是干什么的,回问身份
你怎么有我的手机号码？,回问身份
你这个号码打过来怎么是显示骚扰电话,回问身份
你是哪位,回问身份
啥子玩意儿哦,回问身份
你是哪里的，怎么会有我的电话号码,回问身份
你是谁啊？,回问身份
你是哪家公司的,回问身份
你是坏蛋？,回问身份
你真的是催收的,回问身份
你是谁？你从哪里得到我的电话的？,回问身份
你怎么证明你身份啊？,回问身份
你是骗子吧，电话都显示是诈骗,回问身份
我这显示你这个号码是推销号码喃,回问身份
我怎么可能借钱,回问身份
你是三儿哇,回问身份
先说哈你搞哪样的,回问身份
我的电话从来都是保密的，你从哪里弄到的，你是哪个？,回问身份
你哪搞样的,回问身份
你没糗事做了哇,回问身份
不知道你是谁？,回问身份
兄弟，你谁啊？,回问身份
打错了,回问身份
先把你的身份说出来再问我是谁,回问身份
你是咋个认识XXX的,回问身份
你是谁,回问身份
你谁啊,回问身份
你从哪儿弄到的电话？,回问身份
你是哪个啊？,回问身份
你是哪位？,回问身份
咋个,回问身份
我为什么要告诉你，你谁呀,回问身份
我从没借过钱，你是谁啊,回问身份
谁？你说谁？,回问身份
你谁啊,回问身份
你是哪家银行？,回问身份
你是哪个公司的？,回问身份
你那边怎么这么吵，在工地吗？,回问身份
你哪个,回问身份
你们哪儿来的我的电话？,回问身份
who are you,回问身份
你是哪个？,回问身份
我还问你是不是谁呢？,回问身份
贷款的还是卖保险的,回问身份
你纳闷晓得我电话啊？,回问身份
你是搞啥的,回问身份
你是哪个？你咋个有我的电话？,回问身份
你弄啥的,回问身份
你的工号是多少，哪个催收公司的？,回问身份
你哪个哦,回问身份
你谁啊，找我有事吗,回问身份
你是骗子吧,回问身份
你是谁？你咋个有我的电话？,回问身份
我猜你是打错了,回问身份
你是哪个？,回问身份
你谁啊？,回问身份
你是谁?,回问身份
小妹，你叫啥啊？,回问身份
你是谁啊？我凭什么相信你啊,回问身份
我凭什么相信你哦,回问身份
你到底是哪个哦？,回问身份
你们又是哪个公司的嘛,回问身份
请问你哪位,回问身份
你哪个？为什么要告诉你,回问身份
你怎么知道我电话,回问身份
兄弟，你太天真了,回问身份
你这个是骚扰电话啊？,回问身份
莫逗我老，朋友，你哪个,回问身份
你又是哪个,回问身份
你个哪个，我为什么要告诉你我是哪个？,回问身份
自我介绍一哈,回问身份
啥子才告诉你,回问身份
你长得乖所,回问身份
为什么要还你钱？你是谁,回问身份
你是做什么的,回问身份
你先告诉我你是谁,回问身份
你多大了,回问身份
你先说，我在说,回问身份
兄弟，你哪位？,回问身份
你好久去的你们公司哦？你们那是骗子高利贷公司哦,回问身份
你怎么证明我欠你们钱？,回问身份
你不是骗子吧,回问身份
你号码显示诈骗啦？,回问身份
小妹，你好久去的你们公司哦，我劝你还是赶紧离职哦，别被骗了,回问身份
你不会是骗子吧？,回问身份
你龟儿是哪个,回问身份
朋友，你是哪个？,回问身份
我的信息为啥要透露,回问身份
你真的是想的出来哦,回问身份
刚才电话是不是也是你打的,回问身份
你哪个公司的？,回问身份
我借了很多家，你是哪家的？,回问身份
我现在知道你是谁？,回问身份
美女，你年纪轻轻干啥不好啊，别给高利贷打工了！,回问身份
我是欠钱，但是只欠公司的钱，不欠一个随便打电话来的陌生人的钱,回问身份
我不认识你,回问身份
已经有人联系过我了,回问身份
莫逗我老，孃，你哪个,回问身份
朋友，你是哪个？你为什么打我电话？,回问身份
你嚯哪个,回问身份
你是哪里的，我要告你骚扰,回问身份
你工号？,回问身份
你怎么是用私人电话打的,回问身份
这个点该吃饭了,回问身份
莫逗我老，大姐，你哪个,回问身份
你说你是谁？,回问身份
你是骗子吧，我手机显示你是骚扰电话,回问身份
我靠，我的信息又被卖了,回问身份
who are you?,回问身份
我来电显示这是：疑似骗子电话,回问身份
你哪位？哪里凉快去哪里,回问身份
你们哪个公司的,回问身份
莫逗我老，哥们，你哪个,回问身份
你先说看看你是哪个,回问身份
弄啥的？说看看,回问身份
我为什么要告诉你,回问身份
你在哪,回问身份
昨天给我打电话的是不是你们同事啊,回问身份
这个号码显示骚扰啦？,回问身份
你们公司叫什么名字,回问身份
要不先加个微信，我确认下你身份？,回问身份
你是谁，我为什么要告诉你我是谁？,回问身份
你是催收员,回问身份
你是谁？你从哪里得到我的电话的,回问身份
你是不会帅哥,回问身份
我怎么知道你是不是骗子,回问身份
你咋个会有我的电话，你是谁？,回问身份
我是谁凭什么告诉你？,回问身份
哼，你别扰我,回问身份
你哪家公司的,回问身份
你是不是美女,回问身份
嗯嗯，你谁啊,回问身份
为啥给你说哦,回问身份
先告诉我你是谁,回问身份
兄弟，你是谁？,回问身份
鬼大爷晓得你不是债务公司的人啊,回问身份
你工号好多,回问身份
我挺你口音不是成都的哇？哪里人啊,回问身份
大哥，你哪个,回问身份
我的电话从来都是保密的，你从哪里弄到的，你是谁？,回问身份
你哪位？你哪们晓得我的电话,回问身份
"兄die,我为撒子要给你说，你谁啊",回问身份
你信不信我弄死你,回问身份
你是不是催债的啊,回问身份
不知道你想表达什么,回问身份
风太大，,故意岔开话题
风太大,故意岔开话题
你们继续,故意岔开话题
风太大,故意岔开话题
风大,故意岔开话题
分太大,故意岔开话题
太差了，得换个新的。,故意岔开话题
你他妈说啊,故意岔开话题
风起的时候,故意岔开话题
吃饭了,故意岔开话题
耳朵聋了,故意岔开话题
啊！这么多啊！,故意岔开话题
暴风雨就要来了，我要先考虑我的安全问题,故意岔开话题
风太大了，听不见你说什么,故意岔开话题
搞错了,故意岔开话题
嘿嘿嘿,故意岔开话题
今天的球赛特别精彩,故意岔开话题
今天适合旅游,故意岔开话题
你在干嘛,故意岔开话题
今天天气真好,故意岔开话题
今天天气好,故意岔开话题
风来了,故意岔开话题
你在干啥,故意岔开话题
你说什么，你再敢说一次，看我弄死你不,故意岔开话题
外面的天气怎么样，,故意岔开话题
暴风雨太大,故意岔开话题
吃饭,故意岔开话题
把电视关了,故意岔开话题
把车洗了,故意岔开话题
啊？俺在新疆吐鲁番盆地,故意岔开话题
啊？俺在新疆吐鲁番旅游呢，这里美女可多了,故意岔开话题
啊？俺在新疆吐鲁番旅游呢，你来不，我等你,故意岔开话题
啊？俺在新疆吐鲁番旅游呢，你来不,故意岔开话题
啊？俺在新疆吐鲁番旅游呢，给你带点啥,故意岔开话题
啊？俺在新疆吐鲁番旅游呢,故意岔开话题
啊？俺在新疆吐鲁番,故意岔开话题
啊，俺在新疆,故意岔开话题
哇，今天好像要下暴雨。,故意岔开话题
雪一直下,故意岔开话题
我帅的不要不要的,故意岔开话题
分批的哇？,故意岔开话题
我现在心情不好,故意岔开话题
我心情不好,故意岔开话题
我贼帅,故意岔开话题
我怎么说。,故意岔开话题
有事说事,故意岔开话题
有,故意岔开话题
呦呦呦,故意岔开话题
我这边下雨,故意岔开话题
外面下雨了么,故意岔开话题
手机听筒坏了,故意岔开话题
今天天气真晴朗,故意岔开话题
小姐姐你吃过没,故意岔开话题
六一儿童节快乐,故意岔开话题
你小孩几岁？,故意岔开话题
坐牢了,故意岔开话题
坐牢了,故意岔开话题
坐牢才出来,故意岔开话题
最近天天下雨吗,故意岔开话题
最近他有没有和你联系啊,故意岔开话题
最近生意好吗,故意岔开话题
真凉快,故意岔开话题
这人怎么了,故意岔开话题
这人是干什么的,故意岔开话题
这里有饭要吃吗,故意岔开话题
你有老婆吗？,故意岔开话题
这里的风景真好,故意岔开话题
早点回家,故意岔开话题
又下大雨了,故意岔开话题
有人喊我,故意岔开话题
有答案,故意岔开话题
要不我们聊聊别的,故意岔开话题
杨颖，咋是你呢？,故意岔开话题
嘻嘻,故意岔开话题
小姐姐不要害羞吗,故意岔开话题
吃饭呢,故意岔开话题
阳光好好,故意岔开话题
小丽，咋是你呢？,故意岔开话题
长头发短头发？,故意岔开话题
凉凉天意,故意岔开话题
你想多了,故意岔开话题
卖保险,故意岔开话题
落入凡尘,故意岔开话题
咩理个浪,故意岔开话题
莫名其妙的,故意岔开话题
你多大？,故意岔开话题
哦，今天好像地震了，广元，你晓得不？,故意岔开话题
入水流,故意岔开话题
伤情着我,故意岔开话题
生劫易渡,故意岔开话题
时间太快了,故意岔开话题
世界这么大，我想去看看,故意岔开话题
说散就散,故意岔开话题
你耍朋友没,故意岔开话题
天气不错,故意岔开话题
天天催啥子嘛！没得钱还！,故意岔开话题
我吃饭了,故意岔开话题
我饿了,故意岔开话题
我给病人看病呢，你要不要也看一下？,故意岔开话题
我妈妈来了,故意岔开话题
下班后去健身吧,故意岔开话题
先来一首五环之歌吧,故意岔开话题
心情不错,故意岔开话题
延啥子也？听不清？你再说一遍,故意岔开话题
一边玩泥巴去！,故意岔开话题
最近球赛还有点好看，买彩票没？,故意岔开话题
天气有点热哦，风都没的点点,故意岔开话题
出去 happy,故意岔开话题
哎呀烦不烦,故意岔开话题
等我躲过了这场洪水再说吧,故意岔开话题
雨太大了,故意岔开话题
雨太大,故意岔开话题
有朋友,故意岔开话题
有女友,故意岔开话题
下雨呢,故意岔开话题
下雨了,故意岔开话题
下高速,故意岔开话题
下次再说,故意岔开话题
我在睡觉我在做梦,故意岔开话题
我在水里,故意岔开话题
我在上山,故意岔开话题
我在打lol,故意岔开话题
我再休息,故意岔开话题
我要睡觉了,故意岔开话题
我现在在睡觉,故意岔开话题
我现在睡觉，没空。,故意岔开话题
我先洗个澡,故意岔开话题
我困了,故意岔开话题
我很忙,故意岔开话题
我饿了,故意岔开话题
我到时候联系你把,故意岔开话题
我打麻将呢，等我结束的！,故意岔开话题
睡觉,故意岔开话题
手机有点坏了,故意岔开话题
手机坏了,故意岔开话题
雨下太大，没法去处理,故意岔开话题
手机放在宿舍了,故意岔开话题
在打猎,故意岔开话题
在海里,故意岔开话题
你们简直是高利贷哦哈,故意岔开话题
你们简直是高利贷哦阿,故意岔开话题
你们简直是高利贷哦，没意思,故意岔开话题
你们搞这个也太黑了，利息好高,故意岔开话题
高利贷吧,故意岔开话题
你是胎神吗,故意岔开话题
我看你是瓜娃子,故意岔开话题
我看你是胎宝宝,故意岔开话题
莫逗我老，妹儿，你哪个,故意岔开话题
我是最帅的,故意岔开话题
再打就报警了,故意岔开话题
有好处就是,故意岔开话题
我有钱还的时候你杂不说,故意岔开话题
我有钱的时候，你干嘛不给我打电话,故意岔开话题
你怎么不早说,故意岔开话题
后年再说,故意岔开话题
别打扰我,故意岔开话题
车速太快,故意岔开话题
大雨即将来临,故意岔开话题
地震得好厉害，好厉害，好晃动！,故意岔开话题
情劫难了折旧的心,故意岔开话题
为啥要还,故意岔开话题
我不明白你在说啥，我现在很忙。,故意岔开话题
雨太大了，躲雨去了,故意岔开话题
在睡觉,故意岔开话题
在放牧,故意岔开话题
你说拨打的用户，无法接通,故意岔开话题
你说拨打的用户，无法接听你的电话,故意岔开话题
忙,故意岔开话题
睡觉了,故意岔开话题
手机烂了,故意岔开话题
手机坏了,故意岔开话题
手机好卡,故意岔开话题
你有时间关没？这个点了～,故意岔开话题
没时间,故意岔开话题
没电了,故意岔开话题
没得电了！,故意岔开话题
忙呢,故意岔开话题
忙了,故意岔开话题
忙,故意岔开话题
进电梯了。,故意岔开话题
今天没得空,故意岔开话题
好忙,故意岔开话题
好冷咯,故意岔开话题
好冷,故意岔开话题
好大的雨,故意岔开话题
好大的雾霾,故意岔开话题
好大的雾,故意岔开话题
好大的太阳,故意岔开话题
好大的风,故意岔开话题
飞机上,故意岔开话题
做火车呢,故意岔开话题
都吃饭了,故意岔开话题
等我跟老板商量能预支工资不,故意岔开话题
我电话快没电了,故意岔开话题
我电话有点问题,故意岔开话题
我好累,故意岔开话题
我好忙,故意岔开话题
你不认识我？,故意岔开话题
吃饭,故意岔开话题
在下雨！,故意岔开话题
雨太大,故意岔开话题
雨好大，我先闪了。,故意岔开话题
修手机,故意岔开话题
现在已经晚上10点，你们不下班吗,故意岔开话题
先不说了，我要去打麻将了,故意岔开话题
下雨了,故意岔开话题
下暴雨来了,故意岔开话题
我在看世界杯，英格兰出现,故意岔开话题
我在看世界杯，伊朗out,故意岔开话题
大雨即将来临,故意岔开话题
我在看世界杯，日本死翘翘了,故意岔开话题
我在看世界杯，你看没,故意岔开话题
我在看世界杯，你堵谁赢,故意岔开话题
我在看世界杯，法国out,故意岔开话题
我在看世界杯，别骚扰我,故意岔开话题
我在看世界杯，别打扰我,故意岔开话题
我在看世界杯,故意岔开话题
我在打牌,故意岔开话题
我没时间,故意岔开话题
我没空,故意岔开话题
我忙了,故意岔开话题
我今天要看球赛，不要烦我,故意岔开话题
我今天要看球赛,故意岔开话题
我在看世界杯，你是铲屎官,故意岔开话题
我是喜欢你,故意岔开话题
明天天气很好,故意岔开话题
我是天下第一帅,故意岔开话题
今天真是好天气呀,故意岔开话题
今天中午喝稀饭,故意岔开话题
今天中午没吃饭,故意岔开话题
竟如此融洽,故意岔开话题
看此生应是有志难酬,故意岔开话题
看到到电视,故意岔开话题
看燕来 看花艳,故意岔开话题
可能啊,故意岔开话题
可能是我在做梦吧,故意岔开话题
可是一粒粮食是父母的希望啊,故意岔开话题
可惜不是你,故意岔开话题
可以用其他东西抵押不,故意岔开话题
克罗地亚大败阿根廷,故意岔开话题
空了打麻将哈,故意岔开话题
空调好冷,故意岔开话题
快收衣服了,故意岔开话题
宽容宽容哈～,故意岔开话题
没毛病666,故意岔开话题
满满的月光,故意岔开话题
麦子熟了,故意岔开话题
马作的卢弓如霹雳征战沙场,故意岔开话题
六一儿童节快乐,故意岔开话题
凉风有信没意思,故意岔开话题
今天早上没吃饭,故意岔开话题
来赋词几首,故意岔开话题
啦啦,故意岔开话题
宽恕我的平凡了,故意岔开话题
宽恕我的平凡哈哈哈,故意岔开话题
宽恕我的平凡哈,故意岔开话题
宽恕我的平凡啊,故意岔开话题
宽恕我的平凡阿,故意岔开话题
啦啦啦,故意岔开话题
没听他说过么～,故意岔开话题
今天早上吃馒头,故意岔开话题
今天心情不好哈,故意岔开话题
驾一叶扁舟,故意岔开话题
捡破烂,故意岔开话题
借楚天千里清秋,故意岔开话题
今生无缘，来世再见,故意岔开话题
今天不吃饭,故意岔开话题
今天出去吃,故意岔开话题
今天风大哈～,故意岔开话题
今天天公不作美,故意岔开话题
今天天公不作美，唉,故意岔开话题
今天天公不作美，心情不好,故意岔开话题
今天天公不作美，郁闷,故意岔开话题
今天天气不错,故意岔开话题
今天天气好,故意岔开话题
今天天气好晴朗，处处好风光,故意岔开话题
今天天气很好,故意岔开话题
今天天气很好，没意思,故意岔开话题
今天天气很好阿,故意岔开话题
今天晚上没吃饭,故意岔开话题
今天晚上不吃饭,故意岔开话题
今天天气真好也,故意岔开话题
今天天气真好哈哈哈,故意岔开话题
今天天气真好哈,故意岔开话题
今天天气真好阿,故意岔开话题
今天有点热，你们有空调吗,故意岔开话题
今天天气真好,故意岔开话题
今天天气很好哇,故意岔开话题
今天天气很好没意思,故意岔开话题
今天天气很好哈哈哈,故意岔开话题
今天天气很好哈,故意岔开话题
今天天气很好嗯,故意岔开话题
今天天气很好吧,故意岔开话题
今天天气很好者,故意岔开话题
美芹心意,故意岔开话题
明天出去玩,故意岔开话题
墨西哥赢了,故意岔开话题
气温已经到了34度，你们要注意保温,故意岔开话题
汽车还多啊,故意岔开话题
钱钱都舍不得,故意岔开话题
钱钱钱，命相连了,故意岔开话题
清风明月稻花香里蝉鸣声声,故意岔开话题
情千变万化,故意岔开话题
秋月无边嗯,故意岔开话题
秋月无边乎,故意岔开话题
秋月无边没意思,故意岔开话题
秋月无边哇,故意岔开话题
去不到终点，就回到原点阿,故意岔开话题
去不到终点，就回到原点嗯,故意岔开话题
去不到终点，就回到原点哈哈哈,故意岔开话题
去不到终点，就回到原点了,故意岔开话题
去不到终点，就回到原点哇,故意岔开话题
却明争暗斗,故意岔开话题
人都不好了,故意岔开话题
收失地,故意岔开话题
收人了,故意岔开话题
是不是那个在敲代码的？,故意岔开话题
世界这么大，我想去看看没意思,故意岔开话题
世界杯,故意岔开话题
实在是,故意岔开话题
气氛开始有一点尴尬,故意岔开话题
尚能饭否,故意岔开话题
瑞士赢了,故意岔开话题
瑞典赢了,故意岔开话题
日本赢了,故意岔开话题
人血馒头不好吃,故意岔开话题
人太多了,故意岔开话题
人人都在闹,故意岔开话题
若一心一意,故意岔开话题
起床了,故意岔开话题
乞讨,故意岔开话题
其他人的,故意岔开话题
你看过侏罗纪世界吗,故意岔开话题
你就pause,故意岔开话题
你会输,故意岔开话题
你好美,故意岔开话题
你好坏,故意岔开话题
你的背包，背到现在还没烂,故意岔开话题
你没事吧,故意岔开话题
你嘚瑟嘛,故意岔开话题
你吃饭没嘛,故意岔开话题
你吃饭了么,故意岔开话题
你吃饱了吗,故意岔开话题
你测试下,故意岔开话题
能请我看一场电影吗,故意岔开话题
难回首,故意岔开话题
你打我孙，我打你爸,故意岔开话题
记得冲水费,故意岔开话题
你美眷如花,故意岔开话题
你们一定饿了哇，还够嘛？再来一盘菜，先欠到。,故意岔开话题
葡萄牙赢了,故意岔开话题
葡萄牙输了,故意岔开话题
偏安一隅而不思北收,故意岔开话题
牛逼,故意岔开话题
年少万兜鍪,故意岔开话题
你在说书嘛,故意岔开话题
你们放贷有点赚钱哦，能不能分享下经验,故意岔开话题
你有药吗,故意岔开话题
你有没有爱上我,故意岔开话题
你要请我看电影吗,故意岔开话题
你喜欢刘德华不,故意岔开话题
你们最近看世界杯吗,故意岔开话题
你们一天可以打好多个这种电话,故意岔开话题
你们一天工作好多小时,故意岔开话题
你有没有礼貌哟,故意岔开话题
收衣服了,故意岔开话题
几多浓烈的相思,故意岔开话题
会不会惊扰梦乡,故意岔开话题
你敢来见我么？,故意岔开话题
不清楚,故意岔开话题
需要承担什么责任么,故意岔开话题
我又不止借了你们一家公司,故意岔开话题
不晓得,故意岔开话题
要钱没有，要命一条,故意岔开话题
叮叮有没有,故意岔开话题
还不起你又能把我怎样,故意岔开话题
你有没有叮叮,故意岔开话题
大雁飞过去,故意岔开话题
还有那满满的心意,故意岔开话题
几多离愁  花间朦胧把酒,故意岔开话题
看不尽江水东流,故意岔开话题
看到、看到、最高的云里,故意岔开话题
料峭清风正轻奏   伊人瘦,故意岔开话题
抢五月的时候有你的身影吗,故意岔开话题
小溪向东去,故意岔开话题
啊，五环，你不四环多一环,故意岔开话题
啊，五环，你不六环少一环,故意岔开话题
阿斯顿撒,故意岔开话题
阿拉小得了,故意岔开话题
阿根廷赢了,故意岔开话题
阿根廷进球了,故意岔开话题
要不你报警抓我吧,故意岔开话题
阿根廷出局了,故意岔开话题
醉里登高却不见吴钩,故意岔开话题
只要你能在地头儿转转不用说个啥,故意岔开话题
约定好、约定好,故意岔开话题
欲说还休  依稀新词强说愁,故意岔开话题
欲举目神州  一片南雁北走,故意岔开话题
要分离、要分离,故意岔开话题
阿大,故意岔开话题
埃及输了,故意岔开话题
光脚的不怕穿鞋的,故意岔开话题
唷唷,故意岔开话题
你打我电话不知道我是谁？,故意岔开话题
你瓜娃子所,故意岔开话题
优惠力度那么小，算了,故意岔开话题
除非你带你闺蜜来我家,故意岔开话题
明天朋友就换我钱了,故意岔开话题
除非你晚上来我家,故意岔开话题
哪个来帮哈我嘛,故意岔开话题
我看不清,故意岔开话题
没办法,故意岔开话题
我是别个帮我办的,故意岔开话题
管不到了,故意岔开话题
整不来关键是,故意岔开话题
好累,故意岔开话题
呵呵,故意岔开话题
呵呵，没意思,故意岔开话题
呵呵吧,故意岔开话题
呵呵哈,故意岔开话题
哟哟,故意岔开话题
不慌，我可以先唱首歌给你听一下,故意岔开话题
你们还发福利了啊,故意岔开话题
你想多了,故意岔开话题
嘿嘿嘿哈哈哈,故意岔开话题
嘿嘿嘿嗯,故意岔开话题
这明显是不可能的,故意岔开话题
嘿嘿嘿吧,故意岔开话题
嘿嘿嘿，没意思,故意岔开话题
嘿嘿嘿,故意岔开话题
嘿嘿,故意岔开话题
呵呵哇,故意岔开话题
呵呵没意思,故意岔开话题
呵呵呵呵,故意岔开话题
嘿嘿嘿啊,故意岔开话题
爱春雨,故意岔开话题
爱了月光,故意岔开话题
爱上层楼 天凉又难道是秋,故意岔开话题
注意身体,故意岔开话题
走起，出去耍,故意岔开话题
醉里挑灯吹角连营梦里依稀,故意岔开话题
昨天的彩票没有中，今天继续买,故意岔开话题
昨天我订的那只兔子快点给我送过来,故意岔开话题
法国输了,故意岔开话题
法国赢了,故意岔开话题
丰年意,故意岔开话题
风吹雨打愿山河依旧,故意岔开话题
父母的干劲儿会一年更比一年大,故意岔开话题
干你们这行工资高不,故意岔开话题
哥们儿，吃午饭没,故意岔开话题
哥在不,故意岔开话题
跟你去到遥远的梦里,故意岔开话题
跟着我摇摆,故意岔开话题
哏哏,故意岔开话题
股民朋友吗,故意岔开话题
会不会改变模样,故意岔开话题
回忆总想哭，一个人太孤独呢,故意岔开话题
唤取红巾翠袖,故意岔开话题
划落的万千情丝,故意岔开话题
花儿、花儿、慢慢落下,故意岔开话题
荷兰输了,故意岔开话题
终于完了,故意岔开话题
好漂亮,故意岔开话题
好美丽,故意岔开话题
韩国赢了,故意岔开话题
害怕这美丽的瞬间遗忘,故意岔开话题
过来坐下不嘛,故意岔开话题
过来喝茶哈,故意岔开话题
官人进来坐坐好吗,故意岔开话题
好牌,故意岔开话题
中国主权,故意岔开话题
智利赢了,故意岔开话题
栀子花吐着芳香,故意岔开话题
侧酒自倾上重霄,故意岔开话题
草好绿,故意岔开话题
不用干活你也没时间回家吗,故意岔开话题
不思量有多少遗憾,故意岔开话题
不好不坏,故意岔开话题
不得哦，今天不得下雨哦，太阳大得很。,故意岔开话题
趁着夜还未央,故意岔开话题
不打错电话了哇,故意岔开话题
别扶我,故意岔开话题
比利时输了,故意岔开话题
保护自己,故意岔开话题
把你印上我的翅膀,故意岔开话题
巴西赢了,故意岔开话题
巴西输了,故意岔开话题
冰岛会赢,故意岔开话题
即便这功劳尽舍弃,故意岔开话题
出门独占车马道,故意岔开话题
触动我的,故意岔开话题
这雨真大,故意岔开话题
独自品尝,故意岔开话题
电脑好卡,故意岔开话题
德国赢球了,故意岔开话题
德国赢了,故意岔开话题
德国输了,故意岔开话题
出太阳了,故意岔开话题
德国,故意岔开话题
打雷了哇？,故意岔开话题
打雷了,故意岔开话题
打豆豆了,故意岔开话题
打滴,故意岔开话题
答案想得头疼,故意岔开话题
春暖花开,故意岔开话题
但为康乐解酒刨,故意岔开话题
我是天下无敌超级无敌非常帅,故意岔开话题
收音机坏了,故意岔开话题
束裾投酒定杰豪,故意岔开话题
摩托,故意岔开话题
能不能换个女的来,故意岔开话题
能用的钱有多少,故意岔开话题
你爸爸咋样啦？,故意岔开话题
你帮我带一句话给他,故意岔开话题
你被逮捕了,故意岔开话题
你吵到我睡觉了,故意岔开话题
你吃**了吗,故意岔开话题
你吃粑粑了吗,故意岔开话题
你吃臭臭了吗,故意岔开话题
你吃大了吗,故意岔开话题
你吃的多吗,故意岔开话题
你吃东西了吗,故意岔开话题
你吃饭了吗,故意岔开话题
你吃饭了吗；w,故意岔开话题
你吃饭了么,故意岔开话题
你吃饭了没,故意岔开话题
你好可爱,故意岔开话题
你还没下班,故意岔开话题
你工作咋样？,故意岔开话题
你给我好处我就告诉你,故意岔开话题
你发工资了没有,故意岔开话题
你大舅咋样？,故意岔开话题
你们简直是高利贷哦没意思,故意岔开话题
你大舅妈咋样？,故意岔开话题
你吃爽了吗,故意岔开话题
你吃了没,故意岔开话题
你吃了吗,故意岔开话题
你吃嗨了吗,故意岔开话题
你吃够了吗,故意岔开话题
你吃饭没有,故意岔开话题
你打错了,故意岔开话题
你好吗？,故意岔开话题
领导来了,故意岔开话题
丽丽，咋是你呢？,故意岔开话题
今天天气不错啊,故意岔开话题
今天天气不好不想说话,故意岔开话题
今天天气好,故意岔开话题
今天天气好啊,故意岔开话题
今天天气好安逸,故意岔开话题
今天天气好棒,故意岔开话题
今天天气好差,故意岔开话题
今天天气好的很,故意岔开话题
今天天气好好,故意岔开话题
今天天气好爽,故意岔开话题
今天天气好爽啊,故意岔开话题
今天天气好爽啊哈哈哈,故意岔开话题
今天天气好爽啊真的,故意岔开话题
今天天气好爽哈哈,故意岔开话题
今天天气很好,故意岔开话题
今天天气挺好,故意岔开话题
今天天气真好,故意岔开话题
了解,故意岔开话题
拉黑,故意岔开话题
快涨工资,故意岔开话题
快结束了,故意岔开话题
看不到,故意岔开话题
开玩笑,故意岔开话题
莉莉，咋是你呢？,故意岔开话题
开车了不知道,故意岔开话题
今天有点热,故意岔开话题
今天有点冷,故意岔开话题
今天下雨了,故意岔开话题
今天我很帅,故意岔开话题
今天我还不了,故意岔开话题
今天外面居然下雨了,故意岔开话题
进传销了,故意岔开话题
你后天处理吗,故意岔开话题
你回家了吗,故意岔开话题
你急啥啊,故意岔开话题
失踪了,故意岔开话题
随缘,故意岔开话题
太阳好大啊,故意岔开话题
太阳太大了,故意岔开话题
提现,故意岔开话题
提债挂,故意岔开话题
天气,故意岔开话题
天气不错,故意岔开话题
天气好,故意岔开话题
天气很好,故意岔开话题
天气很好呀,故意岔开话题
天气如何啊？,故意岔开话题
天气我怎样,故意岔开话题
天气怎么样,故意岔开话题
天气怎么样啊,故意岔开话题
天气怎样,故意岔开话题
天气怎样啊,故意岔开话题
我是大帅哥,故意岔开话题
我骗你什么,故意岔开话题
我老帅了,故意岔开话题
我好帅,故意岔开话题
我好man啊,故意岔开话题
我刚买的,故意岔开话题
什么样,故意岔开话题
我吃过午饭了,故意岔开话题
我不要买什么产品,故意岔开话题
我不买房,故意岔开话题
我不开心,故意岔开话题
哇哇那件衣服好好看,故意岔开话题
天上下雨了,故意岔开话题
天气真好,故意岔开话题
我吃饭了，你自言自语吧,故意岔开话题
什么颜色的衣服,故意岔开话题
什么时候没有联系啊,故意岔开话题
深井冰,故意岔开话题
你去看电影了吗,故意岔开话题
你去超市吗,故意岔开话题
你们是同事吧,故意岔开话题
你们是啥关系,故意岔开话题
你们能拿多少钱工资啊,故意岔开话题
你们吃饭了吗,故意岔开话题
你上班累不,故意岔开话题
你妹妹咋样？,故意岔开话题
你妈妈咋样？,故意岔开话题
你累不累呀,故意岔开话题
你老婆咋样？,故意岔开话题
你困不困,故意岔开话题
你看我咋样,故意岔开话题
你今天上边没,故意岔开话题
你吗关系很好吧,故意岔开话题
今天天气不错,故意岔开话题
你生活咋样？,故意岔开话题
你声音挺好听的,故意岔开话题
上面有答案,故意岔开话题
上方有答案,故意岔开话题
上方有,故意岔开话题
上方第三题答案,故意岔开话题
人太多了,故意岔开话题
人事会给你解释,故意岔开话题
你声音好好听,故意岔开话题
人品不好,故意岔开话题
你有男朋友不,故意岔开话题
你一月挣多少,故意岔开话题
你一小时挣多少,故意岔开话题
你一小时接待多少客人？,故意岔开话题
你一天挣多少,故意岔开话题
你喜不喜欢我,故意岔开话题
前面那条狗好可爱,故意岔开话题
受伤了,故意岔开话题
今天天不错,故意岔开话题
今天热不热呀,故意岔开话题
为我泡杯花茶,故意岔开话题
我饿了,故意岔开话题
我很亲切,故意岔开话题
我浪迹天涯,故意岔开话题
我们会赢,故意岔开话题
我你都不认识啦？,故意岔开话题
我情不自禁会为你牵挂,故意岔开话题
我是做贷款的，请问你需要吗,故意岔开话题
我先唱一首歌吧,故意岔开话题
我先问个问题呢,故意岔开话题
我想出去走一走，看看这个大世界哇,故意岔开话题
我想回家,故意岔开话题
我想请你吃饭,故意岔开话题
我想请你看电影,故意岔开话题
我想要的是无话不说,故意岔开话题
无人问津廉颇几斗,故意岔开话题
西班牙输了,故意岔开话题
一杯敬朝阳，一环敬月光呢,故意岔开话题
夜深人静,故意岔开话题
也要花蕊绽放,故意岔开话题
也笑不信人间有白头,故意岔开话题
央行降准了,故意岔开话题
呀,故意岔开话题
往昔觅封侯,故意岔开话题
雪在融化,故意岔开话题
写得鬼火冒,故意岔开话题
小生的花伞还落在你家,故意岔开话题
想春风,故意岔开话题
先来一首五环之歌吧,故意岔开话题
吓死恩,故意岔开话题
西班牙赢了,故意岔开话题
吁,故意岔开话题
一边呆着,故意岔开话题
万军敌营等闲走,故意岔开话题
退阵杀敌,故意岔开话题
树好高,故意岔开话题
谁在乎蝴蝶的匆忙,故意岔开话题
水在流淌,故意岔开话题
水胀满了,故意岔开话题
睡莲静立水中央,故意岔开话题
说散就散,故意岔开话题
算了，我可以请你吃饭,故意岔开话题
太甜了,故意岔开话题
太阳好大,故意岔开话题
天好冷,故意岔开话题
天黑了，你也该下班了？改天再说。,故意岔开话题
天空飘来一朵云,故意岔开话题
天空飘来一朵云，暴风雨来了,故意岔开话题
天空飘来一朵云，晴天霹雳啊,故意岔开话题
天空飘来一朵云，像匹马,故意岔开话题
天空飘来一朵云，这都不是事,故意岔开话题
天亮了再说话，现在天黑起的,故意岔开话题
透不过气来,故意岔开话题
天在下雨,故意岔开话题
天天吃饭,故意岔开话题
天太热了,故意岔开话题
天太热,故意岔开话题
天晴晴朗,故意岔开话题
晚上吃个饭嘛,故意岔开话题
天晴了,故意岔开话题
天气太热了,故意岔开话题
天气很好啊,故意岔开话题
天气很好,故意岔开话题
天气好晴朗，去冲浪,故意岔开话题
天气不错,故意岔开话题
天气,故意岔开话题
天气怎样,故意岔开话题
一次,故意岔开话题
一壶好酒,故意岔开话题
一亩地的收获顶不上一趟车票的价,故意岔开话题
答案跟问题三一样的,故意岔开话题
答对有奖励,故意岔开话题
答非所问,故意岔开话题
打雷了,故意岔开话题
大大大大后天天气很好,故意岔开话题
大大大后天天气很好,故意岔开话题
大大后天天气很好,故意岔开话题
大概,故意岔开话题
大概吧,故意岔开话题
大后天天气很好,故意岔开话题
大家联系,故意岔开话题
地震了,故意岔开话题
赌博,故意岔开话题
多摆一盘？,故意岔开话题
刚吃过,故意岔开话题
哈哈,故意岔开话题
哈哈哈,故意岔开话题
今天几号啊,故意岔开话题
今天风太大了,故意岔开话题
今天出太阳了,故意岔开话题
假的,故意岔开话题
家哪里的啊,故意岔开话题
家里人可以还吧,故意岔开话题
吃了吗,故意岔开话题
记得吃饭,故意岔开话题
嘿嘿,故意岔开话题
呵呵呵呵,故意岔开话题
呵呵,故意岔开话题
还有谁比我帅,故意岔开话题
还要什么自行车,故意岔开话题
哈哈哈哈哈你们真搞笑,故意岔开话题
后天天气很好,故意岔开话题
吃了,故意岔开话题
吃饭了没,故意岔开话题
成都欢迎您,故意岔开话题
有些花香在指尖,故意岔开话题
有些风景在心间,故意岔开话题
有钱人,故意岔开话题
有多少往事,故意岔开话题
英格兰赢了,故意岔开话题
英格兰输了,故意岔开话题
有一点惆怅,故意岔开话题
意大利赢了,故意岔开话题
已成癫狂尚抽刀,故意岔开话题
已白头,故意岔开话题
伊朗赢了,故意岔开话题
一下都没心情了,故意岔开话题
一上午的时间就浪费了,故意岔开话题
一切别来无恙,故意岔开话题
意大利输了,故意岔开话题
今天是几号,故意岔开话题
有一些思念,故意岔开话题
雨落的时候,故意岔开话题
查户口的啊,故意岔开话题
不要急,故意岔开话题
不要和你沟通,故意岔开话题
不是本人，有病小医生,故意岔开话题
不认识填你名字电话,故意岔开话题
不认识填你公司电话,故意岔开话题
雨打了年华溜走,故意岔开话题
唉你好,故意岔开话题
啊啊啊我好冷,故意岔开话题
啊，五环，你比四环多一环,故意岔开话题
啊，五环，你比六环少一环,故意岔开话题
天气不错,故意岔开话题
这江山万里又何惧万里,故意岔开话题
这大把好时光,故意岔开话题
哎呦前面有条狗,故意岔开话题
你们简直是高利贷哦呢,故意岔开话题
那么多XXX，你说的是哪一个,故意岔开话题
我不愿意告诉你,故意岔开话题
我和你之间没发交流,故意岔开话题
我就是不告诉你,故意岔开话题
我没有义务告知你,故意岔开话题
我是不是关你何事？,故意岔开话题
我是不是关你什么事情,故意岔开话题
我是不是管你什么事,故意岔开话题
我不想说话,故意岔开话题
我是不是和你有关系么,故意岔开话题
我现在不想说话,故意岔开话题
我应该认识他吗,故意岔开话题
我愿意认识就认识，不愿意就不认识,故意岔开话题
我在睡觉别烦我,故意岔开话题
与我有关系吗,故意岔开话题
再见,故意岔开话题
我是你大爷,故意岔开话题
我不想回答,故意岔开话题
我不给你说,故意岔开话题
是与不是，你打电话干嘛,故意岔开话题
你问这个问题是不是弱智,故意岔开话题
你找我没用啊,故意岔开话题
你找张三打我电话干嘛,故意岔开话题
你自己联系他,故意岔开话题
你自己去找,故意岔开话题
凭什么回答你,故意岔开话题
认不认识管你什么事,故意岔开话题
认不认识和你有毛关系,故意岔开话题
认识怎么样不认识又怎么样,故意岔开话题
是不是跟你有关系,故意岔开话题
是不是关你什么事？,故意岔开话题
是不是管你什么事,故意岔开话题
是不是和你有关系吗,故意岔开话题
是又怎么样不又怎么样,故意岔开话题
是又怎样，不是又怎样？,故意岔开话题
找借口,故意岔开话题
你问我我怎么知道,故意岔开话题
找警察,故意岔开话题
这个保证不了,故意岔开话题
这电话有毒,故意岔开话题
胎神,故意岔开话题
你晓不晓得，听到你的声音我就想打干呕,故意岔开话题
爱干啥干啥,故意岔开话题
不要总觉得你们了不起，一天到晚打个不停，讨债的了不起啊,故意岔开话题
啊？,故意岔开话题
我该给你说啊？,故意岔开话题
不想理你,故意岔开话题
你管我啊,故意岔开话题
死开,故意岔开话题
你怎么不去问他认不认识我啊？,故意岔开话题
再打电话来我报警了,故意岔开话题
忙，没时间。,故意岔开话题
不要再打了,故意岔开话题
他的事你直接去找他，别找我,故意岔开话题
我跪谢你别给我打电话了哈！,故意岔开话题
我难得还了,故意岔开话题
给你说个铲铲,故意岔开话题
转告不了,故意岔开话题
自己去查,故意岔开话题
自己去营业厅查,故意岔开话题
自己想,故意岔开话题
自己找,故意岔开话题
自己找他,故意岔开话题
自己找他,故意岔开话题
二货,故意岔开话题
不好意思，我没兴趣,故意岔开话题
你牛,故意岔开话题
去死吧,故意岔开话题
麻烦,故意岔开话题
烦,故意岔开话题
什么玩意儿,故意岔开话题
如果我不还呢？,故意岔开话题
找警察问,故意岔开话题
瓜娃子，莫装怪,故意岔开话题
抱一抱，就当做从没借款2万,故意岔开话题
你说我是还是不是呢,故意岔开话题
不要骚扰了,故意岔开话题
不要骚扰我,故意岔开话题
不在,故意岔开话题
你们是高利贷哦，这么多利息,故意岔开话题
不正面回答,故意岔开话题
不知道,故意岔开话题
你说的是2万越南盾哇？,故意岔开话题
不知道，你哪里,故意岔开话题
不知道了,故意岔开话题
不知道呢,故意岔开话题
打她电话，打我电话干嘛,故意岔开话题
打我电话干嘛的,故意岔开话题
烦不烦,故意岔开话题
烦死了,故意岔开话题
不知道啊,故意岔开话题
不要老打我电话,故意岔开话题
不要烦我,故意岔开话题
不要打我电话,故意岔开话题
不关我的事,故意岔开话题
不关我事,故意岔开话题
不管我的事,故意岔开话题
不说,故意岔开话题
不说的,故意岔开话题
我数学不好,故意岔开话题
我是她爸爸,故意岔开话题
我认识你吗？,故意岔开话题
不说话,故意岔开话题
不太懂,故意岔开话题
不想告诉你,故意岔开话题
不想理你,故意岔开话题
不想说话,故意岔开话题
不要打电话了,故意岔开话题
不要打过来,故意岔开话题
烦死了，天天打电话,故意岔开话题
你说我是谁,故意岔开话题
干嘛告诉你,故意岔开话题
给我发红包就告诉你,故意岔开话题
你们把之前打我通讯录的人找出来,故意岔开话题
你们不认识啊,故意岔开话题
你们要向我道歉,故意岔开话题
请我吃饭,故意岔开话题
你们真烦,故意岔开话题
你弄好了再说,故意岔开话题
你还是找本人吧,故意岔开话题
你去猜吧,故意岔开话题
你去问他,故意岔开话题
我在车站里，太吵了,故意岔开话题
你认识你自己找,故意岔开话题
你认识他啊,故意岔开话题
你认识他吗？,故意岔开话题
你认为呢,故意岔开话题
你去试试吧,故意岔开话题
你还是挂电话吧,故意岔开话题
你管我谁,故意岔开话题
你管我是谁,故意岔开话题
没时间,故意岔开话题
没事挂了,故意岔开话题
能不能别打我电话,故意岔开话题
能不能不要打我电话骚扰我，他管我什么事,故意岔开话题
你不要打电话过来了,故意岔开话题
如果你能判断今天的天气，我就告诉你答案，咋样？,故意岔开话题
你不知道我认不认识，你打我电话干嘛,故意岔开话题
你不知道我是谁你打我电话？,故意岔开话题
你打电话你不知道我是谁吗,故意岔开话题
你打谁电话你不知道啊,故意岔开话题
你打我电话还问我是谁？？,故意岔开话题
你都打过来了还问是不是,故意岔开话题
你管我认不认识,故意岔开话题
你管我是不是,故意岔开话题
你管我是不是了,故意岔开话题
搞不醒活。,故意岔开话题
不发红包不说,故意岔开话题
你又是老几，你不说我为啥要说,故意岔开话题
我现在忙得很,故意岔开话题
我不说,故意岔开话题
你们不要打了，这个电话不用了,故意岔开话题
烦,故意岔开话题
关你什么事,故意岔开话题
我不知道,故意岔开话题
什么？搞不懂。莫惹我,故意岔开话题
是不是或者认识不认识和你有什么关系,故意岔开话题
你管我是不是,故意岔开话题
弱智,故意岔开话题
有病,故意岔开话题
好了，不说了,故意岔开话题
我龟儿脑壳有包吗,故意岔开话题
你龟儿子吃饱了所,故意岔开话题
做梦去吧。,故意岔开话题
关你屁事,故意岔开话题
懒得理你,故意岔开话题
我心情不好，不想多说,故意岔开话题
不要闹，烦得很,故意岔开话题
不要闹,故意岔开话题
认识又怎么样,故意岔开话题
你不要烦我,故意岔开话题
别理我,故意岔开话题
有你什么事,故意岔开话题
别打我电话了,故意岔开话题
滚,故意岔开话题
是不是和你有毛关系？,故意岔开话题
我是不是跟你有什么关系,故意岔开话题
别理我烦着呢,故意岔开话题
是不是和你有关系吗,故意岔开话题
打得来电话吗！,故意岔开话题
认不认识你关你好多事？,故意岔开话题
你猜呢,故意岔开话题
管你屁事,故意岔开话题
有毛病么，又打来，别惹我，烦着呢,故意岔开话题
认不认识跟你有什么关系,故意岔开话题
无理取闹，你再骚扰我就诅咒你全家了,故意岔开话题
我说算你狠,故意岔开话题
还个屁,故意岔开话题
哈哈，打错了,故意岔开话题
滚，你tm还骗到老子头上来了。,故意岔开话题
滚,故意岔开话题
风太大，没听清,故意岔开话题
烦死了，天天催！催命啊,故意岔开话题
爬,故意岔开话题
烦不烦啊，请你以后不要打这个电话了，在打我要屏蔽你了,故意岔开话题
不要再骚扰我了，不然我报警了,故意岔开话题
不要给我说土味情话,故意岔开话题
我不知道该说什么好,故意岔开话题
不认识，不要再打过来了啊,故意岔开话题
我不确定,故意岔开话题
神经病,故意岔开话题
打错了,故意岔开话题
还你妹,故意岔开话题
可不可以请我吃饭,故意岔开话题
可以不还吗,故意岔开话题
我后来才晓得你们是高利贷,故意岔开话题
我很烦，出来喝酒不？,故意岔开话题
我不知道你在说什么,故意岔开话题
你这是已经是骚扰了，你在骚扰我我要报警了,故意岔开话题
你头被门夹了哇？,故意岔开话题
你说我是不是,故意岔开话题
你是不是有病呀,故意岔开话题
你是不是打错了,故意岔开话题
你管我啥子原因,故意岔开话题
你给高利贷打工小心警察抓你,故意岔开话题
你疯了吧，我认识你吗？,故意岔开话题
你的普通话能不能标准点啊，专业点行不行,故意岔开话题
你猜我是不是呀,故意岔开话题
脑子有病吧,故意岔开话题
恼火,故意岔开话题
我也不知道,故意岔开话题
说实话，听到你声音就想打你一顿，太难听,故意岔开话题
认识怎么样不认识又怎么样，烦求得很,故意岔开话题
我认不到你说的那个人,故意岔开话题
都给你说了，别再打了，你听不懂吗？,故意岔开话题
少来烦我，有病啊,故意岔开话题
此人已死，有事烧纸！,故意岔开话题
不想跟你说话,故意岔开话题
哪来这么多骚扰电话。,故意岔开话题
哎呀，滚远点，不要打了,故意岔开话题
我很忙，别烦我,故意岔开话题
听不懂你说的什么,故意岔开话题
我现在忙得很，烦死了,故意岔开话题
认识他或不认识他跟你有什么关系,故意岔开话题
你管求得我的,故意岔开话题
懒得搭理你,故意岔开话题
再打电话我报警啦,故意岔开话题
无聊,故意岔开话题
有你啥相干,故意岔开话题
你拨打的电话已关机,故意岔开话题
滚，你们再打我就，信不信我让你们吃不了兜着走,故意岔开话题
劳资就是不想说,故意岔开话题
认识与否，我就在这里，你还能那我咋地,故意岔开话题
打死我嘛,故意岔开话题
打打打，我明天就把这张卡注销了，看你们还怎么打,故意岔开话题
电话接通中，请稍后,故意岔开话题
你去找他呀,故意岔开话题
我不想回答你的问题,故意岔开话题
爬开,故意岔开话题
我认不认识跟你有关么？,故意岔开话题
你们一天闲得慌啊，天天打骚扰电话来！,故意岔开话题
我是你姥姥。,故意岔开话题
我没空,故意岔开话题
最后警告一次不要打了,故意岔开话题
有你鸡儿事,故意岔开话题
认识他或不认识他跟你有半毛钱的关系,故意岔开话题
我不想和你说话，和你说话都是在浪费表情,故意岔开话题
我靠，别再打来了,故意岔开话题
管你啥事,故意岔开话题
不要烦我,故意岔开话题
没心情说话，不要打电话给我了,故意岔开话题
你管我是不是，烦,故意岔开话题
认不认识跟你有半毛钱关系,故意岔开话题
不认识又怎么样，你打我啊,故意岔开话题
我难得给你说,故意岔开话题
别打了，烦不烦啊,故意岔开话题
没时间扯,故意岔开话题
管你求事,故意岔开话题
谁知道认识不认识,故意岔开话题
别给我打电话了，我不认识他,故意岔开话题
认不认识和你没关,故意岔开话题
老子是谁管你啥事,故意岔开话题
我还是张大大呢,故意岔开话题
管你毛事！,故意岔开话题
我不想回答你,故意岔开话题
我不想说话,故意岔开话题
你有点儿讨厌,故意岔开话题
不想跟你说，咋子嘛,故意岔开话题
会打电话吗！,故意岔开话题
请说普通话,故意岔开话题
别来惹我。,故意岔开话题
爬,故意岔开话题
我都已经说了不认识了,故意岔开话题
有你啥事,故意岔开话题
认识他或不认识他又什么区别,故意岔开话题
懒得给你说,故意岔开话题
随便你,故意岔开话题
你们哪里啊，怎么总骚扰我啊,故意岔开话题
不要理我哈,故意岔开话题
你觉得呢,故意岔开话题
烦不烦,故意岔开话题
你不晓得老子是谁给我打什么电话,故意岔开话题
你个宝批龙，滚，爬，虐！,故意岔开话题
我不想说话，不要烦我,故意岔开话题
直接挂电话,故意岔开话题
别骚扰我,故意岔开话题
你不知道你打电话给我干什么？,故意岔开话题
别烦我,故意岔开话题
哼,故意岔开话题
哼哼,故意岔开话题
哼哼，没意思,故意岔开话题
哼哼阿,故意岔开话题
哼哼唉,故意岔开话题
哼哼嗯,故意岔开话题
哼哼哈哈哈,故意岔开话题
哼哼啦,故意岔开话题
哼哼了,故意岔开话题
哼哼呢,故意岔开话题
继续猜,故意岔开话题
简直不知道你在说什么,故意岔开话题
讲真的,故意岔开话题
就不告诉你，就不告诉你~,故意岔开话题
就是死,故意岔开话题
和你有些不搭,故意岔开话题
不关我的事,故意岔开话题
好恶心，想吐呢,故意岔开话题
好恶心，想吐没意思,故意岔开话题
这么求多问题，没意思,故意岔开话题
这么求多问题吧,故意岔开话题
这么求多问题嗯,故意岔开话题
这么求多问题没意思,故意岔开话题
这么求多问题焉,故意岔开话题
这样是没有意义的，没意思,故意岔开话题
这样是没有意义的阿,故意岔开话题
没得什么好说的,故意岔开话题
这样是没有意义的嗯,故意岔开话题
这样是没有意义的没意思,故意岔开话题
这样有意思吗,故意岔开话题
这样有意义吗,故意岔开话题
真的想吐了,故意岔开话题
好恶心，想吐，没意思,故意岔开话题
好恶心，想吐嗯,故意岔开话题
好恶心，想吐啦,故意岔开话题
这样是没有意义的了,故意岔开话题
没空,故意岔开话题
没求得钱啥，你是不是傻,故意岔开话题
没求得钱啥，你是不是傻，没意思,故意岔开话题
你猜我是不是呀阿,故意岔开话题
你猜我是不是呀啊,故意岔开话题
你猜我是不是呀嗯,故意岔开话题
你猜我是不是呀哈,故意岔开话题
你猜我是不是呀啦,故意岔开话题
你猜我是不是呀了,故意岔开话题
你猜我是不是呀没意思,故意岔开话题
你猜我是不是呀，没意思,故意岔开话题
你猜我是不是呀矣,故意岔开话题
你大爷,故意岔开话题
你个瓜娃子,故意岔开话题
你个瓜娃子，咋个又再打我电话,故意岔开话题
你个瓜娃子，咋个又在打我电话,故意岔开话题
你给我发红包我就告诉你,故意岔开话题
你管我啥子原因,故意岔开话题
你管我啥子原因阿,故意岔开话题
你打电话，你神经病哦,故意岔开话题
这么求多问题,故意岔开话题
你猜我是不是呀,故意岔开话题
你猜嘛,故意岔开话题
没求得钱啥，你是不是傻阿,故意岔开话题
没求得钱啥，你是不是傻哈,故意岔开话题
没求得钱啥，你是不是傻哈哈哈,故意岔开话题
别烦我我知道,故意岔开话题
美女，帮帮忙楼,故意岔开话题
脑壳有病,故意岔开话题
脑子有病吧,故意岔开话题
你猜呢,故意岔开话题
脑子有病吧，没意思,故意岔开话题
脑子有病吧哈,故意岔开话题
脑子有病吧没意思,故意岔开话题
脑子有病吧哇,故意岔开话题
嫩瞎扯淡,故意岔开话题
你猜,故意岔开话题
你猜吧,故意岔开话题
你猜猜看,故意岔开话题
脑子有病吧吧,故意岔开话题
我没心情,故意岔开话题
可不可以请我吃饭,故意岔开话题
哈哈哇,故意岔开话题
不说了哦,故意岔开话题
不想说话,故意岔开话题
不晓得,故意岔开话题
不要打了,故意岔开话题
不要的,故意岔开话题
不要给家打电话,故意岔开话题
不要再打过来了,故意岔开话题
不说话,故意岔开话题
不知,故意岔开话题
不知道啊,故意岔开话题
不知道该干嘛,故意岔开话题
不知道我是谁，给我打什么电话？,故意岔开话题
擦,故意岔开话题
猜猜看,故意岔开话题
操阿,故意岔开话题
操嗯,故意岔开话题
不知道,故意岔开话题
操没意思,故意岔开话题
不说,故意岔开话题
不好意思，你打错电话了,故意岔开话题
明年说,故意岔开话题
全都免了？,故意岔开话题
天气不好，没法去银行,故意岔开话题
我艹你妈,故意岔开话题
我草,故意岔开话题
滚你妈的,故意岔开话题
卧槽,故意岔开话题
不会是你搞错了哇,故意岔开话题
日你祖宗,故意岔开话题
日你妈,故意岔开话题
干你娘,故意岔开话题
日你大爷,故意岔开话题
操你大爷,故意岔开话题
拜拜,故意岔开话题
报警了,故意岔开话题
别打过来了,故意岔开话题
你生的儿子没屁眼儿,故意岔开话题
你管我啥子原因哈,故意岔开话题
操呀,故意岔开话题
出问题经过大脑,故意岔开话题
关你什么事,故意岔开话题
关我屁事,故意岔开话题
鬼扯哟,故意岔开话题
滚,故意岔开话题
滚犊子,故意岔开话题
滚远点,故意岔开话题
哈哈,故意岔开话题
关你屁事,故意岔开话题
哈哈，你菜,故意岔开话题
哈哈？,故意岔开话题
哈哈阿,故意岔开话题
哈哈嗯,故意岔开话题
哈哈哈,故意岔开话题
哈哈哈哈哈,故意岔开话题
哈哈了,故意岔开话题
哈哈呢,故意岔开话题
哈哈，你好搞笑,故意岔开话题
吃错药了吧,故意岔开话题
瓜戳戳的,故意岔开话题
烦死了,故意岔开话题
出问题经过大脑，没意思,故意岔开话题
出问题经过大脑吧,故意岔开话题
出问题经过大脑嗯,故意岔开话题
出问题经过大脑哈哈哈,故意岔开话题
大家都是靠运气吃饭，你们就去找下一个倒霉鬼吧,故意岔开话题
点都不乖,故意岔开话题
对不起，你拨打的号码把你拉入了黑名单,故意岔开话题
搞什么搞,故意岔开话题
对不起，你拨打的号码不在服务区,故意岔开话题
对不起，我不方便这么做,故意岔开话题
对不起，我不方便这么做啊,故意岔开话题
对不起，我不方便这么做按,故意岔开话题
对不起，我不方便这么做呗,故意岔开话题
对不起，我不方便这么做呀,故意岔开话题
烦,故意岔开话题
烦不烦,故意岔开话题
对不起，你拨打的号码已关机,故意岔开话题
你管我啥子原因了,故意岔开话题
没求得钱啥，你是不是傻哇,故意岔开话题
你管我啥子原因矣,故意岔开话题
我不还你们打算怎么办,故意岔开话题
我不明白你的意思,故意岔开话题
我不明白你说的啥,故意岔开话题
我不清楚你说的什么,故意岔开话题
我不认识你吧,故意岔开话题
我不听,故意岔开话题
我不想说,故意岔开话题
我不知道,故意岔开话题
我不知道该说什么好,故意岔开话题
我不知道呢～啥？,故意岔开话题
你管我啥子原因没意思,故意岔开话题
我不知道你在说什么,故意岔开话题
我不知道你在想什么,故意岔开话题
我都无语了,故意岔开话题
我还说些啥呢,故意岔开话题
我不感兴趣哈。,故意岔开话题
我觉得你有毛病,故意岔开话题
我不懂你在说什么,故意岔开话题
我报警,故意岔开话题
神经病哈,故意岔开话题
神经病了,故意岔开话题
神经病没意思,故意岔开话题
神经病哇,故意岔开话题
死得帮翠,故意岔开话题
死翘翘,故意岔开话题
听不懂，找谁？,故意岔开话题
听不懂你说啥子,故意岔开话题
听不懂你说啥子呢？,故意岔开话题
听不见,故意岔开话题
为什么你们要逼我，没意思,故意岔开话题
为什么你们要逼我嗯,故意岔开话题
为什么你们要逼我没意思,故意岔开话题
为什么你们要逼我呢,故意岔开话题
为什么你们要逼我者,故意岔开话题
我报警了,故意岔开话题
我觉得你有毛病，没意思,故意岔开话题
我觉得你有毛病阿,故意岔开话题
我觉得你有毛病嗯,故意岔开话题
有毛病,故意岔开话题
有毛病嗯,故意岔开话题
有完没完呢,故意岔开话题
又是卖保险的,故意岔开话题
又是你个瓜娃子,故意岔开话题
咋又是我呢？,故意岔开话题
早干嘛去了,故意岔开话题
啊你猜我是不是,故意岔开话题
别打电话了,故意岔开话题
别打了,故意岔开话题
别打了烦死,故意岔开话题
别打了烦死了,故意岔开话题
别打我电话,故意岔开话题
别打我电话，烦不烦？,故意岔开话题
别打我电话了,故意岔开话题
有病,故意岔开话题
呦,故意岔开话题
唷,故意岔开话题
我这里不是你要找的人,故意岔开话题
我觉得你有毛病了,故意岔开话题
我觉得你有毛病没意思,故意岔开话题
我听不懂,故意岔开话题
我完全不懂你的意思,故意岔开话题
我想吐槽,故意岔开话题
看来还是很年轻了,故意岔开话题
我要去举报你们,故意岔开话题
神经病阿,故意岔开话题
我要去举报你们阿,故意岔开话题
我要去举报你们哈,故意岔开话题
我要去举报你们哈哈哈,故意岔开话题
我要去举报你们啦,故意岔开话题
我也不知道我是谁,故意岔开话题
我又没欠你钱,故意岔开话题
我怎么不记得了,故意岔开话题
我怎么知道,故意岔开话题
我要去举报你们啊,故意岔开话题
神经病,故意岔开话题
我不知道你再说什么,故意岔开话题
傻逼,故意岔开话题
你们还有点歪哦呀,故意岔开话题
你说的我不明白,故意岔开话题
你说的我不懂,故意岔开话题
你是不是找错人了,故意岔开话题
你是不是有病呀者,故意岔开话题
你是不是有病呀没意思,故意岔开话题
你是不是有病呀哈哈哈,故意岔开话题
你是不是有病呀嗯,故意岔开话题
你是不是有病呀吧,故意岔开话题
你脑残啊,故意岔开话题
你是不是有病呀阿,故意岔开话题
你说呢？,故意岔开话题
你是不是有病呀，没意思,故意岔开话题
你脑子被驴踢了吧,故意岔开话题
你脑子进水了,故意岔开话题
神经,故意岔开话题
你管我是不是哈,故意岔开话题
你管我是不是嗯,故意岔开话题
你是不是有病呀,故意岔开话题
你是不是打错了哦,故意岔开话题
你是不是吃饱了没事干,故意岔开话题
你管我是不是吧,故意岔开话题
你管我是不是阿,故意岔开话题
你管我是不是啊,故意岔开话题
你管我是不是，没意思,故意岔开话题
你说我认不认识,故意岔开话题
你们慢慢说，我先撤了。,故意岔开话题
你听我声音像不像呢？,故意岔开话题
骚包,故意岔开话题
爬远点,故意岔开话题
爬哟,故意岔开话题
你走开,故意岔开话题
你找骂是不是,故意岔开话题
你找错人了,故意岔开话题
你再打骚扰电话，我要把你加入黑名单,故意岔开话题
你管我是不是没意思,故意岔开话题
你说我是不是？,故意岔开话题
你管我是不是者,故意岔开话题
你觉得啦。,故意岔开话题
你管我是不是,故意岔开话题
你管我是不是了,故意岔开话题
你觉得我是不是呢？,故意岔开话题
你有病啊,故意岔开话题
你有病哇,故意岔开话题
你有毛病哦,故意岔开话题
你觉得我是，我就是呗,故意岔开话题
你们还有点歪哦啦,故意岔开话题
你们还有点歪哦没意思,故意岔开话题
你们还有点歪哦，没意思,故意岔开话题
你管我是不是哈哈哈,故意岔开话题
你妹啊，搞错了哇,故意岔开话题
你们还有点歪哦哈,故意岔开话题
好的，放心,模糊确认
有钱就还,模糊确认
好的，我知道了,模糊确认
嗷,模糊确认
行，那不要再打过来了,模糊确认
该你歪,模糊确认
再等等,模糊确认
恼火,模糊确认
我也不知道,模糊确认
我看看有没有其他办法,模糊确认
我会想办法的,模糊确认
我尽我最大努力吧,模糊确认
行，知道,模糊确认
只能这样了,模糊确认
嗯嗯呢,模糊确认
我知道了，我会想办法,模糊确认
再说,模糊确认
嗯嗯，再说吧,模糊确认
到时我去看看,模糊确认
好的，我再想想,模糊确认
我想想办法,模糊确认
我想想,模糊确认
好的，还有这么多天,模糊确认
我现在确定不了,模糊确认
好好好,模糊确认
哈哈哈,模糊确认
应该能还,模糊确认
要的，我下来了解下,模糊确认
等我考虑下再说,模糊确认
等我方便的时候联系你门,模糊确认
行，我看看,模糊确认
嗷嗷,模糊确认
我不确定,模糊确认
嗯，没事了吧,模糊确认
后面再说,模糊确认
好，要得，晓得了,模糊确认
等我出差回来再说,模糊确认
嗯，我下来查一下,模糊确认
我要和家里人商量下再说,模糊确认
行，我想想办法,模糊确认
能筹到钱吧,模糊确认
知道了,模糊确认
噢,模糊确认
嗯嗯,模糊确认
好吧,模糊确认
好就这样,模糊确认
好了,模糊确认
好了，我知道了，我会处理的,模糊确认
清楚,模糊确认
考虑考虑,模糊确认
考虑下,模糊确认
考虑一下,模糊确认
好的,模糊确认
到时我去处理,模糊确认
可能,模糊确认
可能吧,模糊确认
知道,模糊确认
知道了·,模糊确认
知道了，下午再说,模糊确认
知道再处理,模糊确认
我后面找时间看看，你别打了,模糊确认
好，我想想办法，正好最近性情好，办法总是容易想出来,模糊确认
可以，尽量想办法,模糊确认
我也很想还,模糊确认
知了,模糊确认
我能有什么意见,模糊确认
我过段时间处理,模糊确认
好好好,模糊确认
嗯,模糊确认
好的呢,模糊确认
好，我知道了,模糊确认
嗯嗯额,模糊确认
好叻,模糊确认
好说,模糊确认
得，你别说了，我下来自己处理,模糊确认
哦,模糊确认
喔,模糊确认
嘻嘻,模糊确认
额,模糊确认
知道了，稍后再议,模糊确认
恩,模糊确认
恩？,模糊确认
嗯,模糊确认
嗯，嗯，嗯,模糊确认
嗯，嗯，嗯.......,模糊确认
嗯，我知道了,模糊确认
嗯嗯,模糊确认
嗯嗯，再说吧,模糊确认
可以，我过段时间处理,模糊确认
行，知道了,模糊确认
行吧，想办法,模糊确认
行的，可以,模糊确认
行了,模糊确认
行我会想办法的,模糊确认
好的，知道了,模糊确认
还有这么多天，不急,模糊确认
可以,模糊确认
我需要考虑考虑,模糊确认
我知道该怎么办了,模糊确认
好的，我知道了,模糊确认
嗯明白,模糊确认
可以，就这样吧,模糊确认
好,模糊确认
这个再议,模糊确认
要得，晓得了,模糊确认
行，我晓得这个事情了,模糊确认
好嘛，我知道了,模糊确认
这个考虑下,模糊确认
晓得了,模糊确认
明白了,模糊确认
回头我算算再说,模糊确认
知道了,模糊确认
明天再说吧,模糊确认
All right. I knew it.,模糊确认
我了解了,模糊确认
就这样了，再说了,模糊确认
我知道了,模糊确认
嗯哈，以后再说,模糊确认
行，知道了,模糊确认
行，好的，你放心,模糊确认
嗯嗯嗯,模糊确认
啥意思喃,模糊确认
哦哦哦,模糊确认
嗯,模糊确认
好的,模糊确认
哦，知道了,模糊确认
知道了,模糊确认
明白,模糊确认
看,模糊确认
我到底是接受还是不接受,模糊确认
真好,模糊确认
我再多想一哈啦,模糊确认
我再多想一哈哈哈哈,模糊确认
我再多想一哈哈,模糊确认
我再多想一哈阿,模糊确认
我想一哈矣,模糊确认
我想一哈没意思,模糊确认
我想想,模糊确认
不能保证处理掉,模糊确认
嗯，好的,模糊确认
不能保证，尽量吧,模糊确认
真的吗,模糊确认
我看看吧,模糊确认
我看看,模糊确认
我看一下啊！,模糊确认
我看一下！,模糊确认
我看一下,模糊确认
我看下,模糊确认
我提现到账就处理,模糊确认
我还款时候联系你,模糊确认
我忘记了,模糊确认
我忘记还有这欠款了！,模糊确认
嗯，明白了,模糊确认
行，也行吧,模糊确认
收到,模糊确认
行，我会想办法的,模糊确认
我想一下,模糊确认
好好，我听到起在,模糊确认
行行行，你说啥就是啥,模糊确认
我想想办法吧,模糊确认
好嘛，到时再说,模糊确认
我再看看,模糊确认
好的，我想办法,模糊确认
这么个情况啊,模糊确认
我随时注意到的,模糊确认
可以，我会行办法的,模糊确认
不急,模糊确认
好嘛,模糊确认
行行行，忙完再说,模糊确认
行，好的，我袍哥人家决不拉稀摆带,模糊确认
你们这个政策不错,模糊确认
我考虑一下,模糊确认
我待会看看吧,模糊确认
好了，我知道了,模糊确认
再说吧,模糊确认
好的，我尽量,模糊确认
嗯，我会想办法,模糊确认
可以吧,模糊确认
好，知道了,模糊确认
好的，我说了行就是行,模糊确认
哦，收到,模糊确认
嘿嘿,模糊确认
好了，后面我想办法,模糊确认
考虑一下,模糊确认
哦，知道,模糊确认
我其实一直是想还的,模糊确认
还有时间,模糊确认
要得，我知道,模糊确认
行，好的，你放一万个心,模糊确认
哦，明白了,模糊确认
啊啊，晓得了,模糊确认
啊,模糊确认
懂得起,模糊确认
行,模糊确认
等下再说,模糊确认
嗯，我想办法,模糊确认
嗯嗯,模糊确认
行，知道啦,模糊确认
行，晓得了,模糊确认
再说嘛,模糊确认
你老大，你说了算,模糊确认
行，好的，我说了行就是行,模糊确认
行嘛，继续,模糊确认
哎呀哈,模糊确认
你们看着办,模糊确认
收到了,模糊确认
ok,模糊确认
了解,模糊确认
行，到那天再说了,模糊确认
好的，我想想,模糊确认
哦，明白,模糊确认
我关注到的,模糊确认
哦，晓得了,模糊确认
滞纳金是怎么算出来的,确认数额
利息有多少呢,确认数额
你给我说说利息计算公式,确认数额
你们这个滞纳金是怎么算的哦,确认数额
你们是什么公司，滞纳金要这么多，你们有合同吗？给我看下,确认数额
欠款很正常的事情，但是你至少要给我算清楚吧,确认数额
请问利息是多少？,确认数额
有这么多么，发过来吧,确认数额
一共是多少钱？,确认数额
多少欠款,确认数额
哪里欠了这么多钱哦，我查查借款记录,确认数额
我欠了多少,确认数额
你们没算错,确认数额
等我核对一下我到底欠了多少钱再说,确认数额
有没得1万？,确认数额
你们搞错了，没有那么多，真的,确认数额
我查哈,确认数额
总共就这么多吗，还有没有其他的金额项,确认数额
滞纳金咋个会这么高法子哦？滞纳金是咋个子计算的也？,确认数额
利息好多？本金好多？,确认数额
不可能哦,确认数额
我有欠你们多少钱？,确认数额
我打电话问一下哆。,确认数额
我没有借这么多样，等我去查一下记录再说,确认数额
你们这样算不违法么？,确认数额
我借了多少？,确认数额
怎么这么多,确认数额
那我还需要还多少？,确认数额
应该没有这么多吧,确认数额
这么多利息啊,确认数额
我需要还多少,确认数额
搞什么啊，哪里有这么多,确认数额
等我自己去确认了金额，再说,确认数额
我先看看我是不是欠了这么多。,确认数额
我需要确认一下滞纳金的算法,确认数额
我确认下我这边欠款是多少？,确认数额
绝对不可能,确认数额
现在总共欠了好多，我要还好多,确认数额
欠款金额我是知道的，现在总共有多少？,确认数额
我回去看下,确认数额
欠多少你们说了算？根本就没那么多,确认数额
直接说金额,确认数额
当时借的时候，都不是这样说的,确认数额
利息不可能那么多哦，你们算错没有呢？,确认数额
这个滞纳金是怎么算的哦？,确认数额
我要还多少钱给你们,确认数额
利息高啊？,确认数额
滞纳金这么多，你们一定弄错了,确认数额
我去看看详细合同,确认数额
我欠你们多少钱,确认数额
搞什么，还有滞纳金，我觉得你们算的有问题吧,确认数额
不得哦，怎么会欠这么多钱呢？你给我仔细说一下呢,确认数额
怎么会有那么多钱，我已经分期还了一部分了,确认数额
说个总数,确认数额
我都不知道我欠了你们好多钱,确认数额
你们这个每个月利息是多少啊,确认数额
我记得莫得这么多哦,确认数额
利息咋个会这么高法子哦？利息是咋个子计算的也？,确认数额
那我看看，合计合计,确认数额
没有那么多吧,确认数额
等下，我找下账单信息。,确认数额
减免之后我需要还多少钱呢？,确认数额
滞纳金咋个这么高？你们滞纳金是怎么算的？,确认数额
我需要处理多少钱？,确认数额
哪有这么多哦,确认数额
现在总共需要还多少,确认数额
滞纳金哪里要得到这么高哦？你们滞纳金是怎么算的？,确认数额
你给我算哈一哈拢共好多钱,确认数额
还有没有其他的费用,确认数额
我看哈,确认数额
一共好多嘛,确认数额
你确定我欠了那么多嘛,确认数额
利息这么多，你们一定弄错了,确认数额
没欠这么多钱吧,确认数额
我借了你们多少钱,确认数额
我需要看一下合同,确认数额
到底要多少钱？,确认数额
这个利息是怎么算的哦？,确认数额
我要还几位数？,确认数额
我逾期只有两个月，怎么会有那么多钱啊,确认数额
不晓得够不,确认数额
分多少期付款完？,确认数额
我明天去查银行流水,确认数额
我欠了好多,确认数额
我去查查借款记录,确认数额
我去核实一下,确认数额
我上APP看一下啊！,确认数额
我什么借的,确认数额
我核实好了再说,确认数额
我晚上回去下载看看,确认数额
我都不晓得也，我到底欠了好多钱？,确认数额
我忘记了,确认数额
我下载APP看看,确认数额
我现在也不确定,确认数额
我要查一下卡上余额,确认数额
我要搞清楚再说,确认数额
我忘记还有这欠款了！,确认数额
现在总共需要处理多少,确认数额
2个月利息就是3000，这个利润有点可观,确认数额
啊，已经有2万3了么,确认数额
还是那个地点那条街,确认数额
还好多呢？,确认数额
我不知道多少钱,确认数额
我打客服问问,确认数额
感觉不对啦,确认数额
分期咋算安没意思,确认数额
2万几,确认数额
分期咋算安嗯,确认数额
分期咋算安阿,确认数额
发个明细过来看看呢,确认数额
多少,确认数额
滞纳金是什么意思,确认数额
不是说好的没有利息吗,确认数额
不对哦,确认数额
分期咋算安啊,确认数额
怎么算？,确认数额
分期是免息的么？,确认数额
利息怎么算,确认数额
哦这样啊，那总共是多少钱,确认数额
多半不够,确认数额
不能理解你们，没有那么多钱，说成有那么多，怎么算的,确认数额
金额？,确认数额
那减免了多少钱呢？,确认数额
我算下利息,确认数额
利息，滞纳金咋个这么高？你们是怎么算的？,确认数额
利息能不能也分期,确认数额
那我到底需要还好多啊？,确认数额
你这个金额怕是有点问题，我还得再确认下,确认数额
你帮我查下我总共需要还多少钱,确认数额
为什么越来越多了,确认数额
欠了有好多？,确认数额
现在欠了好多，总共欠了好多，我心里没得谱的,确认数额
我需要还你们多少,确认数额
减多少利息？,确认数额
借了你们好多？,确认数额
本金和利息各是多少？,确认数额
我有欠那么多么？,确认数额
把要还的明显发我下，我核对下。,确认数额
我欠了多少钱？,确认数额
要算哈账哦,确认数额
利息，滞纳金咋个这么高？你们是咋个算的？,确认数额
滞纳金是怎么计算的？,确认数额
这个是固定利息么,确认数额
我怎么不知道有那么多，怎么算的,确认数额
那你直接说我要还多少吧,确认数额
你确定没算错,确认数额
我去看看,确认数额
我不认可你们的算法，我需要再查一下,确认数额
你这个数额不对,确认数额
发份账单到我邮箱吧，我记不住。,确认数额
等我看哈,确认数额
我记得已经还了一部分了啊，怎么还有这么多,确认数额
确定没有算错,确认数额
我想知道，分期的话，最长能分几期？,确认数额
有那么多嘛，我查查啊,确认数额
我不知道有没哦,确认数额
那现在总共欠款就是这么多么？,确认数额
我去查查借款记,确认数额
拢共一哈好多嘛,确认数额
利息本金一共好多,确认数额
好多钱？,确认数额
到底是好多哦？,确认数额
我欠了好多钱来着？,确认数额
帮我算算我总共要还多少钱？,确认数额
我好像没借这么多钱哦，你把详细记录给我看看,确认数额
滞纳金是什么？,确认数额
我去看看我差多少,确认数额
分期的话，一期要还多少？,确认数额
我都不晓得我欠了多少钱了,确认数额
具体是怎么计算出来的，你给我说说,确认数额
你再说一遍我欠了多少？,确认数额
我到底欠了多少？,确认数额
怎么都2个月了？,确认数额
怎么算出来的哦,确认数额
怎么这么多？滞纳金怎么算？,确认数额
这个利息、滞纳金是怎么算出来的也？,确认数额
这个利息是怎么算的呢,确认数额
这个利息是怎么算的呢？,确认数额
我怎么欠了怎么多,确认数额
这个欠款是咋个算出来的哦？,确认数额
这样啊，那我要考虑一下，不知道明天的股票怎么样,确认数额
只借了你们2万吗？你搞对没有哦,确认数额
滞纳金是什么意思,确认数额
我到底借了你们多少钱,确认数额
利息好多？,确认数额
我欠了多少？,确认数额
这么多利息，算错了吧？,确认数额
咋个算起得,确认数额
你妹利息是不是算错了,确认数额
利息怎么算的？,确认数额
我再看看我之前的欠款记录，看看正确不,确认数额
一共多少,确认数额
我查查借款记录，哪里欠了这么多钱哦？,确认数额
总共好多喃,确认数额
有没得单子哦,确认数额
在哪里可以查,确认数额
好多利息嘛,确认数额
什么时候欠了这么多钱的?等我去查一下再说,确认数额
好多嘛,确认数额
今天你必须给我讲清楚了，这些金额是怎么算出来的,确认数额
逾期是从那天开始算,确认数额
我看看我现在还有多少钱？,确认数额
确定逾期这么多天了,确认数额
等等，我需要查询一下借款记录,确认数额
没听清楚，你再说一遍我欠的钱。,确认数额
你是说我欠了xx元吗？,确认数额
我还了一部分了，没有多少了,确认数额
我需要核实一下我是否欠了xx元钱,确认数额
本金有多少来着,确认数额
不知道有没有算错呢,确认数额
现在总共需要处理多少,确认数额
我好想没有签那么多钱哦，我要先查查借款记录,确认数额
总共多少钱,确认数额
好多喃？,确认数额
我要看银行流水,确认数额
有好多钱呢？你给我说下,确认数额
这明显是高利贷,确认数额
你给我一项一项解释清楚，为什么会有这么多钱的？,确认数额
你给我发个账单，我确认一下,确认数额
我借了多少钱？,确认数额
分期还还有利息吗？,确认数额
你们的利息怎么这么高,确认数额
我的账单找不到了，你发我一份看看。,确认数额
还有滞纳金？有没有搞错啊,确认数额
咋个算的,确认数额
利息有多少呢,确认数额
你给我算哈一哈好多钱,确认数额
利息咋个这么高？你们利息是怎么算的？,确认数额
一哈多少,确认数额
利息是多少啊,确认数额
你再合适一下金额呢，怎么感觉不对啊,确认数额
好多？,确认数额
纳闷算的？,确认数额
我有欠那么多吗,确认数额
不好意思，我数学不好,确认数额
不是没有利息吗,确认数额
好像只逾期了几天呀,确认数额
多少钱？,确认数额
我不知道有没有这么多钱,确认数额
好多嘛,确认数额
2个月利息加滞纳金都有3千了吗？,确认数额
有这么多钱么？,确认数额
你们利息这么高吗？收了我多少利息？,确认数额
滞纳金是怎么算的哦？,确认数额
我去查查借款记录,确认数额
什么？你们这是利滚利啊,确认数额
请给我一个详细的利息清单,确认数额
我要先去核对下。,确认数额
啥玩意儿，这么多钱？,确认数额
我根本就没有借那么多,确认数额
你发个账单到我手机短信上吧。,确认数额
利息哪里要得到这么高哦？你们利息是怎么算的？,确认数额
金额数目你是不是看错啦,确认数额
请说出金额？,确认数额
我记得我没有欠那么多呢,确认数额
滞纳金这么高啊,确认数额
我确认一下我现在是要还多少钱,确认数额
等一下，我算一下,确认数额
怎么还要滞纳金，你确定是正确的啊，我不记得有这么多钱了,确认数额
我要先查查借款记录，我好想没有签那么多钱哦，,确认数额
利息多少,确认数额
利息是多少？,确认数额
我不晓得，你们这个账是咋个子算出来的，你算给我听下子也,确认数额
我到底借了多少钱,确认数额
我都不晓得，你们这个钱是咋个算出来的？,确认数额
我觉得你的利息算得有问题吧,确认数额
我总共要给好多？,确认数额
现在算一算我要还多少,确认数额
我不记得有这么多,确认数额
一会儿再打给我吧，在开会呢,确认数额
有这么多利息？咋个算的,确认数额
咋个两个月的利息，滞纳金这么多哦？高的离谱了，都搞不清楚你们咋个子在弄,确认数额
咋个两个月的利息，滞纳金这么高哦？都搞不清楚你们咋个子在弄,确认数额
咋个两个月的利息，滞纳金这么高哦？咋个算的哦？,确认数额
有这么多啊,确认数额
咋个两个月的利息，滞纳金这么高哦？怎么算的哦？,确认数额
已经这么多了？,确认数额
利息你们是怎么给我算的？,确认数额
请问滞纳金是多少？,确认数额
请问什么是滞纳金,确认数额
利息是怎么算的,确认数额
那我总共欠了多少钱，你给算算,确认数额
你帮我算一下，再拖两个月我要还多少？,确认数额
你们的利息太高了吧，还有滞纳金又是什么鬼,确认数额
你们利息怎么算的？,确认数额
你们要钱，这个利息、滞纳金是咋个子算出来的也？,确认数额
请问一共减掉了多少利息,确认数额
等我去看一下记录多,确认数额
利息多少？,确认数额
利息这么高 怎么还得起,确认数额
你们这利息和之前告诉我的不对,确认数额
你们这利息太高了,确认数额
你说啥，哪有那么多,确认数额
你怎么没跟我说过有利息？,确认数额
等下啊，我记下我欠了多少钱。,确认数额
好多呢？,确认数额
搞错了吧,确认数额
利息,确认数额
你这利息怎么算的哦,确认数额
钱多少,确认数额
是怎么算的,确认数额
数目不对,确认数额
我才借了2万，利息滞纳金就有几千，疯了吧,确认数额
我数学不好,确认数额
我算一哈钱,确认数额
我算一哈钱阿,确认数额
我算一哈钱吧,确认数额
我算一哈钱哈,确认数额
金额,确认数额
我算一哈钱哈哈哈,确认数额
怎么会这么多？,确认数额
怎么算的？,确认数额
这个利息是怎么算的呢,确认数额
你怎么算的啊,确认数额
你说要还多少钱,确认数额
您刚才说的是哪笔贷款啊，多少钱的,确认数额
你们这么算利息，不怕我去告你们么,确认数额
利息是怎么算的哈哈哈,确认数额
利息是怎么算的呢,确认数额
利息是怎么算的阿,确认数额
你确定没算错哇,确认数额
利息是怎么算的啦,确认数额
利息是怎么算的哈,确认数额
利息给我算一遍,确认数额
利息一共多少钱,确认数额
我不知道有没有这么多钱,确认数额
我不清楚我要跟他本人核实,确认数额
全欠很多钱,确认数额
欠多少钱,确认数额
你自己不会查啊,确认数额
那我还掉是不是就能结清啊,确认数额
你们这个是不是高利贷，我要举报你们,确认数额
利息有点高哦,确认数额
我还差点，,讨价还价
我还在借,讨价还价
我还在找,讨价还价
我会还的，等我有钱了,讨价还价
我回家湊,讨价还价
我回家就处理,讨价还价
我回头问问我朋友,讨价还价
我会筹到钱联系你,讨价还价
我觉得今天不一定有钱啊,讨价还价
我觉得太高了,讨价还价
我和朋友借一下,讨价还价
我工资要等一段时间，等发工资再说,讨价还价
我得问问朋友有没有,讨价还价
我工程款下来处理,讨价还价
我跟老板预支看看,讨价还价
我跟借一下,讨价还价
我借一下看看！,讨价还价
我得回家商量一下,讨价还价
我打电话借一下！,讨价还价
我凑看看,讨价还价
我不知道朋友钱给不给我,讨价还价
我不知道明天工资能不能发,讨价还价
我不是不想还，只是需要点时间,讨价还价
违约金太多了,讨价还价
听说本金也可以减免啊,讨价还价
我工资发了就处理！,讨价还价
我今天没借到钱,讨价还价
我尽最大努力,讨价还价
我尽快,讨价还价
我去借看看,讨价还价
我去跟父母要一点,讨价还价
我去凑,讨价还价
我去筹备一下,讨价还价
我去财务支,讨价还价
我欠钱太多了,讨价还价
我欠的太多了,讨价还价
我朋友说今天钱还我,讨价还价
我朋友钱没还给我,讨价还价
看今天朋友钱能不能拿到,讨价还价
我没有工作,讨价还价
看今天能不能发工资,讨价还价
我没那么多钱,讨价还价
我联系我朋友看看,讨价还价
我老考虑下,讨价还价
我可以延期吗,讨价还价
我考虑一下再给你答复！,讨价还价
我看能不能借到钱,讨价还价
我看能不能凑到在回复你,讨价还价
我看能不能凑到再回你,讨价还价
我看老板能不能支点出来,讨价还价
我看看能不能借到,讨价还价
我看看家里有多少,讨价还价
我看看吧不能保证,讨价还价
身上没这么钱,讨价还价
我尽量在这之前还上,讨价还价
我尽量在..时间处理部分！,讨价还价
我尽力去凑吧。,讨价还价
我尽快处理,讨价还价
我今天没时间啊,讨价还价
身份证挂失还没拿来,讨价还价
钱太多,讨价还价
人家不一定借给我,讨价还价
朋友没给我,讨价还价
朋友还没有答复,讨价还价
朋友还没回复我，现在不知道！,讨价还价
你这能减免，我就还,讨价还价
你先等等我回家商量下,讨价还价
你申请下,讨价还价
你让我考虑,讨价还价
你们利息也太高了,讨价还价
你们几点下班最迟能帮我再拖多少天,讨价还价
你减免了我看看,讨价还价
你等我想想,讨价还价
你帮我想办法,讨价还价
能减免多少在看看,讨价还价
利息太高了,讨价还价
利息太高了，能不能只还本金,讨价还价
没那么多钱,讨价还价
没有那么多,讨价还价
能减本金就好了,讨价还价
明天我看看,讨价还价
能不能在少点,讨价还价
能不能在给点时间,讨价还价
母亲住院没钱,讨价还价
能不能多给点时间,讨价还价
能不能分期还,讨价还价
能不能减免,讨价还价
能不能减免点,讨价还价
能不能借到,讨价还价
能不能少点,讨价还价
能不能少点啊,讨价还价
朋友钱到了就还,讨价还价
朋友钱还没给我,讨价还价
朋友钱还没转过来。,讨价还价
朋友说借我,讨价还价
可能不行,讨价还价
去借钱,讨价还价
去贷点款处理,讨价还价
钱太多了,讨价还价
我去借钱,讨价还价
钱是借给别人用的，等他钱还我了再还。,讨价还价
老板还没有发,讨价还价
老板钱没拿到，不确定什么发工资,讨价还价
利息太多,讨价还价
钱没有到账,讨价还价
利息太高,讨价还价
钱没有到位,讨价还价
钱没到账,讨价还价
钱没到位,讨价还价
如果老板不拖欠马上还,讨价还价
钱借钱,讨价还价
钱还没到账,讨价还价
钱还没到位,讨价还价
钱还没到,讨价还价
钱到账还,讨价还价
钱到位了我就还了,讨价还价
钱到位了联系你,讨价还价
钱到了立马给你打电话,讨价还价
钱到就还,讨价还价
钱凑好了联系你,讨价还价
钱不一定能凑齐,讨价还价
钱不确定什么时候到,讨价还价
钱不够,讨价还价
朋友转过来就还上,讨价还价
朋友也没给答复,讨价还价
钱还没借到，我在找别人借！,讨价还价
我去借钱看看，借到就处理,讨价还价
我去问一下有没有人愿意借给我！,讨价还价
我去看看能不能借到,讨价还价
再等等等吧,讨价还价
预支工资,讨价还价
又不是不还,讨价还价
有一个工程款要结有钱了立马还,讨价还价
看我借到再说,讨价还价
看朋友钱给不给,讨价还价
有点困难,讨价还价
银行已经关门，我过段时间在处理，,讨价还价
银行卡被冻结了过几天解封就还,讨价还价
银行抵押贷款没有下来,讨价还价
也许可以,讨价还价
也许吧,讨价还价
也许,讨价还价
也不差这几天,讨价还价
要去借钱,讨价还价
要减免下,讨价还价
需要时间,讨价还价
小孩这两天开学学费,讨价还价
想办法借钱,讨价还价
想办法还,讨价还价
现在在开车明天我会还一部分的,讨价还价
现在在高速，过两天处理,讨价还价
现在钱还没到,讨价还价
现在没这多钱，后天吧,讨价还价
现在没钱先处理部分,讨价还价
先换一部分,讨价还价
先还二百,讨价还价
我做生意失败了，现在在找工作！,讨价还价
我周转一下回复你,讨价还价
看我能否接受,讨价还价
我周转一下！,讨价还价
再看看,讨价还价
再想想,讨价还价
缓缓行不行,讨价还价
能不能分期还？,讨价还价
我可以再分期还不？,讨价还价
我应该还没有逾期两个月哦,讨价还价
滞纳金能不能省掉,讨价还价
能不能先还一半，后面的分期,讨价还价
能不能再优惠点儿,讨价还价
能不能把利息减免再无息分期？,讨价还价
优惠力度大不大,讨价还价
明显还可以再优惠点儿,讨价还价
能不能换个长点儿的还款周期呢,讨价还价
万一我还了，你们又说还是利息和滞纳金呢,讨价还价
你怎么证明给我减免啊？,讨价还价
可能还不上,讨价还价
可以，但是要等到下个月,讨价还价
还有没有更低的方案,讨价还价
只愿还本金,讨价还价
只还本金,讨价还价
这个时间紧啊,讨价还价
这个金额可不可以再少点,讨价还价
这个减免。我也法处理，,讨价还价
占时没钱，不知道能不能借到,讨价还价
可以分期不,讨价还价
之前没钱,讨价还价
可以吗,讨价还价
正在想办法,讨价还价
正在凑钱,讨价还价
这个，我一定尽量,讨价还价
在想想办法吧,讨价还价
再说说，免啥子？,讨价还价
能不能不还利息,讨价还价
我周转看看,讨价还价
我知道我去想办法,讨价还价
我想还只是现在没钱,讨价还价
我想还没有钱,讨价还价
我想法子,讨价还价
我想办法看看,讨价还价
我想办法发筹钱,讨价还价
能不能一年还清？,讨价还价
我想办法,讨价还价
我现在资金有点周转不开啊,讨价还价
我现在没能力,讨价还价
我现在没那么多钱。,讨价还价
我现在没那么多钱,讨价还价
我现在没那么多,讨价还价
我现在没工作,讨价还价
我现在借钱,讨价还价
我先去想办法,讨价还价
我先去借钱看看,讨价还价
我问一下,讨价还价
我问问看,讨价还价
我问问家里,讨价还价
我商量一下,讨价还价
我去周转一下,讨价还价
我去找朋友借钱处理,讨价还价
我去找朋友借看看,讨价还价
我去想想办法,讨价还价
我去想办法,讨价还价
我去问问他,讨价还价
我去问问朋友,讨价还价
我去问问,讨价还价
我去看看我能不能借到再说吧,讨价还价
我想想,讨价还价
我想想吧,讨价还价
我想想办法,讨价还价
我要和家人商量一下！,讨价还价
我只能是尽量,讨价还价
我只还本金,讨价还价
我这边再看看,讨价还价
我找我朋友问问,讨价还价
我找我朋友借点看看,讨价还价
我在咨询一下,讨价还价
我在想想办法,讨价还价
我在想想吧,讨价还价
我在考虑考虑一下,讨价还价
我在考虑考虑,讨价还价
我在等发工资,讨价还价
我在打官司，工程款拿来就还,讨价还价
能不能把利息全减了,讨价还价
我在凑钱,讨价还价
我去借一下,讨价还价
我再想想办法吧,讨价还价
我再去凑凑,讨价还价
我再考虑下吧,讨价还价
我有钱自然会还,讨价还价
我有钱了肯定会处理,讨价还价
我有钱就去还,讨价还价
我有钱就还.,讨价还价
我一定想办法,讨价还价
我一定给你办好,讨价还价
我也想还，但我现在真的很困难,讨价还价
我也很想还,讨价还价
我也不知道朋友钱今天能不能到,讨价还价
看老板拖不拖工资,讨价还价
可以少还一点,讨价还价
我也不知道，钱还没到账,讨价还价
我再想想,讨价还价
我问一下我朋友,讨价还价
等朋友回话呢,讨价还价
等他还了我就还,讨价还价
工资还没发！,讨价还价
工资还没发,讨价还价
回去商量,讨价还价
我考虑一下,讨价还价
我考虑考虑,讨价还价
别人钱我钱，正在要钱,讨价还价
不能保证，得看工程款到不到,讨价还价
我尽量吧,讨价还价
我尽量,讨价还价
我尽量哈,讨价还价
不是恶意拖欠，有钱就还了,讨价还价
你先等等我回家商量下,讨价还价
不知道过两天发不发工资,讨价还价
问问老婆同不同意,讨价还价
问问家人,讨价还价
尽量吧,讨价还价
尽量,讨价还价
尽力,讨价还价
不知道能不能借到钱,讨价还价
车子卖了还,讨价还价
工资发了就还,讨价还价
出车祸了,讨价还价
处理好了联系你,讨价还价
工资发了就处理,讨价还价
工资不知道什么时候到,讨价还价
工资还没发了,讨价还价
回头打电话再说,讨价还价
工资还没有发,讨价还价
工资没发,讨价还价
有钱了自然会还。,讨价还价
别人借我钱,讨价还价
过几天看看,讨价还价
过几天就还了,讨价还价
过几天就处理.,讨价还价
过几天的,讨价还价
现在在开车明天我会还一部分的,讨价还价
我试试看！,讨价还价
我试试看,讨价还价
我试试吧,讨价还价
我商量一下,讨价还价
我去周转一下,讨价还价
工资不确定发不发,讨价还价
过几天,讨价还价
过段时间处理,讨价还价
过段时间吧。钱没到。,讨价还价
过段时间吧,讨价还价
可能不行,讨价还价
看看再说,讨价还价
看看情况的,讨价还价
看看吧,讨价还价
过段时间,讨价还价
工作不稳定,讨价还价
回头再说,讨价还价
工资延迟发了。,讨价还价
工资拖欠没发，发了我立马处理！,讨价还价
过段时间再说,讨价还价
先缓缓，马上就还,讨价还价
工地几个月才发工资,讨价还价
工程款下来就还了,讨价还价
等发工资的我自己处理,讨价还价
等发工资我联系你,讨价还价
等发工资再说,讨价还价
等发了工资的,讨价还价
发工资,讨价还价
短时间还不上,讨价还价
等找到债在说,讨价还价
等月底,讨价还价
等下我去借钱,讨价还价
等下个月发工资,讨价还价
等我稳定工作处理,讨价还价
等放假我回家处理,讨价还价
等父母给钱的,讨价还价
等会去银行存,讨价还价
等我朋友借钱给我,讨价还价
等我和家里人商量下,讨价还价
等我发工资在说,讨价还价
等我发工资再说,讨价还价
等我发工资的,讨价还价
等我发工资,讨价还价
等我办好卡的再说,讨价还价
等几天吧,讨价还价
等借到钱的,讨价还价
等老婆拨款,讨价还价
等老婆发工资的,讨价还价
发工资的时候联系你,讨价还价
发工资就还,讨价还价
等发工资的,讨价还价
等发工资,讨价还价
工程款没下来,讨价还价
工程款没到手了。,讨价还价
工程款还没有发,讨价还价
工程款还没下来,讨价还价
大后年在说,讨价还价
给我再想想吧,讨价还价
给我一段时间,讨价还价
给我时间,讨价还价
大后天再还xxx款,讨价还价
给我考虑下,讨价还价
给点时间,讨价还价
刚上班，还没发工资。,讨价还价
工程款下来就能还了,讨价还价
父亲住院没钱,讨价还价
父母能不能帮忙,讨价还价
发工资再说吧,讨价还价
看工资发多少,讨价还价
贷款还没下来,讨价还价
贷款今天不确定下来,讨价还价
发工资再说,讨价还价
贷款今天还没下来,讨价还价
贷款没下来,讨价还价
贷款下来还,讨价还价
到时候尽量处理点,讨价还价
到时候看看吧,讨价还价
到时候我自己还进去,讨价还价
父母正在周转。,讨价还价
我没准备好还,讨价还价
能不能再减掉点啊,讨价还价
我回家商量,讨价还价
帅哥，帮帮忙楼,讨价还价
借借看吧+,讨价还价
帅哥，帮帮忙喽，靠你了,讨价还价
金额高了,讨价还价
我会还的，现在不行,讨价还价
我商量一下,讨价还价
我争取还,讨价还价
缓缓行不行啊,讨价还价
我正在筹钱，你催个毛线啊,讨价还价
我只有200元，你要不要，不要拉倒,讨价还价
我准备第3个月还啊,讨价还价
看看吧,讨价还价
缓缓行不行嗯,讨价还价
缓缓行不行了,讨价还价
缓缓行不行哈哈哈,讨价还价
减了以后还吧,讨价还价
家人正在帮忙筹钱,讨价还价
家人不知道帮不帮我,讨价还价
家里有事，暂时没钱。,讨价还价
家里有事,讨价还价
家里人都联系不到,讨价还价
家里穷,讨价还价
先缓缓，马上就还,讨价还价
先请我吃饭,讨价还价
下个月的吧,讨价还价
要是我还不还，是不是下次就本金减一半啊,讨价还价
今天一概能处理部分吧,讨价还价
让我想想,讨价还价
不行，没办法呀,讨价还价
不行，没办法按照你说的做哦,讨价还价
不行，没办法安妮说的,讨价还价
不好说,讨价还价
我看看,讨价还价
我看一下,讨价还价
能再宽松几天不,讨价还价
借钱再去还,讨价还价
今天不一定发工资,讨价还价
今天工程款可能下来,讨价还价
你等我这个月来还吧,讨价还价
缓缓行不行阿,讨价还价
那之前我还的利息可以抵扣本金么,讨价还价
今天看看,讨价还价
我考虑考虑,讨价还价
我考虑一下,讨价还价
我能还100元，你们要不？,讨价还价
你先申请着,讨价还价
可以考虑下，我下午去问我朋友借下看行不行,讨价还价
可不可以不要闹,讨价还价
我回家看看,讨价还价
今天可能还不上,讨价还价
今天我不一定能还啊,讨价还价
还早吧,讨价还价
你能不能想一下其他方法,讨价还价
家里还是困难,讨价还价
家人生病了,讨价还价
家里车房子正在拍卖,讨价还价
本金,讨价还价
别人还没还我钱了,讨价还价
那我先凑,讨价还价
过两天再说,讨价还价
等有钱的,讨价还价
好的你申请吧,讨价还价
等以后有钱的,讨价还价
等我有钱再说,讨价还价
家里出事没钱,讨价还价
孩子上学没钱,讨价还价
还有其他债务,讨价还价
到时再说,讨价还价
还要再等等,讨价还价
还是太多,讨价还价
被人骗了,讨价还价
还是多,讨价还价
还能不能再少一点了,讨价还价
还没借到钱。,讨价还价
还没到账,讨价还价
过一段时间会处理的,讨价还价
到时联系你,讨价还价
到时间你联系我,讨价还价
过一段时间,讨价还价
金额太高，我想想办,讨价还价
金额太高，我想想办法,讨价还价
看房子到时候能不能卖出去,讨价还价
到时候再说,讨价还价
过两天现在有事,讨价还价
我回家商量一下,讨价还价
我回家商量下,讨价还价
还欠我钱,讨价还价
好几个月没发工资没钱,讨价还价
等我有钱的,讨价还价
5好吧,讨价还价
5号可能发工资,讨价还价
货还没卖出去,讨价还价
会处理，但现在没钱,讨价还价
把APP金额减了我等下自己还,讨价还价
回家跟爱人商量一下,讨价还价
半个月,讨价还价
绑定的卡丢了我会重新办张卡的,讨价还价
回家商量一下,讨价还价
20号,讨价还价
15号,讨价还价
包养了个小四,讨价还价
后天再还xxx款,讨价还价
再给个机会，下个月嘛,讨价还价
办理不了转账,讨价还价
快说嘛，我在开车,说出目的
我认识他你找他又什么事情？,说出目的
快说事，我没时间,说出目的
有什么事？,说出目的
你打电话有什么事,说出目的
干嘛，你想干啥？,说出目的
是找他做什么？,说出目的
你找这个人做什么？,说出目的
啊，然后喃,说出目的
干嘛？,说出目的
想套路我？,说出目的
有屁快放,说出目的
赶啥类,说出目的
噶哈玩意,说出目的
请讲,说出目的
啥情况，哥们,说出目的
有什么事快说，手机快没电了,说出目的
打电话咋子,说出目的
你是哪个？你找他干嘛？,说出目的
你是不是吃错药了,说出目的
做哪样,说出目的
我干嘛要告诉你，你要是骗子呢？,说出目的
你先给我说你有啥子事？,说出目的
你给我打电话问我干啥,说出目的
怎么，有事快说，我在开车,说出目的
你打我电话干嘛,说出目的
你说是就是，有什么事快说,说出目的
他去外地了，找他什么事情？,说出目的
有事吗,说出目的
作甚个呀,说出目的
啥情况，朋友,说出目的
有话直说,说出目的
你说吧，什么事,说出目的
你想干什么,说出目的
你要干嘛嘛,说出目的
啊？,说出目的
你谁啊，你管我，到底想干嘛,说出目的
你先给我说你有什么事？,说出目的
想咋子,说出目的
啥情况，兄弟,说出目的
他正好不在，找他么子个事情？,说出目的
他不在，你找他什么事情？,说出目的
啥情况，美女,说出目的
什么情况,说出目的
你到底想啷个,说出目的
为啥子打这个电话呢,说出目的
我就是，你要咋子嘛,说出目的
我不是，你有啥事情？我帮你找他,说出目的
神马，有事吗,说出目的
搞屁哦,说出目的
啥子事情？,说出目的
你找他有什么事情？,说出目的
咋子,说出目的
你打电话干啥,说出目的
你到底要咋子,说出目的
对，干嘛,说出目的
说，啥子事,说出目的
有事请讲,说出目的
他在办事，我可以转告,说出目的
怎么了？,说出目的
有事吗？,说出目的
你都不知道我是谁还打电话给我？你到底要做什么？,说出目的
你搞哪样的,说出目的
你要咋子嘛,说出目的
啥意思？,说出目的
找他爪子事情？,说出目的
你搞啥子的,说出目的
你究竟有什么目的,说出目的
手机快没电了，你什么意思快说,说出目的
说,说出目的
我等到花儿都谢了，才等到你们的电话啊,说出目的
有啥子事,说出目的
有什么事吗，说,说出目的
在开会，什么事,说出目的
搞么子,说出目的
你要干嘛,说出目的
什么事？,说出目的
你想爪子,说出目的
有什么事,说出目的
你要做爪子,说出目的
是的，有事吗,说出目的
你要咋子,说出目的
你找他什么事,说出目的
干煞,说出目的
要抓批？,说出目的
干啥子,说出目的
快说,说出目的
你要干什么,说出目的
有事说事,说出目的
我认不认识他管你什么事情？,说出目的
说嘛,说出目的
他欠了你们好多钱嘛,说出目的
啥情况，老弟,说出目的
你做啥的,说出目的
咦，咋个还有人找他也？你找他咋个事情？,说出目的
搞什么呢,说出目的
么子事,说出目的
怎么了,说出目的
找我有什么事情吗,说出目的
干嘛,说出目的
你找他事催款吗？,说出目的
有话快说,说出目的
我听不懂你在说啥子,说出目的
我不是本人，你是哪位？有啥事情我帮你传话,说出目的
你是哪位？打电话有啥子？,说出目的
有什么事情,说出目的
说事,说出目的
你找他干什么,说出目的
打电话干什么,说出目的
你和他是啥子关系,说出目的
有什么事说,说出目的
啥子事,说出目的
你找他有什么事情哇？,说出目的
你打电话到底有什么事,说出目的
干什么？,说出目的
有啥子事嘛,说出目的
你想干啥子哦？,说出目的
干啥,说出目的
你警察啊，调查户口的嗖，你哪颗葱，干嘛？,说出目的
弄啥子？,说出目的
欠你钱了？,说出目的
认识怎么样不认识又怎么样,说出目的
你想干嘛,说出目的
你想干啥,说出目的
你想干什么,说出目的
你想找谁,说出目的
你要干嘛,说出目的
你要干嘛？,说出目的
你要干啥,说出目的
你要爪子？,说出目的
你要做什么,说出目的
你有什么事,说出目的
你有什么事情,说出目的
什么鬼,说出目的
什么鬼？,说出目的
什么事,说出目的
什么事，你打错了,说出目的
什么事？,说出目的
有什么事情吗？,说出目的
啥事？,说出目的
有什么事,说出目的
有啥子事,说出目的
你还要我怎样,说出目的
有屁快放！,说出目的
你想表达什么？,说出目的
有话快说,说出目的
什么是，跟我说,说出目的
什么事说,说出目的
什么事情啊,说出目的
什么事情,说出目的
什么事情,说出目的
什么事啊,说出目的
是，怎么了,说出目的
有什么事直说,说出目的
你先说你有什么事，我在告诉你。,说出目的
你先说你是干嘛的,说出目的
啥事,说出目的
啥事喃？,说出目的
你找我撒,说出目的
啥子事,说出目的
啥子事情喃？,说出目的
这个和你有关系吗？,说出目的
你干什么的,说出目的
你想咋子,说出目的
你还要我怎样,说出目的
你难道只问这个？,说出目的
你说嘛,说出目的
你要干什么,说出目的
你要爪子嘛,说出目的
打我电话爪子,说出目的
打我电话干什么,说出目的
你在干嘛,说出目的
你找他干什么？,说出目的
你问我干嘛,说出目的
你说，什么事,说出目的
讲啥子喃？,说出目的
干嘛有什么事说,说出目的
干嘛什么事快说,说出目的
干嘛？,说出目的
你先说你谁啊,说出目的
咋了,说出目的
有事？,说出目的
我什么事情,说出目的
谁让你打的,说出目的
是又爪子嘛,说出目的
什么事,说出目的
弄啥勒,说出目的
咋回事？,说出目的
有时快说我有事,说出目的
有什么事情,说出目的
你到底想干嘛啊？,说出目的
嗯哼，啥事,说出目的
有事,说出目的
啥子怪？,说出目的
搞莫家伙哦,说出目的
找我有什么事情,说出目的
什么事？,说出目的
请问找他干嘛,说出目的
你哪来的我电话，你想干啥？,说出目的
有事情就说,说出目的
你们是不是打错电话了,说出目的
会不会说话呢，有啥子事？,说出目的
说,说出目的
啥情况，妹儿,说出目的
先说事,说出目的
我是他朋友，你找他又什么事,说出目的
你的目的是什么,说出目的
搞么之咧,说出目的
你有5分钟时间说明来意,说出目的
咋了？,说出目的
有啥子事情？,说出目的
你老几啊，你管我是谁，你想干嘛？,说出目的
我是他哥，有什么事情告诉我？,说出目的
直说你要干嘛。,说出目的
我认识，你找他咋子,说出目的
啥情况，帅哥,说出目的
什么事情？他现在不在，要不要我转告他？,说出目的
嘛呢，干嘛呢,说出目的
怎么了，有屁快放,说出目的
干么斯,说出目的
别墨迹，快说,说出目的
嘛事啊,说出目的
咋子？张哥,说出目的
长话短说，我要赶飞机了,说出目的
就什么事情,说出目的
你在说啥子哦,说出目的
啥子事,说出目的
啥子事，烦の很,说出目的
直接说事,说出目的
找我有什么事,说出目的
找我干嘛,说出目的
就是我，找我啥子事,说出目的
怎么了？,说出目的
怎么啦,说出目的
咋了？,说出目的
咋啦,说出目的
咋地了？,说出目的
咋的了,说出目的
有事吗,说出目的
怎么了,说出目的
额？,说出目的
杂子了,说出目的
不想听你说什么废话，快说,说出目的
你是不是神经病啊？你要干嘛,说出目的
请问有什么事？,说出目的
啊，怎么了？有事吗？,说出目的
认识，你找他什么事,说出目的
搞啥子,说出目的
嗯？,说出目的
不要这么无聊好不好,说出目的
what are you 弄啥呢,说出目的
什么情况,说出目的
弄啥？,说出目的
嗯，咋了,说出目的
你到底要干啥子哦？,说出目的
我是他老公，你找她什么事,说出目的
你等下发个信息给我,请求等下打来
等会我再联系你吧,请求等下打来
我现在在外地出差,请求等下打来
到点了，再说。,请求等下打来
下星期一打我电话,请求等下打来
我没网络,请求等下打来
下星期一协商,请求等下打来
闪电了，太危险了。挂了。,请求等下打来
你给我你的私人电话吧，我待会打给你聊,请求等下打来
等我半小时,请求等下打来
明天我联系你,请求等下打来
上班不能玩手机,请求等下打来
上班不方便接电话,请求等下打来
上班,请求等下打来
你用手机给我发个信息吧,请求等下打来
你明天联系我,请求等下打来
你过一会打过来,请求等下打来
你等一下打过来,请求等下打来
你等我下班再说吧,请求等下打来
你等我忙完的,请求等下打来
你等我了解下我再跟你联系,请求等下打来
你等我待会联系你,请求等下打来
你等我打客服问下再说,请求等下打来
你等会再打来,请求等下打来
你等会再打给我,请求等下打来
你等会再打吧,请求等下打来
上班呢,请求等下打来
上夜班，在睡觉。等有空联系,请求等下打来
稍等一下,请求等下打来
稍后给你回复,请求等下打来
晚点说行吗,请求等下打来
晚点联系可以吗,请求等下打来
晚点联系,请求等下打来
天黑了,请求等下打来
他在忙，你一会在打过来,请求等下打来
他在忙,请求等下打来
他在开会,请求等下打来
你等会再打,请求等下打来
他在开车等会再说,请求等下打来
他有事出去了,请求等下打来
他现在不在，你有事吗,请求等下打来
他等会就回来,请求等下打来
他本人不在我帮你问一下吧,请求等下打来
说什么，晚点说,请求等下打来
手机没电了,请求等下打来
稍后联系,请求等下打来
他在开车,请求等下打来
晚上给你答复,请求等下打来
你等会打来在开车,请求等下打来
你等会打过来,请求等下打来
开会呢,请求等下打来
开会,请求等下打来
开车在路上不方便,请求等下打来
开车呢，待会再打,请求等下打来
开车呢,请求等下打来
开车了,请求等下打来
开车不方便,请求等下打来
开车,请求等下打来
今天临时有事改天吧,请求等下打来
今天不行，明天吧,请求等下打来
今天不方便,请求等下打来
火车上面,请求等下打来
回家路上,请求等下打来
回家联系你,请求等下打来
换个地方说。,请求等下打来
开完会再说,请求等下打来
马上回来,请求等下打来
马上进地下室,请求等下打来
马上进电梯了,请求等下打来
你等会,请求等下打来
你待会再打,请求等下打来
你待会打过来吧啊,请求等下打来
明天联系我吧,请求等下打来
明天联系你,请求等下打来
明天给我来电话,请求等下打来
明天的吧,请求等下打来
你等会打来,请求等下打来
明天打来,请求等下打来
明天,请求等下打来
没有时间,请求等下打来
忙完了我找你,请求等下打来
忙了先挂了,请求等下打来
忙，等等,请求等下打来
慢会儿空了再说。,请求等下打来
马上就好,请求等下打来
明天打给我,请求等下打来
后天说,请求等下打来
晚上联系,请求等下打来
晚上说,请求等下打来
我手机没电了,请求等下打来
我手机快没电了，再见,请求等下打来
我稍后再联系你,请求等下打来
我稍后联系你吧,请求等下打来
我稍后回给你,请求等下打来
我上夜班在休息，晚上联系我,请求等下打来
我上夜班在休息,请求等下打来
我骑车呢，不方便接电话,请求等下打来
我朋友在,请求等下打来
我陪领导吃饭,请求等下打来
我旁边有人,请求等下打来
我目前在开会，待会再说，,请求等下打来
我明天找你,请求等下打来
我明天给你答复,请求等下打来
我们老板来了，我挂了,请求等下打来
我手机没电了，明天再说,请求等下打来
我手机没电了。先充电了,请求等下打来
我睡觉了,请求等下打来
我听不见；在开车；能等会打吗,请求等下打来
我现在开车,请求等下打来
我现在很忙,请求等下打来
我现在不方便说话,请求等下打来
我现在不方便你一会儿再打来,请求等下打来
我现在不方便接电话,请求等下打来
我现在不方便接,请求等下打来
我现在不方便，过会转过去,请求等下打来
我没时间跟你聊,请求等下打来
我现在不方便,请求等下打来
我先接个电话,请求等下打来
我先核实一下,请求等下打来
我先查看下,请求等下打来
我下班联系你,请求等下打来
我问问财务，你一会再联系我,请求等下打来
我晚上在给你打电话,请求等下打来
我晚上联系你,请求等下打来
我先看看我还有多少钱，，等会打你电话,请求等下打来
晚上联系你,请求等下打来
我没时间,请求等下打来
我没话费了，再见,请求等下打来
我等会联系,请求等下打来
我等会就去,请求等下打来
我等会给你过去,请求等下打来
我的电话没电了，再联系,请求等下打来
我待会再联系你,请求等下打来
我待会联系你,请求等下打来
我待会打给你,请求等下打来
我待还联系你,请求等下打来
我出去一趟,请求等下打来
我吃饭了,请求等下打来
我参加聚会呢,请求等下打来
我不方便接,请求等下打来
我不方便,请求等下打来
晚上再说,请求等下打来
晚上我打你电话,请求等下打来
我等会联系你,请求等下打来
我等会去看下,请求等下打来
我等会再联系你！,请求等下打来
我等会再联系你；这里信号不好；稍后联系,请求等下打来
我忙完了给你回电话,请求等下打来
我忙了,请求等下打来
我马上要开会了,请求等下打来
我马上要出差，你过几天给我打吧,请求等下打来
我马上上飞机了,请求等下打来
我马上吃饭了,请求等下打来
我六点下班你在打电话,请求等下打来
我没空现在,请求等下打来
我空了联系,请求等下打来
我开车呢,请求等下打来
我家里来人了，先挂了,请求等下打来
我和朋友在一起谈事情,请求等下打来
我过一个小时给你回电话,请求等下打来
我改天再联系你,请求等下打来
我等下联系你,请求等下打来
我等会找你,请求等下打来
我开会呢,请求等下打来
我现在开车，等会再说吧,请求等下打来
后天打我电话,请求等下打来
和朋友在一起，不方便,请求等下打来
一会说,请求等下打来
一会儿再打吧,请求等下打来
一会儿我给你打过去,请求等下打来
一会儿打给你,请求等下打来
现在信号不好，一会再说,请求等下打来
现在很忙，双手不空,请求等下打来
现在不方便,请求等下打来
我这要接个很重要的电话，再说哈。,请求等下打来
我这会不方便，在开会,请求等下打来
我在洗澡,请求等下打来
我在外面，回去给你打过来哈,请求等下打来
我在忙哈,请求等下打来
我在忙,请求等下打来
我在开会哈～,请求等下打来
我在开会,请求等下打来
有点忙，等会儿再说,请求等下打来
在开会你等会打来,请求等下打来
在开会你等会打来可不可以呢,请求等下打来
在看球赛，不要烦我,请求等下打来
待会回你电话,请求等下打来
待会给你打去,请求等下打来
待还再打,请求等下打来
吃过饭再说,请求等下打来
不好意思。现在没空,请求等下打来
不好意思，我在上班，,请求等下打来
不好意思，我不方便。,请求等下打来
我在开车，先不说了,请求等下打来
不方便一会打给你,请求等下打来
不方便接听,请求等下打来
不方便接电话,请求等下打来
不方便，不能接电,请求等下打来
不方便,请求等下打来
2小时之后你联系我,请求等下打来
10分钟打过来,请求等下打来
在忙哈～,请求等下打来
不方便说话,请求等下打来
待会联系,请求等下打来
我在开车,请求等下打来
我在国外，不太方便,请求等下打来
我实在太忙了，回头聊,请求等下打来
我老婆来了，我先挂了。,请求等下打来
我等一下给你回过去,请求等下打来
我的任务都没有完成的呢,请求等下打来
我得去吃饭了。,请求等下打来
我不方便,请求等下打来
头晕了，先挂了。,请求等下打来
你好，我在忙,请求等下打来
你好，今天我没得空,请求等下打来
你过会打过来,请求等下打来
你等下打过来,请求等下打来
明天再说吧，今天没时间了,请求等下打来
明天再来看你们,请求等下打来
明天我再过来，今天没时间了,请求等下打来
过几天联系,请求等下打来
我停车呢，一会回你,请求等下打来
我现在不方便，空了吹阿,请求等下打来
我现在不方便，空了吹吧,请求等下打来
我现在不方便，空了吹嗯,请求等下打来
我在电梯里，等下说,请求等下打来
我在电梯里,请求等下打来
我现在有事，你等下打过来,请求等下打来
我现在有事,请求等下打来
我现在有点忙，你等会儿打来,请求等下打来
我现在没在成都的，回来了联系你哈！,请求等下打来
我现在没时间,请求等下打来
我在加班,请求等下打来
我现在不方便接听电话的,请求等下打来
我现在不方便，空了再说哇,请求等下打来
我现在不方便，空了再说哈哈哈,请求等下打来
我现在不方便，空了再说嗯,请求等下打来
我现在不方便，空了再说，没意思,请求等下打来
我现在不方便，空了再说,请求等下打来
我现在不方便，空了吹者,请求等下打来
我现在不方便，空了吹哈哈哈,请求等下打来
我现在不方便接听电话,请求等下打来
后天打给我,请求等下打来
待会联系，忙,请求等下打来
待会再说在开车,请求等下打来
等下打来,请求等下打来
等下打,请求等下打来
等下班再说,请求等下打来
等我有空就给你回电话,请求等下打来
等我有空的,请求等下打来
等我消息吧,请求等下打来
等我下高速的,请求等下打来
等我下班再说,请求等下打来
等我下班联系你,请求等下打来
等我下班就去还,请求等下打来
等我下班,请求等下打来
等我忙完的,请求等下打来
等我忙完,请求等下打来
等我开会结束联系你,请求等下打来
等我回去,请求等下打来
等下说,请求等下打来
等下我发信息回复你,请求等下打来
等下午我联系你,请求等下打来
等下再聊,请求等下打来
好多人啊,请求等下打来
好的，你到晚上78点联系我,请求等下打来
过四十分钟打来,请求等下打来
过四分钟打来,请求等下打来
过十分钟打来,请求等下打来
过三分钟打来,请求等下打来
过两分钟打来,请求等下打来
等我回家的,请求等下打来
过半小时打来,请求等下打来
等有空联系你,请求等下打来
等有空还,请求等下打来
等一下在联系,请求等下打来
等一下在打,请求等下打来
等一下再说,请求等下打来
等一下联系,请求等下打来
等下再说,请求等下打来
高速开车了,请求等下打来
待会联系你,请求等下打来
等我和家里联系一下再说,请求等下打来
等会在说,请求等下打来
等会打,请求等下打来
等哈会儿，我再打。,请求等下打来
等等在说,请求等下打来
等等在打,请求等下打来
等等再说,请求等下打来
等等我再回复你,请求等下打来
等等说,请求等下打来
等等你在打来,请求等下打来
等等联系我哦,请求等下打来
等等联系你,请求等下打来
等等联系,请求等下打来
等等就处理,请求等下打来
等等会处理,请求等下打来
等等回电话给你,请求等下打来
到时候联系你,请求等下打来
等会打给你,请求等下打来
等会打给你，,请求等下打来
等会打给我,请求等下打来
等会打过来,请求等下打来
等会在打,请求等下打来
等会再说,请求等下打来
等会再联系吧,请求等下打来
等会再给我打电话,请求等下打来
等会我再开会,请求等下打来
等会我朋友给我钱再说,请求等下打来
等会我联系你,请求等下打来
等我好好想想再,请求等下打来
明天再说,请求等下打来
等会联系,请求等下打来
等会来电,请求等下打来
等会就好,请求等下打来
等会回你,请求等下打来
等会回电话,请求等下打来
等会给你打过去,请求等下打来
等会打来,请求等下打来
等会联系你,请求等下打来
我现在忙，不方便接电话,请求等下打来
我现在忙，等会联系！,请求等下打来
我现在忙，等会联系我！,请求等下打来
有事等会说,请求等下打来
有事，现在忙,请求等下打来
有时间找我,请求等下打来
有时间再联系吧,请求等下打来
有时间联系你,请求等下打来
有空再说,请求等下打来
有空再联系。我现在忙,请求等下打来
有个电话打进来了下次再说吧,请求等下打来
有电话,请求等下打来
一会在说,请求等下打来
一会在打来,请求等下打来
一会我再联系你吧,请求等下打来
一会说,请求等下打来
一会联系,请求等下打来
一会给你回电,请求等下打来
有事先挂了,请求等下打来
再开车,请求等下打来
再开会,请求等下打来
再医院,请求等下打来
在开车,请求等下打来
在见客户等会再打过来,请求等下打来
在公司,请求等下打来
在高速上回家才能处理,请求等下打来
在高速上,请求等下打来
在高速,请求等下打来
在干活在干活,请求等下打来
一会儿说,请求等下打来
在干活,请求等下打来
在地下室,请求等下打来
在船上,请求等下打来
在吃饭，等会再打过来,请求等下打来
在吃饭,请求等下打来
在车上,请求等下打来
在草原,请求等下打来
在参加节目,请求等下打来
在飞机上,请求等下打来
在开车，不方便接电话,请求等下打来
一会打过来,请求等下打来
现在在忙,请求等下打来
现在很忙，下午打给我,请求等下打来
现在很忙,请求等下打来
现在不方便接听,请求等下打来
现在不方便接电话,请求等下打来
现在不方便,请求等下打来
先挂了忙,请求等下打来
下午联系我,请求等下打来
下午联系你,请求等下打来
下午给我联系吧,请求等下打来
下午打给我,请求等下打来
下班再说,请求等下打来
下班再聊吧,请求等下打来
下班以后再联系，,请求等下打来
下班说,请求等下打来
下班联系你,请求等下打来
现在接一下,请求等下打来
现在忙,请求等下打来
现在忙没空,请求等下打来
现在忙没时间,请求等下打来
现在在开会,请求等下打来
现在在开车不方便接电话,请求等下打来
现在在开车,请求等下打来
现在在吃饭一家人都在等等联系你,请求等下打来
现在在吃饭,请求等下打来
现在有事等会再打我电话,请求等下打来
现在有事，晚上联系,请求等下打来
要不你等会再打，我现在有事,请求等下打来
现在有事，没办法处理,请求等下打来
现在有事,请求等下打来
现在有点事,请求等下打来
现在我点忙,请求等下打来
现在上飞机了,请求等下打来
现在没时间,请求等下打来
现在没空,请求等下打来
现在没得空。,请求等下打来
现在有事，等会再打，,请求等下打来
下班联系,请求等下打来
在开车，等会打过来,请求等下打来
在开会,请求等下打来
我在忙，稍后再说,请求等下打来
我在上班，不方便接听你的电话，有事请等我下班了在说，现在很忙,请求等下打来
我在想想，一会儿再打吧,请求等下打来
我这里信号不是很好，你把信息发到我手机上,请求等下打来
信号不好，等等啊，要不一会儿你再打过来呢,请求等下打来
大后天再说,请求等下打来
最近忙,请求等下打来
要赶飞机，再说了,请求等下打来
我现在不方便接电话,请求等下打来
这会在忙，后面再议,请求等下打来
现在比较忙，晚点说,请求等下打来
好的，我知道了，我现在有事，等下打给你,请求等下打来
信号不好,请求等下打来
正在忙，一会再说,请求等下打来
这里信号不好，等会说,请求等下打来
我在开会,请求等下打来
我要开会了，改天说,请求等下打来
我要开车了,请求等下打来
我要登机了，有什么事等我下飞机在说,请求等下打来
你等会打过来，我先确认下。,请求等下打来
回来再说,请求等下打来
对不起家里有客人来了，一会儿再聊,请求等下打来
好了，等会儿再说，我要出去趟,请求等下打来
好了，先聊到这，我这边有其他事情，晚点再说,请求等下打来
火车来了,请求等下打来
马上进电梯了，没信号,请求等下打来
这个钱。我待会联系你，,请求等下打来
马上就要起飞了，你过两小时打过来吧,请求等下打来
手机要没电了，你一会儿再打过来吧,请求等下打来
大后天说,请求等下打来
喂，喂，喂，我这边信号不好，等下再打过来。,请求等下打来
喂，我在开车，等下再说,请求等下打来
我等下给你打过来,请求等下打来
我现在不方便，空了再说,请求等下打来
我现在在开会，等会联系,请求等下打来
你说啥？我信号不好，等会儿给你回过去,请求等下打来
在开车，等会再打过来,请求等下打来
这段时间在告诉上，下高速在说,请求等下打来
找时间详谈吧,请求等下打来
在路上不方便接电话,请求等下打来
在路上。再联系,请求等下打来
在路上,请求等下打来
在开会在,请求等下打来
在开会你等会打来,请求等下打来
在开会呢,请求等下打来
在开会·,请求等下打来
在开会，我等一下回电话给你,请求等下打来
在开会，晚点联系你,请求等下打来
在开会，稍后联系你,请求等下打来
在开会，你等会,请求等下打来
在开会，等会再说,请求等下打来
在开会，等会打过来,请求等下打来
在开会，待会联系你,请求等下打来
在开会，待会打给你,请求等下打来
在忙,请求等下打来
在忙，待会回你电话,请求等下打来
在忙，等会联系你,请求等下打来
在忙，等会再说,请求等下打来
找个安静的地方,请求等下打来
在医院,请求等下打来
在外面,请求等下打来
在停车场,请求等下打来
在谈业务,请求等下打来
在上班下班联系你,请求等下打来
在上班，我下班你再打我电话,请求等下打来
这边新号不好，等我联系你,请求等下打来
在山上信号不好,请求等下打来
在山上,请求等下打来
在山里,请求等下打来
在培训,请求等下打来
在忙等会再说,请求等下打来
在忙等会再打来,请求等下打来
在忙不方便跟你说,请求等下打来
在忙，你发个信息给我,请求等下打来
在山上，等下山处理,请求等下打来
我知道了，等忙完再说,请求等下打来
我正在看比赛，完了再说,请求等下打来
我正在开车了，等会联系你,请求等下打来
我在船上信号不好,请求等下打来
我在处理一些事情稍等,请求等下打来
我在吃饭，吃完饭就弄,请求等下打来
我在吃饭,请求等下打来
我在超市,请求等下打来
我在办理信用卡,请求等下打来
我在办理身份证,请求等下打来
我在班上,请求等下打来
我再上班，下班再说,请求等下打来
我再上班,请求等下打来
我再山上,请求等下打来
我再开会,请求等下打来
我再开车，等会打我电话,请求等下打来
我再开车,请求等下打来
我有事了,请求等下打来
等几天联系吧,请求等下打来
我在地下室没信号,请求等下打来
我在飞机上，不让打电话,请求等下打来
我在高速,请求等下打来
我在开车，等会我打电话给你,请求等下打来
我在开车，等会打过来,请求等下打来
我在开车，到家说,请求等下打来
我在开车，不方便接电话,请求等下打来
我在开车,请求等下打来
我在火车,请求等下打来
我在逛街,请求等下打来
我有事,请求等下打来
我在工作,请求等下打来
我在高速上开车,请求等下打来
我在高速上，先挂了,请求等下打来
我在高速上，下高速再打,请求等下打来
我在高速上，下高速就还,请求等下打来
我在高速上，挂了啊,请求等下打来
我在高速上，等会说,请求等下打来
我在高速上,请求等下打来
我在工地不方便接听,请求等下打来
我在开车，等会再说,请求等下打来
我有时间再说,请求等下打来
我有点急事改天再说吧,请求等下打来
我现在在开会,请求等下打来
我现在在开车,请求等下打来
我现在在高速，等下高速,请求等下打来
我现在再忙，等会打过来,请求等下打来
我现在有事啊我待会回给你,请求等下打来
我现在有事,请求等下打来
我现在有点事,请求等下打来
我现在上班。,请求等下打来
我现在上班,请求等下打来
我现在没时间,请求等下打来
我现在没空你改天再打吧,请求等下打来
我现在没空,请求等下打来
我现在忙待会回你电话,请求等下打来
我现在忙，没时间。,请求等下打来
我现在忙，等会再说,请求等下打来
我现在在路上。待会联系你,请求等下打来
我现在在忙，你以后再联系我,请求等下打来
我现在在忙能等半小时吗，,请求等下打来
我现在在上班,请求等下打来
我一会联系你,请求等下打来
我一会给你打过去，这是你的电话吗,请求等下打来
我一会打给你,请求等下打来
我要上班了,请求等下打来
我要去开会了，晚点再说,请求等下打来
我要去开会了,请求等下打来
我要工作了,请求等下打来
我有电话进来了，一会再说吧,请求等下打来
我要吃饭去了,请求等下打来
我想睡觉,请求等下打来
我现在在医院，没空,请求等下打来
我现在在上班下班回电话给你,请求等下打来
我现在在上班不方便接电话,请求等下打来
我现在在上班不方便,请求等下打来
我现在在上班，等一下联系你,请求等下打来
我现在在上班，等下班再说！,请求等下打来
我要吃饭,请求等下打来
我在开车，等我停好车的,请求等下打来
我在开车，稍后联系。,请求等下打来
我在开车，稍后再打。,请求等下打来
我在上课,请求等下打来
我在上厕所,请求等下打来
我在上班下班聊,请求等下打来
我在上班等等再说,请求等下打来
我在上班的路上,请求等下打来
我在上班，下班再说,请求等下打来
我在上班，下班以后给你回电话,请求等下打来
我在上班，下班说,请求等下打来
我在上班,请求等下打来
我在山上,请求等下打来
我在山区,请求等下打来
我在山里,请求等下打来
我在山洞里,请求等下打来
我在山顶上,请求等下打来
我在汽车站，都是喇叭,请求等下打来
我在睡觉,请求等下打来
我在睡觉太累了,请求等下打来
我在外地,请求等下打来
我在外地出差,请求等下打来
我正开会,请求等下打来
我真的很忙,请求等下打来
我这几天比较忙。过几天联系我,请求等下打来
我这边信号不好，等下再联系,请求等下打来
我这边打雷了等会打来,请求等下打来
我这边不方便说话,请求等下打来
我这边不方便回答,请求等下打来
我在骑车不方便听电话,请求等下打来
我在游泳,请求等下打来
我在医院,请求等下打来
我在学校,请求等下打来
我在学习,请求等下打来
我在外面呢等会再打我电话,请求等下打来
我在外面不放便,请求等下打来
我在外面，有事等我回去的,请求等下打来
我在外面,请求等下打来
我在医院我母亲生病,请求等下打来
我在骑车,请求等下打来
我在跑步,请求等下打来
我在面试,请求等下打来
我在开会你等会打=打来,请求等下打来
我在开会呢,请求等下打来
我在开会等等再打来,请求等下打来
我在开会，等下再说吧,请求等下打来
我在开会，等下再说,请求等下打来
我在开会，等下再联系,请求等下打来
我在开会，等会再说,请求等下打来
我在开会一会再说,请求等下打来
我在开会，等会的,请求等下打来
我在开会,请求等下打来
我在开车一会再说,请求等下打来
我在开车稍后联系吧,请求等下打来
我在开车稍后联系,请求等下打来
我在开车等会说,请求等下打来
我在开车，有事等等说,请求等下打来
我在开车，晚上你在打过来,请求等下打来
我在开会，不能接电话！,请求等下打来
过两天,请求等下打来
我在看演唱会,请求等下打来
我在忙,请求等下打来
我在忙现在没时间,请求等下打来
我在忙稍后联系,请求等下打来
我在忙呢等会打吧,请求等下打来
我在忙呢,请求等下打来
我在忙等会回你,请求等下打来
我在忙，稍后联系。,请求等下打来
我在忙，稍后回电话,请求等下打来
我在路上,请求等下打来
我在忙，你下周再打来,请求等下打来
我在忙，你后天再打来,请求等下打来
我在忙，你过一小时再打来,请求等下打来
我在忙，你过会儿再打来,请求等下打来
我在忙，你等下再打来,请求等下打来
我在忙，等会再说,请求等下打来
我在忙，等会打给你,请求等下打来
我在忙，,请求等下打来
我在忙，你明天再打来,请求等下打来
路上呢,请求等下打来
等会说,请求等下打来
开会呢,请求等下打来
老板来了，我等下打回来。,请求等下打来
在上班,请求等下打来
俺不空,请求等下打来
俺很忙,请求等下打来
俺忙着呢,请求等下打来
俺在开会,请求等下打来
不好意思，我很忙,请求等下打来
不好意思，我要挂断了，没时间,请求等下打来
不好意思，我正在开会,请求等下打来
不太方便,请求等下打来
我正在吃饭，待会再说要的不?,请求等下打来
后天再说,请求等下打来
等会回复,请求等下打来
等会再说,请求等下打来
等下打过来。,请求等下打来
不要烦我，我在忙,请求等下打来
开会，忙,请求等下打来
开会，一会再说,请求等下打来
开会了,请求等下打来
等下再说,请求等下打来
进地铁了，晚点再说。,请求等下打来
加班呢,请求等下打来
火车开了哈，听不到了。,请求等下打来
正在开会,请求等下打来
过会儿再打嘛,请求等下打来
你听到了吗？我正在看演唱会,请求等下打来
明天说,请求等下打来
等一会儿打过来,请求等下打来
等一会,请求等下打来
等下在说,请求等下打来
以后再说,请求等下打来
打了又不说话,请求重复
大声点，哪个？,请求重复
大声一点,请求重复
大声点,请求重复
大点声,请求重复
不好意思我没听清,请求重复
啊什么你说什么,请求重复
不好意思，你刚说啥,请求重复
不好意思，,请求重复
冰雹太大，听不清,请求重复
安？哪个？,请求重复
电话太吵了,请求重复
安？免好多？,请求重复
不好意思听不清,请求重复
电话有杂音,请求重复
风声太大了,请求重复
电梯没信号,请求重复
风太大，听不清。,请求重复
风太大，听不清,请求重复
风太大，没听清,请求重复
啊什么,请求重复
风大听不清楚,请求重复
风大听不清,请求重复
风大你说的哈,请求重复
风大；没听见,请求重复
风大；没听到,请求重复
风大，听不见,请求重复
分太大，没听清,请求重复
诶你再说一次,请求重复
断断续续的喃？,请求重复
肚子太大，听不清,请求重复
电梯没型号,请求重复
电梯里信号不好,请求重复
啊？信号不好,请求重复
我这里信号不好,请求重复
找哪个？,请求重复
我没听清楚,请求重复
"喂，喂，喂,听不见了啊",请求重复
喂，什么情况啊？喂～,请求重复
外面在下暴雨，听不见,请求重复
外面雨太大了，听不见,请求重复
外面雷电交加的，听不见,请求重复
外面好吵,请求重复
外面风太大了，听不见,请求重复
听到你说啥子,请求重复
听不清你说啥子,请求重复
听不清呢,请求重复
听不清楚，你找谁,请求重复
听不清楚，你在说一次,请求重复
听不清楚,请求重复
听不清,请求重复
我没有听清楚,请求重复
我听不清,请求重复
我听不清你说的啥子阿,请求重复
我听不清你说的啥子哈,请求重复
再说一次焉,请求重复
再说一次呢,请求重复
再说一次哈哈哈,请求重复
再说一次阿,请求重复
再说一遍呢,请求重复
再说一遍,请求重复
再说次,请求重复
这个是,请求重复
信号太歪了，听都听不到。,请求重复
信号不好,请求重复
效果太撇了，听不到。,请求重复
风太大，听不清楚,请求重复
我这里太吵了，听不清楚,请求重复
我乡下的，信号不好！,请求重复
我听不清你说的啥子哇,请求重复
我听不清你说的啥子没意思,请求重复
信号不好的,请求重复
风太大，我听不清,请求重复
没明白你说谁,请求重复
风太大了,请求重复
你那边信号不好,请求重复
你那边太吵了，听不见。,请求重复
你那边太吵了，听不见,请求重复
你那边太吵了,请求重复
你那边太吵，听不清。,请求重复
你那边太吵，听不清,请求重复
你那边是不是信号不好啊,请求重复
你那边是不是信号不好,请求重复
你那边声音太小了，不知道你在说什么,请求重复
你那边声音太大，听不到你说怎么,请求重复
你那边很吵,请求重复
你们说什么啊,请求重复
你们说话慢点啊,请求重复
你讲我听不懂,请求重复
你讲什么,请求重复
你那边信号不好啊,请求重复
你讲啥？,请求重复
你那边信号不好吧，断断续续的,请求重复
你那边有点吵啊,请求重复
你说哪个喃？,请求重复
你说慢点,请求重复
你说话听不清啊,请求重复
你说话声音太小了,请求重复
你说话声音能大点吗,请求重复
你说话声音大一点，,请求重复
你说话声音大一点,请求重复
你说话大声点,请求重复
你说的什么,请求重复
你说的啥子,请求重复
你声音太小,请求重复
你声音好小,请求重复
你声音大一点,请求重复
你普通话能标准点吗,请求重复
你能不能慢点说,请求重复
你那边有点吵，听不见,请求重复
风太大。没听清,请求重复
你讲啥,请求重复
你刚刚说什么,请求重复
没听见,请求重复
没声音呢,请求重复
听不到？,请求重复
雷太大，听不清,请求重复
胳膊太大，听不清,请求重复
刚在开会，你说什么,请求重复
刚在电梯信号不好，你说什么,请求重复
刚太吵了你说什么,请求重复
刚刚有车，没听到,请求重复
刚刚你说什么,请求重复
风太大我听不清,请求重复
风太大听不清,请求重复
风太大你说什么,请求重复
风太大没听清,请求重复
风太大了，听不见,请求重复
没听明白？,请求重复
你跟我说方言吗,请求重复
没听清,请求重复
没听清，再说一遍,请求重复
你电话有问题吧？听不到,请求重复
你电话有问题吧,请求重复
我在吃饭太吵了餐厅,请求重复
你电话坏了吧,请求重复
你大点声，听不见,请求重复
你大点声,请求重复
能不能大点声,请求重复
脑壳太大，听不清,请求重复
没有听清楚,请求重复
没有听清,请求重复
没信号了,请求重复
没信号，听不清,请求重复
没信号，听不见,请求重复
没信号,请求重复
没听清楚,请求重复
没听清，挂,请求重复
听不到,请求重复
什么？你说啥？,请求重复
太小声了，大点声！,请求重复
好吵，听不清,请求重复
好吵,请求重复
风太大了，我听不清楚你那边,请求重复
风太大，再说一遍,请求重复
风太大，你在说什么,请求重复
风太大，没听清也,请求重复
风太大，没听清没意思,请求重复
风太大，没听清了,请求重复
风太大，没听清啦,请求重复
风太大，没听清哈哈哈,请求重复
风太大，没听清嗯,请求重复
风太大，没听清阿,请求重复
风太大，没听清，没意思,请求重复
风太大，没听清,请求重复
风大的很，没听不到。,请求重复
好吵哦,请求重复
重复下，没听见,请求重复
好大的风，听不见了，挂了,请求重复
几号,请求重复
你说的啥,请求重复
你那边信号不好,请求重复
你那边好吵，听不清,请求重复
你慢慢说,请求重复
你慢点说，我没听懂,请求重复
你慢点说,请求重复
哪天前？,请求重复
没有听到，啥？,请求重复
没兴致啊，什么？,请求重复
没信号,请求重复
没听请，再说一次哈哈哈,请求重复
没听清,请求重复
没听懂,请求重复
可以什么？,请求重复
几号喃？,请求重复
好久还清？,请求重复
你说的什么,请求重复
这边雨有点大，听不清你说啥子,请求重复
请再说一遍,请求重复
啊？我耳朵有点背呢，完全听不清啊,请求重复
啊？我耳朵有点背呢，听不清啊,请求重复
啊？我耳朵有点背呢，听不懂你说啥,请求重复
啊？我耳朵有点背呢，说啥呢？,请求重复
啊？我耳朵有点背呢，啥玩意啊,请求重复
清不到,请求重复
啊？我耳朵有点背呢，你再大点声,请求重复
啊？我耳朵有点背呢，你是中国人吗？,请求重复
啊？我耳朵有点背呢,请求重复
啊？说啥呢？,请求重复
啊？请用标准普通话，不会说就别打,请求重复
啊？请用标准普通话,请求重复
好吵哦，听不到,请求重复
啊？俺听不到,请求重复
what,请求重复
俺电话信号不好,请求重复
请重复,请求重复
俺信号差,请求重复
俺这里信号不好,请求重复
清不到,请求重复
能不能说大点,请求重复
貌似信号有点不好,请求重复
对不起，没听清楚,请求重复
大声一点啊,请求重复
大声点,请求重复
大点声,请求重复
不知道你在说什么,请求重复
不知道你说啥子,请求重复
不晓得说啥子了哈哈哈,请求重复
不晓得说啥子了哈,请求重复
不晓得说啥子了吧,请求重复
不晓得说啥子了阿,请求重复
不晓得说啥子了，没意思,请求重复
不理解,请求重复
俺信号撇,请求重复
你说的什么呀,请求重复
你说的是哪一个XXX,请求重复
你说的太快了,请求重复
啥子情况哦嗯,请求重复
啥子情况哦阿,请求重复
啥子情况哦,请求重复
啥子哦没意思,请求重复
啥子哦了,请求重复
啥子哦哈,请求重复
啥子哦吧,请求重复
啥子哦阿,请求重复
啥子哦,请求重复
啥子嘛,请求重复
啥子安,请求重复
啥子啊？,请求重复
线路问题,请求重复
啥子,请求重复
啥原因？啥啥原因？,请求重复
啥子情况哦哈哈哈,请求重复
啥呀？,请求重复
啥子情况哦焉,请求重复
什么,请求重复
太吵了，听不见,请求重复
太吵了,请求重复
说啥子,请求重复
说啥呢,请求重复
说啥啊,请求重复
说啥,请求重复
谁？找谁？,请求重复
声音有点小,请求重复
什么什么？,请求重复
什么什么,请求重复
什么鬼,请求重复
什么？再说一下呢,请求重复
什么？你说什么？,请求重复
你说呢,请求重复
什么？啊？什么？听不清,请求重复
啥子玩意哦，听不倒。,请求重复
啥玩意,请求重复
啥呢,请求重复
啥啊？听不见,请求重复
你再说一次,请求重复
你再说一遍，我听不清楚,请求重复
你再说一遍,请求重复
你再说啥？听不懂,请求重复
你再说,请求重复
你说什么?,请求重复
你说什么，我听不清楚,请求重复
你说什么,请求重复
你说啥？我听不懂呢？,请求重复
你说呢,请求重复
你说哪个？阿,请求重复
你说哪个？，没意思,请求重复
你说哪个？,请求重复
你说慢一点,请求重复
你说慢点,请求重复
你再说一次，没意思,请求重复
你再说一次吧,请求重复
你再说一次嗯,请求重复
你再说一次哈哈哈,请求重复
啥啊,请求重复
啥？说啥？,请求重复
啥？啥时间一定还？,请求重复
啥，听不到了！,请求重复
啥,请求重复
钱，什么啊啊,请求重复
你重新说一遍,请求重复
听不倒，哪个？,请求重复
你说啥？？我不办贷款,请求重复
你找谁呢？,请求重复
你在重复一遍,请求重复
你在说一遍那,请求重复
你在说一遍,请求重复
你在说什么，我一点不懂,请求重复
你在说什么,请求重复
你再重复一遍,请求重复
你这个不好理解,请求重复
你说呢？,请求重复
信号很差，你能不能换个信号好的地方说,请求重复
你说啥，,请求重复
喂喂这里太吵了,请求重复
我的助听器没在身上，听不清楚,请求重复
我都听不见。你说啥,请求重复
什么，你再说一遍,请求重复
我刚刚过马路，没听见你说话,请求重复
我没听清,请求重复
喂喂噪音太大了,请求重复
什么,请求重复
我手机坏了，听不清楚,请求重复
我手机信号不好！,请求重复
我听不到,请求重复
我听不见,请求重复
我听不清,请求重复
我听不清楚,请求重复
我没听清呢,请求重复
喂喂喂喂喂喂,请求重复
喂喂喂喂喂、、、、,请求重复
喂喂喂听不到,请求重复
头太大，听不清,请求重复
腿太大，听不清,请求重复
外面打雷了，听不清,请求重复
外面太吵了,请求重复
外面下雨没听见,请求重复
网络不好,请求重复
为什么不说话,请求重复
什么？听不太清,请求重复
喂，信号不好,请求重复
喂……,请求重复
喂你好你好,请求重复
什么？,请求重复
喂说话呀,请求重复
喂喂.说话啊,请求重复
喂喂喂,请求重复
我外面，听不见,请求重复
我现在在上班听不清,请求重复
我现在在做车，太吵了,请求重复
我信号不好,请求重复
我这边太吵听不清,请求重复
我这边信号不好,请求重复
我这边信号不好，,请求重复
我这边信号不好。,请求重复
我这边信号差,请求重复
我这边在山上信号不好,请求重复
我这里太吵了,请求重复
我这里信号不好,请求重复
我这里信号不好听不清,请求重复
信号不好,请求重复
山里信号不好,请求重复
信号不好，,请求重复
信号不好，大声点,请求重复
信号不好，等会打给你！,请求重复
信号不好，没听清,请求重复
我这边太吵了，你说什么,请求重复
听不清太吵,请求重复
我这边太吵了,请求重复
我这边很吵,请求重复
我幸好不好,请求重复
我再山里，信号不好,请求重复
我在厂里听不到,请求重复
我在车站听不清,请求重复
我在飞机上，听不见,请求重复
我在飞机上，信号不好,请求重复
我在马路上听不清,请求重复
我在山里听不到,请求重复
我在山里听不见,请求重复
我在山里信号不好,请求重复
我在山上信号不好,请求重复
我在乡下信号不好,请求重复
我这边比较吵,请求重复
我这边比较吵。再说一次,请求重复
我这边好吵,请求重复
我这边很吵，大声点,请求重复
听不清说什么,请求重复
什么？听不太清楚,请求重复
听不清说啥子,请求重复
什么东西,请求重复
什么啊,请求重复
什么？信号不好，我听不太清,请求重复
什么？信号不好，我听不清楚,请求重复
什么？信号不好，听不清楚,请求重复
什么？信号不好，听不清,请求重复
什么？信号不好,请求重复
什么？我听不太清,请求重复
什么？我听不清楚,请求重复
什么？我听不清,请求重复
说话慢点,请求重复
说话清楚点,请求重复
说话呀，怎么不说话,请求重复
说慢点,请求重复
说慢点没有听清楚,请求重复
什么东西？在说一遍,请求重复
说啥呢,请求重复
什么没听清楚,请求重复
什么声音啊,请求重复
说的啥子,请求重复
说的清楚一点,请求重复
手机信号不好，听不清,请求重复
手机信号不好,请求重复
声音怎么那么小,请求重复
声音小听不见,请求重复
声音太小了听不清,请求重复
声音太小了,请求重复
声音断断续续的不知道你在说什么,请求重复
声音大一点我听不清,请求重复
声音大点听不清,请求重复
声音大点，,请求重复
声音大点,请求重复
什么意思？,请求重复
什么呀你在说一遍太吵了,请求重复
什么什么,请求重复
信号不好，你说什么,请求重复
说啥太吵了听不见,请求重复
说什么东西,请求重复
听不倒。,请求重复
听不倒喃？,请求重复
听不到,请求重复
听不见,请求重复
听不见，你说话,请求重复
听不见哈,请求重复
听不见你说话,请求重复
听不清,请求重复
听不清楚,请求重复
听不清楚，不知道,请求重复
听不清楚你那边,请求重复
听不清楚你说什么,请求重复
听不清楚哦！,请求重复
你说啥,请求重复
听不清你说什么,请求重复
你好。我这边太吵。听不清,请求重复
说什么,请求重复
听不倒，哪个？,请求重复
太撇了，声音好小哦！,请求重复
说什么呢,请求重复
说什么事,请求重复
说什么太吵了,请求重复
什么？我是不是你爸,请求重复
说什么听不懂,请求重复
你说啥,请求重复
说什么听不见,请求重复
说听不清楚,请求重复
太吵,请求重复
太吵，听不见,请求重复
太吵咯，等哈哈。,请求重复
太吵了,请求重复
太吵了，说大声点,请求重复
太吵了，听不见,请求重复
太吵了没听见,请求重复
你能那边怎么那么吵,请求重复
说的什么,请求重复
信号不好，你说什么？,请求重复
信号不好，听不见,请求重复
没听清，你再说一遍呢,请求重复
风太大我听不清,请求重复
吵得很，挂了,请求重复
吵得很，听不清,请求重复
我电梯没信号了～喂？,请求重复
地铁里信号不好,请求重复
啥子，减好多？,请求重复
啥子,请求重复
啥质量哦。,请求重复
啥信号哦。,请求重复
啥？我听不清楚,请求重复
啥？我听不清,请求重复
啥？免啥？,请求重复
啥？大声点！,请求重复
啥,请求重复
你说的什么,请求重复
你重新说一下刚才没听清,请求重复
你说的什么？,请求重复
我在地下停车场呢～再说一下？,请求重复
啥子，你说的,请求重复
啥子,请求重复
啥？你说的什么？,请求重复
啥子？,请求重复
啥？,请求重复
请再说一遍,请求重复
你再说一次,请求重复
你再说一遍，我没听清,请求重复
你再说一遍,请求重复
你想说啥子,请求重复
你说谁？,请求重复
你说什么？,请求重复
你说什么，再说一遍好吗？,请求重复
你说什么，我听不清楚,请求重复
你说什么,请求重复
我在打牌，听不清,请求重复
你这是找谁,请求重复
你这边太吵,请求重复
你找谁啊,请求重复
你说什么事情,请求重复
你说什么啊,请求重复
你说什么？我不知道,请求重复
你说什么？听不清楚,请求重复
你说什么？没听见,请求重复
你说什么？,请求重复
你说什么，信号不好，,请求重复
你说什么，听不清楚,请求重复
你说什么，听不清,请求重复
你说什么,请求重复
你说什么,请求重复
你说啥子喃？,请求重复
你说啥子？,请求重复
你说啥子,请求重复
你说啥不认识,请求重复
你说什么听不见,请求重复
你说什么听不清,请求重复
你说什么我没听清,请求重复
你说什么我没听清啊！,请求重复
你找谁,请求重复
你找哪位,请求重复
你找哪个？,请求重复
你在说一遍,请求重复
你在说什么听不见,请求重复
你在说什么,请求重复
你在说什么,请求重复
啥子东西哦,请求重复
你再说一次,请求重复
你再说一遍我没听清,请求重复
你再说一遍,请求重复
你说谁,请求重复
你说什么我在地铁里,请求重复
你说什么我听不清,请求重复
你说什么我听不见！,请求重复
你说什么我听不见,请求重复
你再说一次,请求重复
信号不好，听不到,请求重复
啥子哦,请求重复
什么，我在逛公园,请求重复
有电流音我听不清,请求重复
啥子喃？,请求重复
雨太大，听不清,请求重复
杂音大,请求重复
再讲一次？,请求重复
再慢点,请求重复
信号怎么那么差,请求重复
再说一遍,请求重复
再说一次,请求重复
在高速上信号不好,请求重复
在说一遍,请求重复
在说一次,请求重复
啥子呐？,请求重复
在外面太吵了,请求重复
再说一遍？,请求重复
信号已经是空气了。听不见,请求重复
啥子哦，干扰这么大。,请求重复
信号太差了,请求重复
信号不好，听不见。,请求重复
信号不好，听不清,请求重复
信号不好，听不清楚,请求重复
信号不好，再说一遍,请求重复
信号不好了,请求重复
信号不好吗,请求重复
信号不好你说啥,请求重复
信号不好你说什么,请求重复
信号不好听不见挂电话,请求重复
信号不好听不清,请求重复
信号不好我听不清,请求重复
信号不好再说一遍,请求重复
信号不少，稍等,请求重复
信号不太好，再说吧,请求重复
我想仔细了解下，给你我的微信,请求重复
在外面听不见,请求重复
啥子哦，你有没搞错,请求重复
噪音太大了,请求重复
怎么回事啊？,请求重复
我这里信号不好,请求重复
我信号不好，你说啥？我听不清,请求重复
啥子东东哦？,请求重复
我听不见，你大声点,请求重复
我没有听清池,请求重复
喂喂，你说什么,请求重复
喂，信号不太好吗,请求重复
完全听不清,请求重复
停不到,请求重复
听不清楚，在动车上，好吵闹,请求重复
听不清,请求重复
听不到,请求重复
什么？我这暴风雨，手机信号很差，真听不清你说什么？,请求重复
什么？你说多少？听不清了，要进电梯了,请求重复
什么？,请求重复
信号不好，你大点声，我听不清楚啊,请求重复
怎么回事，听不清,请求重复
信号不好，雨太大了,请求重复
啥子哦,请求重复
怎么那么吵啊,请求重复
怎么说话断断续续的,请求重复
怎么听不到你说话,请求重复
怎么听不到说话,请求重复
这边太吵,请求重复
这边太吵了，听不清楚,请求重复
这儿信号差，听不清楚,请求重复
再给我说一遍？,请求重复
这里信号不好,请求重复
这名字没听清,请求重复
啥子东东,请求重复
什么？,请求重复
啥子哦,请求重复
吵死了,请求重复
厂里机器吵,请求重复
这里信号不好，听不清,请求重复
说话大点声音,请求重复
加我支付宝,还款方式
支付宝转你,还款方式
钱怎么还？用什么东西还？可不可以支持手机支付？,还款方式
APP登录不上,还款方式
不知道怎么还,还款方式
是直接转账吗,还款方式
你们没说怎么还款啊,还款方式
怎么还款我给忘了,还款方式
支付宝转账吗,还款方式
你们上门来收钱么？,还款方式
哪里可以看到怎么还钱给你们呢？,还款方式
有没APP可以直接还款的,还款方式
微信扫一扫,还款方式
我哪们还哦,还款方式
银行转账嘛,还款方式
可不可以直接用手机支付？,还款方式
能用京东白条嘛,还款方式
可以刷其他的信用卡吗？,还款方式
可以微信吗,还款方式
你之前没有给我说过怎么还款,还款方式
你们有APP么？,还款方式
你们给我减免了我该怎么还啊？,还款方式
银行卡转账吗？,还款方式
支付宝给我一个撒,还款方式
咋个整嘛,还款方式
直接转账要不要得,还款方式
app老是断网,还款方式
app崩溃了，怎么还,还款方式
可不可以直接在 App 上还款？,还款方式
直接转账要得不嘛,还款方式
还款路径？,还款方式
可以翼支付吗,还款方式
微信可以还款？,还款方式
能不能微信转账,还款方式
给个账号,还款方式
你们有还钱流程么？,还款方式
不知道该怎么还哦,还款方式
支付宝转账到什么地方啊,还款方式
还不来啊,还款方式
可不可以还现金？,还款方式
麻烦问哈有哪些方式还,还款方式
app登录不上啊,还款方式
在哪还,还款方式
还是还之前的银行账户嘛,还款方式
怎么还？,还款方式
你没有说怎么还呢,还款方式
忘记怎么还款了,还款方式
你给我说一遍你们的还款方式,还款方式
微信转账吗,还款方式
我把钱换了，借条怎么还给我？,还款方式
我没的你们的银行卡号啊，还不了啊,还款方式
APP上不去怎么办,还款方式
APP闪退,还款方式
我都不用智能手机，钱咋个个还法,还款方式
app怎么用,还款方式
请问哈哪们还喃,还款方式
能用花呗嘛,还款方式
需要给现金嘛,还款方式
就是不知道怎么还,还款方式
app上不去,还款方式
你们的还款渠道是怎样的？,还款方式
支付宝可以么？,还款方式
我不晓得怎么还啊？,还款方式
在哪还啊,还款方式
App是哪个呢,还款方式
安？咋整嘛？,还款方式
我不晓得哪们还,还款方式
我喜欢用现金的方式交易，你看我怎么打给你？,还款方式
咋个还哦，怎么个还法,还款方式
我身上只有现金，要怎么处理,还款方式
不晓得杂还,还款方式
怎么还啊，微信行吗,还款方式
不知道怎么还款,还款方式
怎么还款呢,还款方式
该怎么还,还款方式
我不知道怎么还,还款方式
怎么还款？,还款方式
怎么还钱啊？,还款方式
怎么还哦？,还款方式
麻烦问哈我哪们还,还款方式
没有还款方式,还款方式
你总得提供个入口给我，我才好还呀,还款方式
直接转账行不行,还款方式
我可以微信不,还款方式
可以支付宝吗,还款方式
不知道怎么支付,还款方式
还款方式是什么？,还款方式
APP上不去怎么还,还款方式
微信转账可以么？,还款方式
你们是现在给我账号吗？,还款方式
微信转账吗？,还款方式
能不能直接刷卡,还款方式
可以直接转帐么,还款方式
提供个还款的方式嘛,还款方式
有没得啥子APP可以直接还,还款方式
可以去银行当面交易吗,还款方式
能刷信用卡嘛,还款方式
我可以支付宝嘛,还款方式
怎样付款给你们,还款方式
怎么支付,还款方式
能不能直接给你转过来,还款方式
没人给我还款账号啊,还款方式
你们喊我还，总要告诉我该怎么还啊？,还款方式
支付宝转账吗？,还款方式
可以汇款不,还款方式
安？纳闷弄？,还款方式
app崩溃了，我试了，还不起,还款方式
app有bug，用不起,还款方式
在国外，不能银行汇款，你看怎么还？,还款方式
哪们还给你们也,还款方式
app需要你教我怎么还，我没用过,还款方式
我不知道怎么转账？,还款方式
我客户端登陆不了,还款方式
还款步骤是什么,还款方式
能不能你们上门来收,还款方式
支持微信转账吗,还款方式
我不得还给个人，给我个你们公司对公账号,还款方式
还是还到上次那个账号吗？,还款方式
我用的存折，不会转账,还款方式
在哪里还啊？,还款方式
出来你和你朋友来我这,还款方式
支付宝可不可以还,还款方式
可以信用卡还款么,还款方式
能用外币还嘛,还款方式
怎么打钱啊？,还款方式
你们一直都没有说怎么还给你们啊,还款方式
不知道怎么操作,还款方式
能不能用信用卡还,还款方式
支持支付宝转账吗,还款方式
你不得是骗子哇？我不晓得怎么还钱,还款方式
是把钱直接打到你们公司账号吗？,还款方式
不知道还款方式,还款方式
我在外地，能不能用 APP 来还款？,还款方式
我不知道怎么还给你,还款方式
钱怎么还？用什么东西还？银行转账还是？,还款方式
支付宝可以不,还款方式
APP上不去怎么还,还款方式
卡里有钱但是你们没扣我也没有办法还,还款方式
没有还款方式,还款方式
你把账号给我,还款方式
你给我一个对公账户,还款方式
你给证明给我,还款方式
只能给你,还款方式
转账,还款方式
转账,还款方式
不知道还款流程,还款方式
微信行不行,还款方式
app上面还还是哪里还,还款方式
可以给现金吗,还款方式
app让我先熟悉一下啊,还款方式
我不会玩网络啊？,还款方式
我网银密码忘了,还款方式
还款有哪些步骤,还款方式
支付宝？微信？银行卡？,还款方式
我该怎么操作呢？,还款方式
你发个书面你们公司盖章的给我，我不晓得怎么还钱,还款方式
嗯，先告诉我该怎么转钱给你们吧,还款方式
不清楚怎么还钱,还款方式
这个真的有点儿坑,还款方式
我是别个帮我借的,还款方式
我在国外，能不能直接使用手机还款？,还款方式
apple pay 可以么,还款方式
直接转给你，你帮我还行嘛,还款方式
我到底要怎么还给你们,还款方式
可以银联卡转账？,还款方式
必须要银行卡吗,还款方式
怎么转给你们,还款方式
一直登陆不上APP注册不了,还款方式
你给我说下该把钱打到哪里呢？,还款方式
银行卡转账到什么地方啊,还款方式
我换张卡给你转,还款方式
搞求不来,还款方式
微信转给你行不行,还款方式
咋个还哦，你总得说个怎么个还法，用什么工具还？,还款方式
我看上面没有还款方式，不知道怎么支付给你,还款方式
怎么个还款法，直接转账嘛,还款方式
还款方式？,还款方式
有哪些还款方式呢,还款方式
支付宝可以还款？,还款方式
能不能支付宝？,还款方式
怎么打给你们,还款方式
你们不是上门服务么？顺便把借款合同给我,还款方式
我在你们APP上面有个没找到哪里可以还款啊,还款方式
微信转账到什么地方啊,还款方式
app有减免的活动没有呢,还款方式
搞不懂,还款方式
该还款了？,还款方式
俺怎么还,还款方式
用手机能操作嘛,还款方式
你看我微信转账还是其他的方式,还款方式
转账吧？,还款方式
我现在有钱，但是不知道如何还,还款方式
该怎么操作,还款方式
红旗连锁能还吗？,还款方式
我还到哪里,还款方式
你说话算数不，我怎么还钱呢,还款方式
你给我个账号吧，我转钱给你们,还款方式
我可以去银行直接转账吗,还款方式
我的银行卡被冻结了,还款方式
我在国外，能不能直接使用手机支付？,还款方式
支付宝可以么,还款方式
需要用电脑操作嘛,还款方式
转账不？,还款方式
是直接现金还款吗,还款方式
直接转账是微信还是支付宝？,还款方式
如何还款？,还款方式
你说的减免这些有书面的东西么？你们公司要盖章哦,还款方式
我把钱转到哪里去呢？,还款方式
我是直接去你们公司还款吗,还款方式
能再缓几天可以不,还款方式
你教我一哈？,还款方式
翼支付可以不,还款方式
你好，你得提供个还款的方式给我啊,还款方式
清不到了,还款方式
浪个弄？,还款方式
