split_text,classifier,label
NONONO,IfKnowDebtor,1
XX吗，我认识,IfKnowDebtor,0
XX是谁，我不认识,IfKnowDebtor,1
no,IfKnowDebtor,1
一个村子的,IfKnowDebtor,0
一个村的,IfKnowDebtor,0
一点印象没有,IfKnowDebtor,1
一起吃过几次饭不太熟。,IfKnowDebtor,0
一起打过牌不熟。,IfKnowDebtor,0
下次不要给我打,IfKnowDebtor,1
不,IfKnowDebtor,1
不不不,IfKnowDebtor,1
不了解,IfKnowDebtor,1
不会是你搞错了哇,IfKnowDebtor,1
不可能知道,IfKnowDebtor,1
不可能认识,IfKnowDebtor,1
不太熟悉,IfKnowDebtor,0
不太熟悉,IfKnowDebtor,0
不好意思，不认识,IfKnowDebtor,1
不好意思，你打错电话了,IfKnowDebtor,1
不好意，你打错了,IfKnowDebtor,1
不好说,IfKnowDebtor,1
不对啊,IfKnowDebtor,1
不想说关于他的事,IfKnowDebtor,0
不懂,IfKnowDebtor,1
不懂你说什么，不认识,IfKnowDebtor,1
不懂没印象,IfKnowDebtor,1
不打错电话了哇,IfKnowDebtor,1
不是,IfKnowDebtor,1
不是一个地方的,IfKnowDebtor,0
不是不是,IfKnowDebtor,1
不是很熟,IfKnowDebtor,0
不是很熟,IfKnowDebtor,0
不是很熟，有什么事,IfKnowDebtor,0
不是很熟，有什么事,IfKnowDebtor,0
不是，他是我弟弟，找他有什么事？,IfKnowDebtor,0
不晓得,IfKnowDebtor,1
不晓得他。,IfKnowDebtor,1
不晓得他是哪个。,IfKnowDebtor,1
不晓得他是哪方神圣。,IfKnowDebtor,1
不晓得他是谁。,IfKnowDebtor,1
不晓得吧,IfKnowDebtor,1
不晓得哇,IfKnowDebtor,1
不晓得哪里来的人,IfKnowDebtor,1
不晓得嗯,IfKnowDebtor,1
不晓得是哪个喃,IfKnowDebtor,1
不晓得是哪个喃哈,IfKnowDebtor,1
不晓得是哪个喃哈哈哈,IfKnowDebtor,1
不晓得是哪个喃阿,IfKnowDebtor,1
不晓得是哪个喃，没意思,IfKnowDebtor,1
不晓得没意思,IfKnowDebtor,1
不晓得阿,IfKnowDebtor,1
不晓得，你有病吗,IfKnowDebtor,1
不晓得，别再打了,IfKnowDebtor,1
不晓得，别再给我打电话了,IfKnowDebtor,1
不晓得，打错了,IfKnowDebtor,1
不晓得，没听说过这个人,IfKnowDebtor,1
不晓得，神经病,IfKnowDebtor,1
不清楚耶,IfKnowDebtor,1
不熟,IfKnowDebtor,0
不熟,IfKnowDebtor,0
不熟悉,IfKnowDebtor,0
不熟悉,IfKnowDebtor,0
不熟，知道而已。,IfKnowDebtor,0
不熟，知道而已。,IfKnowDebtor,0
不直到,IfKnowDebtor,1
不知,IfKnowDebtor,1
不知你说的谁,IfKnowDebtor,1
不知道ta,IfKnowDebtor,1
不知道别问我,IfKnowDebtor,1
不知道啊啊啊,IfKnowDebtor,1
不知道张三是谁,IfKnowDebtor,1
不知道此人,IfKnowDebtor,1
不知道这个情况,IfKnowDebtor,1
不联系,IfKnowDebtor,0
不联系了,IfKnowDebtor,0
不要在打电话过来,IfKnowDebtor,1
不要打了，真不认识,IfKnowDebtor,1
不要找我，我不知道！,IfKnowDebtor,0
不要提他了,IfKnowDebtor,0
不要烦我，再联系我就投诉你,IfKnowDebtor,1
不要给我打电话,IfKnowDebtor,1
不要给我打电话，,IfKnowDebtor,1
不要要找我找他,IfKnowDebtor,0
不要问我,IfKnowDebtor,0
不认得,IfKnowDebtor,1
不认识,IfKnowDebtor,1
不认识,IfKnowDebtor,1
不认识  挂机,IfKnowDebtor,1
不认识。,IfKnowDebtor,1
不认识不认识，关我屁事,IfKnowDebtor,1
不认识他,IfKnowDebtor,1
不认识你说的这个人。,IfKnowDebtor,1
不认识再见,IfKnowDebtor,1
不认识号码刚买的,IfKnowDebtor,1
不认识哇,IfKnowDebtor,1
不认识哈哈哈,IfKnowDebtor,1
不认识唉,IfKnowDebtor,1
不认识啊,IfKnowDebtor,1
不认识啊？,IfKnowDebtor,1
不认识嗯,IfKnowDebtor,1
不认识怎么老是有人找他,IfKnowDebtor,1
不认识此人,IfKnowDebtor,1
不认识这个人,IfKnowDebtor,1
不认识！,IfKnowDebtor,1
不认识，XX是谁,IfKnowDebtor,1
不认识，不要再打过来了啊,IfKnowDebtor,1
不认识，不认识，,IfKnowDebtor,1
不认识，他谁啊？,IfKnowDebtor,1
不认识，你不要再打了,IfKnowDebtor,1
不认识，你他妈是谁,IfKnowDebtor,1
不认识，你可以打给马蓉,IfKnowDebtor,1
不认识，你可以打给马蓉,IfKnowDebtor,1
不认识，你可以打给马蓉他妈,IfKnowDebtor,1
不认识，你可以打给马蓉他妈,IfKnowDebtor,1
不认识，你可以打给马蓉，他认识,IfKnowDebtor,1
不认识，你可以打给马蓉，他认识,IfKnowDebtor,1
不认识，你打错了,IfKnowDebtor,1
不认识，你打错了，有病吧,IfKnowDebtor,1
不认识，你打错电话了吧,IfKnowDebtor,1
不认识，你故意打给我的吧？,IfKnowDebtor,1
不认识，你是有病吗？,IfKnowDebtor,1
不认识，你是有病吗？天天打电话,IfKnowDebtor,1
不认识，你是有病吗？天天打电话，早跟你说清楚了,IfKnowDebtor,1
不认识，你有病吧,IfKnowDebtor,1
不认识，再打报警了,IfKnowDebtor,1
不认识，再见,IfKnowDebtor,1
不认识，别再打了,IfKnowDebtor,1
不认识，别再给我打电话了,IfKnowDebtor,1
不认识，咋个？他有啥子问题吗？,IfKnowDebtor,1
不认识，就拒绝,IfKnowDebtor,1
不认识，怎么老给我打电话,IfKnowDebtor,1
不认识，我这台湾你看清楚号码,IfKnowDebtor,1
不认识，才怪,IfKnowDebtor,0
不认识，挂了，我很忙,IfKnowDebtor,1
不认识，挂机,IfKnowDebtor,1
不认识，有病,IfKnowDebtor,1
不认识，没意思,IfKnowDebtor,1
不认识，神经病,IfKnowDebtor,1
不记得了,IfKnowDebtor,1
不记得有这个人,IfKnowDebtor,1
不记得有这么一个人,IfKnowDebtor,1
不，没有听说过,IfKnowDebtor,1
之前朋友好久不联系了,IfKnowDebtor,0
之前认识,IfKnowDebtor,0
之前认识，现在没联系了。,IfKnowDebtor,0
什么事情？他现在不在，要不要我转告他？,IfKnowDebtor,0
什么事，你打错了,IfKnowDebtor,1
今天第一盘听倒。,IfKnowDebtor,1
从不认识,IfKnowDebtor,1
从来没听过名字,IfKnowDebtor,1
从来没听过这个名字,IfKnowDebtor,1
从来没有接触过这个人,IfKnowDebtor,1
从没听说过,IfKnowDebtor,1
他不在,IfKnowDebtor,0
他不在家,IfKnowDebtor,0
他不在班上,IfKnowDebtor,0
他不在这,IfKnowDebtor,0
他不在这边,IfKnowDebtor,0
他不在这边，回老家了,IfKnowDebtor,0
他不在这里哈,IfKnowDebtor,0
他不在，什么事,IfKnowDebtor,0
他不手机忘带了，待会我让他回你,IfKnowDebtor,0
他不是那样的人啊,IfKnowDebtor,0
他事我朋友,IfKnowDebtor,0
他人疯了,IfKnowDebtor,0
他人疯了,IfKnowDebtor,0
他今天没来上班,IfKnowDebtor,0
他以前是我同事。,IfKnowDebtor,0
他住院了,IfKnowDebtor,0
他几年没回家了,IfKnowDebtor,0
他出去买东西了没带手机，等他回来我让他找你,IfKnowDebtor,0
他出去了,IfKnowDebtor,0
他出去了一会回来,IfKnowDebtor,0
他出去了，等回来回复你,IfKnowDebtor,0
他出去打工了,IfKnowDebtor,0
他出国了,IfKnowDebtor,0
他出差去了,IfKnowDebtor,0
他出差去了，明天再打来,IfKnowDebtor,0
他到底欠了多少钱，天天找他,IfKnowDebtor,0
他去上班了,IfKnowDebtor,0
他去上街了,IfKnowDebtor,0
他去世了,IfKnowDebtor,1
他去世了,IfKnowDebtor,1
他去买烟了,IfKnowDebtor,0
他去俄罗斯看世界杯了，近期都不得回来！,IfKnowDebtor,0
他去医院了,IfKnowDebtor,0
他去吃饭了,IfKnowDebtor,0
他去国外了,IfKnowDebtor,0
他去外地了，找他什么事情？,IfKnowDebtor,0
他去洗澡了,IfKnowDebtor,0
他去超市了,IfKnowDebtor,0
他可能最近都没时间,IfKnowDebtor,0
他喝酒去了,IfKnowDebtor,0
他嗦，和我熟得很,IfKnowDebtor,0
他回家去了,IfKnowDebtor,0
他在,IfKnowDebtor,0
他在,IfKnowDebtor,0
他在上厕所,IfKnowDebtor,0
他在上班,IfKnowDebtor,0
他在上班吧，我也不太清楚,IfKnowDebtor,0
他在办事，我可以转告,IfKnowDebtor,0
他在办事，我可以转告,IfKnowDebtor,0
他在吃药,IfKnowDebtor,0
他在和我一起吃饭,IfKnowDebtor,0
他在和我一起吃饭,IfKnowDebtor,0
他在哪里？你们知道不？我也正在找他呢,IfKnowDebtor,0
他在喝酒呢,IfKnowDebtor,0
他在外打工,IfKnowDebtor,0
他在干嘛,IfKnowDebtor,0
他在开车，什么事你说,IfKnowDebtor,0
他在开车，什么事你说,IfKnowDebtor,0
他在忙，有事吗,IfKnowDebtor,0
他在忙，有事吗,IfKnowDebtor,0
他在我边上,IfKnowDebtor,0
他在我边上,IfKnowDebtor,0
他在手术,IfKnowDebtor,0
他在手术,IfKnowDebtor,0
他坐牢去了,IfKnowDebtor,1
他坐牢去了,IfKnowDebtor,0
他多大,IfKnowDebtor,0
他失踪了,IfKnowDebtor,0
他好像最近电话停机了,IfKnowDebtor,0
他姐儿子去了,IfKnowDebtor,0
他就住我旁边,IfKnowDebtor,0
他就住我楼下,IfKnowDebtor,0
他就在我旁边,IfKnowDebtor,0
他就在我边上,IfKnowDebtor,0
他开会去了,IfKnowDebtor,0
他怎么了,IfKnowDebtor,0
他怎么了？,IfKnowDebtor,0
他手机号送我了，有事？,IfKnowDebtor,0
他手机在我这,IfKnowDebtor,0
他手机正在充电稍后让他回电,IfKnowDebtor,0
他手机落我这了。,IfKnowDebtor,0
他把手机落我这充电，等他回来回电话给你,IfKnowDebtor,0
他是人还是什么我怎么会知道,IfKnowDebtor,1
他是哪个？,IfKnowDebtor,1
他是哪里人啊,IfKnowDebtor,1
他是干什么的,IfKnowDebtor,0
他是干嘛的？不认识,IfKnowDebtor,0
他是我XX，什么事？,IfKnowDebtor,0
他是我上司,IfKnowDebtor,0
他是我二舅,IfKnowDebtor,0
他是我亲戚,IfKnowDebtor,0
他是我以前的员工,IfKnowDebtor,0
他是我以前的女朋友,IfKnowDebtor,0
他是我以前的老板,IfKnowDebtor,0
他是我儿子,IfKnowDebtor,0
他是我前女友,IfKnowDebtor,0
他是我前男友,IfKnowDebtor,0
他是我同事,IfKnowDebtor,0
他是我同学,IfKnowDebtor,0
他是我同窗,IfKnowDebtor,0
他是我大爷,IfKnowDebtor,0
他是我女朋友,IfKnowDebtor,0
他是我奶奶,IfKnowDebtor,0
他是我妈,IfKnowDebtor,0
他是我妈妈,IfKnowDebtor,0
他是我姐姐,IfKnowDebtor,0
他是我姑,IfKnowDebtor,0
他是我姑姑,IfKnowDebtor,0
他是我姨夫,IfKnowDebtor,0
他是我姨爹,IfKnowDebtor,0
他是我工友,IfKnowDebtor,0
他是我弟弟,IfKnowDebtor,0
他是我弟弟，你说什么事,IfKnowDebtor,0
他是我房东,IfKnowDebtor,0
他是我朋友,IfKnowDebtor,0
他是我朋友。,IfKnowDebtor,0
他是我朋友我帮你问问,IfKnowDebtor,0
他是我爷爷,IfKnowDebtor,0
他是我爸,IfKnowDebtor,0
他是我爸爸,IfKnowDebtor,0
他是我男朋友,IfKnowDebtor,0
他是我的上司,IfKnowDebtor,0
他是我的二舅,IfKnowDebtor,0
他是我的亲戚,IfKnowDebtor,0
他是我的前女友,IfKnowDebtor,0
他是我的前妻,IfKnowDebtor,0
他是我的前男友,IfKnowDebtor,0
他是我的同事,IfKnowDebtor,0
他是我的同学,IfKnowDebtor,0
他是我的同窗,IfKnowDebtor,0
他是我的大爷,IfKnowDebtor,0
他是我的女朋友,IfKnowDebtor,0
他是我的奶奶,IfKnowDebtor,0
他是我的妈,IfKnowDebtor,0
他是我的妈妈,IfKnowDebtor,0
他是我的姑,IfKnowDebtor,0
他是我的姑姑,IfKnowDebtor,0
他是我的姨夫,IfKnowDebtor,0
他是我的姨爹,IfKnowDebtor,0
他是我的工友,IfKnowDebtor,0
他是我的房东,IfKnowDebtor,0
他是我的朋友,IfKnowDebtor,0
他是我的爷爷,IfKnowDebtor,0
他是我的爸,IfKnowDebtor,0
他是我的爸爸,IfKnowDebtor,0
他是我的男朋友,IfKnowDebtor,0
他是我的老板,IfKnowDebtor,0
他是我的舅,IfKnowDebtor,0
他是我的舅舅,IfKnowDebtor,0
他是我的邻居,IfKnowDebtor,0
他是我老乡,IfKnowDebtor,0
他是我老板,IfKnowDebtor,0
他是我舅,IfKnowDebtor,0
他是我舅舅,IfKnowDebtor,0
他是我邻居,IfKnowDebtor,0
他是老赖,IfKnowDebtor,0
他是谁,IfKnowDebtor,1
他是谁,IfKnowDebtor,1
他是谁呀,IfKnowDebtor,1
他是谁呀,IfKnowDebtor,1
他是谁啊,IfKnowDebtor,1
他是谁啊,IfKnowDebtor,1
他是谁啊一点也不知道,IfKnowDebtor,1
他是谁？,IfKnowDebtor,1
他是谁？,IfKnowDebtor,1
他有事出去了,IfKnowDebtor,0
他本人不在我帮你问一下吧,IfKnowDebtor,0
他欠很多钱跑掉了,IfKnowDebtor,0
他欠我钱,IfKnowDebtor,0
他欠我钱没还了，我都找不到,IfKnowDebtor,0
他正在忙，怎么了,IfKnowDebtor,0
他死了,IfKnowDebtor,1
他死了,IfKnowDebtor,1
他死了！,IfKnowDebtor,1
他死掉了,IfKnowDebtor,1
他死掉了,IfKnowDebtor,1
他没在，待会我让他联系你,IfKnowDebtor,0
他没带手机,IfKnowDebtor,0
他没有上班,IfKnowDebtor,0
他没空,IfKnowDebtor,0
他洗澡去了,IfKnowDebtor,0
他现在不在,IfKnowDebtor,0
他现在不在家,IfKnowDebtor,0
他现在不在，你有事吗,IfKnowDebtor,0
他现在不在，你有事吗,IfKnowDebtor,0
他现在不在，去厕所了,IfKnowDebtor,0
他现在不在，回来跟他讲一下,IfKnowDebtor,0
他生病了,IfKnowDebtor,0
他生病了，在重症监护室,IfKnowDebtor,0
他的事管我什么事,IfKnowDebtor,0
他离开这个城市了,IfKnowDebtor,0
他离职了,IfKnowDebtor,0
他等会就回来,IfKnowDebtor,0
他被抓了,IfKnowDebtor,0
他被抓了,IfKnowDebtor,0
他认识,IfKnowDebtor,0
他谁啊,IfKnowDebtor,1
他谁啊,IfKnowDebtor,1
他跑路了,IfKnowDebtor,0
他躲起来了,IfKnowDebtor,0
他还欠我钱呢,IfKnowDebtor,0
他还欠我钱没有还,IfKnowDebtor,0
他还欠我钱，现在找不到他,IfKnowDebtor,0
他还没回来,IfKnowDebtor,0
他这号码不用给我用了,IfKnowDebtor,0
他送人去了,IfKnowDebtor,0
他马上过来,IfKnowDebtor,0
他高考去了，晚点再打来,IfKnowDebtor,0
以前同事,IfKnowDebtor,0
以前同事不联系了,IfKnowDebtor,0
以前同事，怎么了,IfKnowDebtor,0
以前同事，怎么了,IfKnowDebtor,0
以前同事，联系不上。,IfKnowDebtor,0
以前同学,IfKnowDebtor,0
以前好像以前打过牌，不认识,IfKnowDebtor,1
以前认识,IfKnowDebtor,0
以前认识的，不怎么熟,IfKnowDebtor,0
以前认识，我也找不到他,IfKnowDebtor,0
以前认识，现在不认识了,IfKnowDebtor,1
以前认识，现在不认识了,IfKnowDebtor,0
以后不要再打我电话我不认识,IfKnowDebtor,1
会跟他说的,IfKnowDebtor,0
但愿我能结交到拥有这样美好名字的人,IfKnowDebtor,1
但是现在不联系,IfKnowDebtor,0
你不是找他干嘛,IfKnowDebtor,0
你不是找他干嘛,IfKnowDebtor,0
你不要再打给我了我告诉过你我不知道,IfKnowDebtor,1
你不要打我电话，我不认识什么张三李四王二麻的,IfKnowDebtor,1
你也帮帮找找他,IfKnowDebtor,0
你们天天吃饱撑的啊，不都说过了吗,IfKnowDebtor,1
你们找错人了  我不是,IfKnowDebtor,1
你们是不是打错电话了,IfKnowDebtor,1
你们是不是有病啊,IfKnowDebtor,1
你们经常打我电话我不认识他,IfKnowDebtor,1
你们说的是谁啊  没听过,IfKnowDebtor,1
你们都打过几次电话了，不认识,IfKnowDebtor,1
你们骚扰,IfKnowDebtor,1
你再打我电话我要报警了！,IfKnowDebtor,1
你再打我电话我要骂人了！,IfKnowDebtor,1
你再打电话我报警了,IfKnowDebtor,1
你在打电话给别人吧，,IfKnowDebtor,1
你在逗我么我怎么认识,IfKnowDebtor,1
你好我他弟弟,IfKnowDebtor,0
你好我他爸,IfKnowDebtor,0
你好我是他大姨夫,IfKnowDebtor,0
你好我是他朋友,IfKnowDebtor,0
你好我是他母亲,IfKnowDebtor,0
你妹啊，搞错了哇,IfKnowDebtor,1
你就算打10个电话我也不认识,IfKnowDebtor,1
你就算打20个电话我也不认识,IfKnowDebtor,1
你打他电话,IfKnowDebtor,0
你打他的手机吧,IfKnowDebtor,0
你打错了,IfKnowDebtor,1
你打错了吧,IfKnowDebtor,1
你打错了吧，不认识。,IfKnowDebtor,1
你打错了吧？,IfKnowDebtor,1
你打错了，我不认识,IfKnowDebtor,1
你打错电话了,IfKnowDebtor,1
你打错电话了吧,IfKnowDebtor,1
你找他,IfKnowDebtor,0
你找他啊,IfKnowDebtor,0
你找他打她电话,IfKnowDebtor,0
你找他打我电话做什么,IfKnowDebtor,0
你找他有事吗,IfKnowDebtor,0
你找别人问问,IfKnowDebtor,1
你找这个人没印象,IfKnowDebtor,1
你找错,IfKnowDebtor,1
你找错人了,IfKnowDebtor,1
你找错人了吧,IfKnowDebtor,1
你搞错了哇,IfKnowDebtor,1
你是哪个哦？我不晓得这个人是哪个,IfKnowDebtor,1
你有事找他,IfKnowDebtor,0
你有没有搞错,IfKnowDebtor,1
你有病吧，不认识,IfKnowDebtor,1
你查清楚再打电话，我怎么知道谁是张三,IfKnowDebtor,1
你烦不烦啊，我不认识他,IfKnowDebtor,1
你自己去找他,IfKnowDebtor,0
你自己去找他,IfKnowDebtor,0
你自己找他,IfKnowDebtor,0
你自己找他,IfKnowDebtor,0
你要找到他和我说一下,IfKnowDebtor,0
你认识反正我不认识,IfKnowDebtor,1
你说的是张三么嗯,IfKnowDebtor,0
你说的是张三么者,IfKnowDebtor,0
你说的是张三么阿,IfKnowDebtor,0
你说的是张三么，没意思,IfKnowDebtor,0
你说的那个人我都没有听说过,IfKnowDebtor,1
你说谁？？他干嘛的？？,IfKnowDebtor,1
你谁啊不认识,IfKnowDebtor,1
俺不晓得,IfKnowDebtor,1
俺不晓得呢,IfKnowDebtor,1
俺不晓得哟,IfKnowDebtor,1
俺不晓得哩,IfKnowDebtor,1
俺不晓得啊,IfKnowDebtor,1
俺不知道,IfKnowDebtor,1
俺不认识,IfKnowDebtor,1
俺不认识呢,IfKnowDebtor,1
俺不认识哟,IfKnowDebtor,1
俺不认识哩,IfKnowDebtor,1
俺不认识啊,IfKnowDebtor,1
俺是他叔,IfKnowDebtor,0
俺是他哥,IfKnowDebtor,0
俺是他妈,IfKnowDebtor,0
俺是他妹,IfKnowDebtor,0
俺是他姐,IfKnowDebtor,0
俺是他姨,IfKnowDebtor,0
俺是他娘,IfKnowDebtor,0
俺是他弟,IfKnowDebtor,0
俺是他爸,IfKnowDebtor,0
俺是他爹,IfKnowDebtor,0
内谁啊,IfKnowDebtor,1
再打就报警了,IfKnowDebtor,1
再打我就报警了,IfKnowDebtor,1
再打我投诉了,IfKnowDebtor,1
再打我投诉你,IfKnowDebtor,1
再打我要投诉,IfKnowDebtor,1
再打我要投诉了,IfKnowDebtor,1
再打我要骂人了,IfKnowDebtor,1
再打投诉,IfKnowDebtor,1
再打报警,IfKnowDebtor,1
再打电话我报警啦,IfKnowDebtor,1
再打电话报警,IfKnowDebtor,1
再打电话来我报警了,IfKnowDebtor,1
再打要报警,IfKnowDebtor,1
几年了还在打电话给我,IfKnowDebtor,0
出事情被抓起来了,IfKnowDebtor,0
出国了,IfKnowDebtor,0
刚买的号码,IfKnowDebtor,1
刚刚认识。,IfKnowDebtor,0
刚换手机号,IfKnowDebtor,1
刚换的号码,IfKnowDebtor,1
刚来不清楚,IfKnowDebtor,1
刚还看见他,IfKnowDebtor,0
别打了不认识,IfKnowDebtor,1
别打电话烦我，不认识,IfKnowDebtor,1
别瞎说了，别打骚扰电话不认识,IfKnowDebtor,1
别给我打电话,IfKnowDebtor,1
别给我打电话了  我不认识他,IfKnowDebtor,1
别给我打电话了，我不认识他,IfKnowDebtor,1
别骚扰了,IfKnowDebtor,1
前同事,IfKnowDebtor,0
印象不太深,IfKnowDebtor,0
印象里没认识过这个人,IfKnowDebtor,1
压根就不认识。,IfKnowDebtor,1
压根没听说过,IfKnowDebtor,1
去世了,IfKnowDebtor,1
去世了,IfKnowDebtor,1
去外地了,IfKnowDebtor,0
去外地了，换号码了,IfKnowDebtor,0
发错了,IfKnowDebtor,1
发错了吧,IfKnowDebtor,1
只是朋友,IfKnowDebtor,0
只是见过一面，不熟,IfKnowDebtor,0
只见过几次面,IfKnowDebtor,0
号码我刚换的不认识,IfKnowDebtor,1
号码才买的不认识,IfKnowDebtor,1
号码用了几年了，不知道,IfKnowDebtor,1
同事,IfKnowDebtor,0
同事，借了钱跑路了,IfKnowDebtor,0
同学,IfKnowDebtor,0
名字太奇怪，不认识,IfKnowDebtor,1
名字太难听,IfKnowDebtor,1
名字太难听了,IfKnowDebtor,1
名字挺好听的，但是没听过,IfKnowDebtor,1
名字都没听过,IfKnowDebtor,1
听名字不错,IfKnowDebtor,1
听说他去世了,IfKnowDebtor,1
听说他去世了,IfKnowDebtor,1
听说他坐牢了,IfKnowDebtor,1
听说他坐牢了,IfKnowDebtor,0
听说过,IfKnowDebtor,0
听说过这个人,IfKnowDebtor,0
听说过，没见过面。,IfKnowDebtor,0
听过，好像不认识,IfKnowDebtor,1
听都没听过,IfKnowDebtor,1
听都没听过。,IfKnowDebtor,1
听都没听过这个名字，更不用说认识了,IfKnowDebtor,1
听都没听过！,IfKnowDebtor,1
咋可能不认识他龟儿子哦，是不是有惹啥子事情了,IfKnowDebtor,0
咋可能不认识他龟儿子哦，是不是有惹啥子事情了,IfKnowDebtor,0
和他只是普通朋友,IfKnowDebtor,0
和他父母说一下,IfKnowDebtor,0
和我有关系吗,IfKnowDebtor,1
和我朋友名字很像，但是不是,IfKnowDebtor,1
哈哈，打错了,IfKnowDebtor,1
"哦, 认识啊",IfKnowDebtor,0
哦，我认识,IfKnowDebtor,0
哦，晓得,IfKnowDebtor,0
哪个哟，没意思,IfKnowDebtor,1
哪个哦，认不倒。,IfKnowDebtor,1
哪个哦，认不倒。,IfKnowDebtor,1
哪个张三,IfKnowDebtor,1
哪个瓜娃子取这个名字哦，不晓得,IfKnowDebtor,1
哪个瓜娃子取这个名字哦，不晓得,IfKnowDebtor,1
哪个瓜娃子取这个名字哦，不认识,IfKnowDebtor,1
哪个？认不到,IfKnowDebtor,1
哪门认不得喃。,IfKnowDebtor,1
啊,IfKnowDebtor,0
啥子嘛，不认识,IfKnowDebtor,1
喝酒认识的，没联系,IfKnowDebtor,0
嗯,IfKnowDebtor,0
嗯,IfKnowDebtor,0
嗯.认识,IfKnowDebtor,0
嗯。认识,IfKnowDebtor,0
嗯哼,IfKnowDebtor,0
嗯哼，啥事,IfKnowDebtor,0
嗯我是她爸爸,IfKnowDebtor,0
嗯我认识,IfKnowDebtor,0
嗯知道,IfKnowDebtor,0
嗯知道啊,IfKnowDebtor,0
嗯认识,IfKnowDebtor,0
嗯认识我在忙,IfKnowDebtor,0
嗯认识有什么事么？,IfKnowDebtor,0
嗯，不认识,IfKnowDebtor,1
嗯，他呀？我认识啊,IfKnowDebtor,0
嗯，他是我朋友,IfKnowDebtor,0
嗯，可以让他回电话,IfKnowDebtor,0
嗯，在楼上的，我待会叫他,IfKnowDebtor,0
嗯，我们是xxx,IfKnowDebtor,0
嗯，我是他朋友,IfKnowDebtor,0
嗯，我是他朋友，我待会让他联系你,IfKnowDebtor,0
嗯，我是他的远方亲戚,IfKnowDebtor,0
嗯，我晓得这个人,IfKnowDebtor,0
嗯，我晓得这个人，住我楼脚,IfKnowDebtor,0
嗯，我晓得这个人，我隔壁,IfKnowDebtor,0
嗯，我认识,IfKnowDebtor,0
嗯，我认识呢,IfKnowDebtor,0
嗯，我认识哈哈哈,IfKnowDebtor,0
嗯，我认识唉,IfKnowDebtor,0
嗯，我认识嗯,IfKnowDebtor,0
嗯，我认识这个人,IfKnowDebtor,0
嗯，我认识阿,IfKnowDebtor,0
嗯，早不联系,IfKnowDebtor,0
嗯，有事吗,IfKnowDebtor,0
嗯，认得很多年了。,IfKnowDebtor,0
嗯，认识,IfKnowDebtor,0
嗯，认识。你们自己找他去啊？,IfKnowDebtor,0
嗯？,IfKnowDebtor,0
在打就投诉,IfKnowDebtor,1
在打我投诉你,IfKnowDebtor,1
大学同学，很久不联系了。,IfKnowDebtor,0
天天打电话找这个人,IfKnowDebtor,1
天知道这个人是谁啊,IfKnowDebtor,1
太难听了,IfKnowDebtor,1
太难听的名字了,IfKnowDebtor,1
失踪了,IfKnowDebtor,0
她在冰箱里,IfKnowDebtor,0
她在冰箱里,IfKnowDebtor,0
她在唱歌,IfKnowDebtor,0
她在我家呢,IfKnowDebtor,0
她在我家呢,IfKnowDebtor,0
她在我车里,IfKnowDebtor,0
她在我车里,IfKnowDebtor,0
她在洗澡,IfKnowDebtor,0
她好像最近电话停机了,IfKnowDebtor,0
她就住我旁边,IfKnowDebtor,0
她就在我旁边,IfKnowDebtor,0
她就在我旁边,IfKnowDebtor,0
她是我上司,IfKnowDebtor,0
她是我二舅,IfKnowDebtor,0
她是我亲戚,IfKnowDebtor,0
她是我前女友,IfKnowDebtor,0
她是我前男友,IfKnowDebtor,0
她是我同事,IfKnowDebtor,0
她是我同学,IfKnowDebtor,0
她是我同窗,IfKnowDebtor,0
她是我大爷,IfKnowDebtor,0
她是我女朋友,IfKnowDebtor,0
她是我奶奶,IfKnowDebtor,0
她是我妈,IfKnowDebtor,0
她是我妈妈,IfKnowDebtor,0
她是我姑,IfKnowDebtor,0
她是我姑姑,IfKnowDebtor,0
她是我姨夫,IfKnowDebtor,0
她是我姨爹,IfKnowDebtor,0
她是我工友,IfKnowDebtor,0
她是我房东,IfKnowDebtor,0
她是我朋友,IfKnowDebtor,0
她是我熟人,IfKnowDebtor,0
她是我爷爷,IfKnowDebtor,0
她是我爸,IfKnowDebtor,0
她是我爸爸,IfKnowDebtor,0
她是我男朋友,IfKnowDebtor,0
她是我的上司,IfKnowDebtor,0
她是我的二舅,IfKnowDebtor,0
她是我的亲戚,IfKnowDebtor,0
她是我的前女友,IfKnowDebtor,0
她是我的前男友,IfKnowDebtor,0
她是我的同事,IfKnowDebtor,0
她是我的同学,IfKnowDebtor,0
她是我的同窗,IfKnowDebtor,0
她是我的大爷,IfKnowDebtor,0
她是我的女朋友,IfKnowDebtor,0
她是我的奶奶,IfKnowDebtor,0
她是我的妈,IfKnowDebtor,0
她是我的妈妈,IfKnowDebtor,0
她是我的姑,IfKnowDebtor,0
她是我的姑姑,IfKnowDebtor,0
她是我的姨夫,IfKnowDebtor,0
她是我的姨爹,IfKnowDebtor,0
她是我的工友,IfKnowDebtor,0
她是我的房东,IfKnowDebtor,0
她是我的朋友,IfKnowDebtor,0
她是我的爷爷,IfKnowDebtor,0
她是我的爸,IfKnowDebtor,0
她是我的爸爸,IfKnowDebtor,0
她是我的男朋友,IfKnowDebtor,0
她是我的老板,IfKnowDebtor,0
她是我的舅,IfKnowDebtor,0
她是我的舅舅,IfKnowDebtor,0
她是我的邻居,IfKnowDebtor,0
她是我老板,IfKnowDebtor,0
她是我舅,IfKnowDebtor,0
她是我舅舅,IfKnowDebtor,0
她是我邻居,IfKnowDebtor,0
她是谁,IfKnowDebtor,1
她离开这个城市了,IfKnowDebtor,0
好久不联系,IfKnowDebtor,0
好久不联系了,IfKnowDebtor,0
好久不联系，联系不到,IfKnowDebtor,0
好久以前的朋友。,IfKnowDebtor,0
好久没联系了,IfKnowDebtor,0
好像,IfKnowDebtor,0
好像,IfKnowDebtor,0
好像不认识,IfKnowDebtor,1
好像坐牢了,IfKnowDebtor,0
好像坐牢了,IfKnowDebtor,0
好像是某某的朋友,IfKnowDebtor,0
好像有影响,IfKnowDebtor,0
好像死了,IfKnowDebtor,1
好像死了,IfKnowDebtor,1
好像没这人,IfKnowDebtor,1
好像消失了找不到了,IfKnowDebtor,0
好像认识,IfKnowDebtor,0
好几个人给我打电话问我是不是认识他他,IfKnowDebtor,1
好长时间不联系了,IfKnowDebtor,0
姓张的这么多，我还能都认识啊,IfKnowDebtor,1
完全没印象。,IfKnowDebtor,1
家人,IfKnowDebtor,0
对,IfKnowDebtor,0
对不起，我不认识,IfKnowDebtor,1
对呀,IfKnowDebtor,0
对啊,IfKnowDebtor,0
对啊！他死了,IfKnowDebtor,1
对，干嘛,IfKnowDebtor,0
对，我认识,IfKnowDebtor,0
就不联系,IfKnowDebtor,1
已经失联了,IfKnowDebtor,0
已经失踪了,IfKnowDebtor,0
已经很久没联系了,IfKnowDebtor,0
已经有人联系过我了,IfKnowDebtor,0
已经有人联系过我了,IfKnowDebtor,0
已经有人联系过我了,IfKnowDebtor,0
已经有人联系过我了,IfKnowDebtor,0
已经转告了,IfKnowDebtor,0
已经转告了,IfKnowDebtor,0
应该不认识,IfKnowDebtor,1
应该认识,IfKnowDebtor,0
张三啊？不认识的，怎么会有这么奇怪的名字,IfKnowDebtor,1
张三是谁,IfKnowDebtor,1
张三是谁?,IfKnowDebtor,1
张三是谁啊,IfKnowDebtor,1
张三是谁，你找谁？,IfKnowDebtor,1
张三是谁？,IfKnowDebtor,1
张三谁啊,IfKnowDebtor,1
张三谁啊不认识,IfKnowDebtor,1
张三谁啊打错电话了吧你,IfKnowDebtor,1
当然认得。,IfKnowDebtor,0
当然认识咯,IfKnowDebtor,0
待会我让他回你,IfKnowDebtor,0
待会我让他回你呢,IfKnowDebtor,0
待会我让他回你哈,IfKnowDebtor,0
待会我让他回你哈哈哈,IfKnowDebtor,0
待会我让他回你啊,IfKnowDebtor,0
待会我让他回你阿,IfKnowDebtor,0
待会我让他找你,IfKnowDebtor,0
很久不联系了,IfKnowDebtor,0
很久以前只见过一面,IfKnowDebtor,0
很久没来往，被拉黑了,IfKnowDebtor,0
很久没联系了,IfKnowDebtor,0
很多人找他,IfKnowDebtor,0
必须认识啊，你找他/她什么事？,IfKnowDebtor,0
忘记这个人了不熟悉,IfKnowDebtor,0
怎么了，我是他姐姐,IfKnowDebtor,0
怎么了，我是他爸,IfKnowDebtor,0
怎么会有人起这个名字，太难听了,IfKnowDebtor,1
怎么会知道,IfKnowDebtor,1
怎么会认识他,IfKnowDebtor,1
怎么会这样啊,IfKnowDebtor,1
怎么又打过来,IfKnowDebtor,1
怎么又找他,IfKnowDebtor,0
怎么又这种名字，太难听了,IfKnowDebtor,1
怎么可能,IfKnowDebtor,1
怎么可能太难听,IfKnowDebtor,1
怎么可能有人叫着名字,IfKnowDebtor,1
怎么可能有人起这名字,IfKnowDebtor,1
怎么可能有人起这样名字,IfKnowDebtor,1
怎么可能有人起这种名字,IfKnowDebtor,1
怎么可能有人起这种名字呢,IfKnowDebtor,1
怎么可能有人起这种名字呢，太难听了,IfKnowDebtor,1
怎么可能有人起这种名字呢，太难听了了,IfKnowDebtor,1
怎么可能有人起这种名字呢，太难听了哈,IfKnowDebtor,1
怎么可能有人起这种名字呢，太难听了哈哈哈,IfKnowDebtor,1
怎么可能有人起这种名字呢，太难听了者,IfKnowDebtor,1
怎么可能有人起这种名字呢，太难听了，没意思,IfKnowDebtor,1
怎么可能认识,IfKnowDebtor,1
怎么可能起这种名字,IfKnowDebtor,1
怎么姓这个字的，不认识,IfKnowDebtor,1
怎么总是打我电话,IfKnowDebtor,1
怎么总是找他啊,IfKnowDebtor,0
怎么有人起这种名字呢,IfKnowDebtor,1
怎么有这样的名字,IfKnowDebtor,1
怎么老有人找他,IfKnowDebtor,0
怎么莫名其妙的电话打过来,IfKnowDebtor,1
怎么还打啊,IfKnowDebtor,1
怎么都是找他的，别打我电话了！,IfKnowDebtor,1
怎有人起这名字难听,IfKnowDebtor,1
恩,IfKnowDebtor,0
恩怎么了,IfKnowDebtor,0
恩我认识,IfKnowDebtor,0
恩，他是我大学同学,IfKnowDebtor,0
恩，怎么了？,IfKnowDebtor,0
恩，我认识,IfKnowDebtor,0
恩，认识,IfKnowDebtor,0
恩；我不认识,IfKnowDebtor,1
想不起来,IfKnowDebtor,1
想不起来了,IfKnowDebtor,1
我不一定能联系上,IfKnowDebtor,0
我不了解,IfKnowDebtor,1
我不是啊你打错了吧,IfKnowDebtor,1
我不是，有什么事我可以转告,IfKnowDebtor,0
我不是，有什么事我可以转告,IfKnowDebtor,0
我不晓得,IfKnowDebtor,1
我不晓得这个人是哪个,IfKnowDebtor,1
我不清楚,IfKnowDebtor,1
我不清楚你说的什么,IfKnowDebtor,1
我不清楚你说的谁,IfKnowDebtor,1
我不知道,IfKnowDebtor,1
我不知道 张三是谁,IfKnowDebtor,1
我不知道该说什么好,IfKnowDebtor,1
我不知道，很久没联系了！,IfKnowDebtor,0
我不确定,IfKnowDebtor,1
我不认识,IfKnowDebtor,1
我不认识不认识,IfKnowDebtor,1
我不认识他,IfKnowDebtor,1
我不认识债,IfKnowDebtor,1
我不认识啊,IfKnowDebtor,1
我不认识啊！,IfKnowDebtor,1
我不认识这个人,IfKnowDebtor,1
我也找不到他,IfKnowDebtor,0
我事他妈,IfKnowDebtor,0
我事他爸爸,IfKnowDebtor,0
我二叔,IfKnowDebtor,0
我从不认识XX,IfKnowDebtor,1
我从不认识XX，你是不是打错了,IfKnowDebtor,1
我从不认识叫这个名字的,IfKnowDebtor,1
我他儿子,IfKnowDebtor,0
我他哥,IfKnowDebtor,0
我他哥哥,IfKnowDebtor,0
我他女儿,IfKnowDebtor,0
我他邻居,IfKnowDebtor,0
我以前的同事,IfKnowDebtor,0
我以前的同学，有什么事,IfKnowDebtor,0
我以前的同学，有什么事,IfKnowDebtor,0
我们不熟，几年前朋友,IfKnowDebtor,0
我们之前是同事,IfKnowDebtor,0
我们以前认识,IfKnowDebtor,0
我们只有一面之缘的朋友,IfKnowDebtor,0
我们很长时间没联系了,IfKnowDebtor,0
我们是初中同学,IfKnowDebtor,0
我们是同事关系,IfKnowDebtor,0
我们是大学同学,IfKnowDebtor,0
我会转告,IfKnowDebtor,0
我会转告,IfKnowDebtor,0
我会转告的,IfKnowDebtor,0
我会转告的,IfKnowDebtor,0
我刚买的号码,IfKnowDebtor,1
我刚办的号码,IfKnowDebtor,1
我刚换的号码,IfKnowDebtor,1
我刚换的号码。,IfKnowDebtor,1
我刚换的手机号码,IfKnowDebtor,1
我可以帮你转告,IfKnowDebtor,0
我可以帮你转告,IfKnowDebtor,0
我号码刚办理的,IfKnowDebtor,1
我号码刚换,IfKnowDebtor,1
我号码刚换的,IfKnowDebtor,1
我同学,IfKnowDebtor,0
我和他是同事,IfKnowDebtor,0
我和他是朋友,IfKnowDebtor,0
我和她是同事,IfKnowDebtor,0
我和她是朋友,IfKnowDebtor,0
我哥,IfKnowDebtor,0
我哥哥,IfKnowDebtor,0
我哪知道,IfKnowDebtor,1
我好久没跟他联系,IfKnowDebtor,0
我妹,IfKnowDebtor,0
我姐,IfKnowDebtor,0
我已经跟你说了我不认识,IfKnowDebtor,1
我帮朋友接的电话不知道你说的谁,IfKnowDebtor,1
我干嘛要是认识他啊,IfKnowDebtor,1
我弟,IfKnowDebtor,0
我待你去找,IfKnowDebtor,0
我待你去找,IfKnowDebtor,0
我怎么不记得了,IfKnowDebtor,1
我怎么可能知道,IfKnowDebtor,1
我怎么可能认识,IfKnowDebtor,1
我怎么可能认识？,IfKnowDebtor,1
我手机卡刚办,IfKnowDebtor,1
我才用的号码,IfKnowDebtor,1
我找他,IfKnowDebtor,0
我是他XXX,IfKnowDebtor,0
我是他xxx,IfKnowDebtor,0
我是他上司,IfKnowDebtor,0
我是他二舅,IfKnowDebtor,0
我是他亲戚,IfKnowDebtor,0
我是他亲戚。,IfKnowDebtor,0
我是他亲戚姐姐,IfKnowDebtor,0
我是他以前同事,IfKnowDebtor,0
我是他儿子,IfKnowDebtor,0
我是他前女友,IfKnowDebtor,0
我是他前妻,IfKnowDebtor,0
我是他前男友,IfKnowDebtor,0
我是他叔叔,IfKnowDebtor,0
我是他同事,IfKnowDebtor,0
我是他同事他不干了没联系,IfKnowDebtor,0
我是他同学,IfKnowDebtor,0
我是他同窗,IfKnowDebtor,0
我是他哥,IfKnowDebtor,0
我是他哥也,IfKnowDebtor,0
我是他哥呢,IfKnowDebtor,0
我是他哥哈,IfKnowDebtor,0
我是他哥哥,IfKnowDebtor,0
我是他哥哥。,IfKnowDebtor,0
我是他哥干嘛,IfKnowDebtor,0
我是他哥干嘛,IfKnowDebtor,0
我是他哥没意思,IfKnowDebtor,0
我是他哥阿,IfKnowDebtor,0
我是他哥，有什么事情告诉我？,IfKnowDebtor,0
我是他哥，有什么事情告诉我？,IfKnowDebtor,0
我是他堂弟,IfKnowDebtor,0
我是他外公,IfKnowDebtor,0
我是他外婆,IfKnowDebtor,0
我是他大姨,IfKnowDebtor,0
我是他大爷,IfKnowDebtor,0
我是他女人,IfKnowDebtor,0
我是他女儿,IfKnowDebtor,0
我是他女友,IfKnowDebtor,0
我是他女朋友,IfKnowDebtor,0
我是他奶奶,IfKnowDebtor,0
我是他好哥们,IfKnowDebtor,0
我是他妈,IfKnowDebtor,0
我是他妈妈,IfKnowDebtor,0
我是他妹,IfKnowDebtor,0
我是他妹妹,IfKnowDebtor,0
我是他姐,IfKnowDebtor,0
我是他姐夫,IfKnowDebtor,0
我是他姐姐,IfKnowDebtor,0
我是他姐姐。,IfKnowDebtor,0
我是他姐姐，有什么事情,IfKnowDebtor,0
我是他姐姐，有什么事情,IfKnowDebtor,0
我是他姐干啥,IfKnowDebtor,0
我是他姑,IfKnowDebtor,0
我是他姑姑,IfKnowDebtor,0
我是他姥姥,IfKnowDebtor,0
我是他姨夫,IfKnowDebtor,0
我是他姨爹,IfKnowDebtor,0
我是他婆娘,IfKnowDebtor,0
我是他婆婆,IfKnowDebtor,0
我是他家人,IfKnowDebtor,0
我是他家人，他出事了,IfKnowDebtor,0
我是他家人，手机没带,IfKnowDebtor,0
我是他小三,IfKnowDebtor,0
我是他小四,IfKnowDebtor,0
我是他工友,IfKnowDebtor,0
我是他弟,IfKnowDebtor,0
我是他弟弟,IfKnowDebtor,0
我是他情人,IfKnowDebtor,0
我是他房东,IfKnowDebtor,0
我是他朋友,IfKnowDebtor,0
我是他朋友，你找他又什么事,IfKnowDebtor,0
我是他朋友，你找他又什么事,IfKnowDebtor,0
我是他某某，会转告,IfKnowDebtor,0
我是他某某，会转告,IfKnowDebtor,0
我是他母亲,IfKnowDebtor,0
我是他炮友,IfKnowDebtor,0
我是他爱人,IfKnowDebtor,0
我是他父亲,IfKnowDebtor,0
我是他父亲。,IfKnowDebtor,0
我是他父亲，有啥事,IfKnowDebtor,0
我是他父亲，有啥事,IfKnowDebtor,0
我是他父母,IfKnowDebtor,0
我是他父母的朋友,IfKnowDebtor,0
我是他爷爷,IfKnowDebtor,0
我是他爸,IfKnowDebtor,0
我是他爸有什么事情,IfKnowDebtor,0
我是他爸有什么事情,IfKnowDebtor,0
我是他爸爸,IfKnowDebtor,0
我是他爹,IfKnowDebtor,0
我是他男朋友,IfKnowDebtor,0
我是他的上司,IfKnowDebtor,0
我是他的二舅,IfKnowDebtor,0
我是他的亲戚,IfKnowDebtor,0
我是他的前女友,IfKnowDebtor,0
我是他的前男友,IfKnowDebtor,0
我是他的同事,IfKnowDebtor,0
我是他的同学,IfKnowDebtor,0
我是他的同窗,IfKnowDebtor,0
我是他的大爷,IfKnowDebtor,0
我是他的女朋友,IfKnowDebtor,0
我是他的奶奶,IfKnowDebtor,0
我是他的妈,IfKnowDebtor,0
我是他的妈妈,IfKnowDebtor,0
我是他的姑,IfKnowDebtor,0
我是他的姑姑,IfKnowDebtor,0
我是他的姨夫,IfKnowDebtor,0
我是他的姨爹,IfKnowDebtor,0
我是他的工友,IfKnowDebtor,0
我是他的房东,IfKnowDebtor,0
我是他的朋友,IfKnowDebtor,0
我是他的爷爷,IfKnowDebtor,0
我是他的爸,IfKnowDebtor,0
我是他的爸爸,IfKnowDebtor,0
我是他的男朋友,IfKnowDebtor,0
我是他的老板,IfKnowDebtor,0
我是他的舅,IfKnowDebtor,0
我是他的舅舅,IfKnowDebtor,0
我是他的邻居,IfKnowDebtor,0
我是他祖宗,IfKnowDebtor,0
我是他老公,IfKnowDebtor,0
我是他老公，你找她什么事,IfKnowDebtor,0
我是他老公，你找她什么事,IfKnowDebtor,0
我是他老婆,IfKnowDebtor,0
我是他老师,IfKnowDebtor,0
我是他老板,IfKnowDebtor,0
我是他老爸。有事吗,IfKnowDebtor,0
我是他老爸。有事吗,IfKnowDebtor,0
我是他舅,IfKnowDebtor,0
我是他舅舅,IfKnowDebtor,0
我是他舅舅，你是谁,IfKnowDebtor,0
我是他表姐,IfKnowDebtor,0
我是他邻居,IfKnowDebtor,0
我是他队友,IfKnowDebtor,0
我是做生意的，接触人多，不知道哪一个,IfKnowDebtor,1
我是她上司,IfKnowDebtor,0
我是她二舅,IfKnowDebtor,0
我是她亲戚,IfKnowDebtor,0
我是她前女友,IfKnowDebtor,0
我是她前男友,IfKnowDebtor,0
我是她同事,IfKnowDebtor,0
我是她同学,IfKnowDebtor,0
我是她同窗,IfKnowDebtor,0
我是她大爷,IfKnowDebtor,0
我是她女朋友,IfKnowDebtor,0
我是她奶奶,IfKnowDebtor,0
我是她妈,IfKnowDebtor,0
我是她妈妈,IfKnowDebtor,0
我是她姑,IfKnowDebtor,0
我是她姑姑,IfKnowDebtor,0
我是她姨夫,IfKnowDebtor,0
我是她姨爹,IfKnowDebtor,0
我是她工友,IfKnowDebtor,0
我是她房东,IfKnowDebtor,0
我是她朋友,IfKnowDebtor,0
我是她爷爷,IfKnowDebtor,0
我是她爸,IfKnowDebtor,0
我是她爸爸,IfKnowDebtor,0
我是她男朋友,IfKnowDebtor,0
我是她的上司,IfKnowDebtor,0
我是她的二舅,IfKnowDebtor,0
我是她的亲戚,IfKnowDebtor,0
我是她的前女友,IfKnowDebtor,0
我是她的前男友,IfKnowDebtor,0
我是她的同事,IfKnowDebtor,0
我是她的同学,IfKnowDebtor,0
我是她的同窗,IfKnowDebtor,0
我是她的大爷,IfKnowDebtor,0
我是她的女朋友,IfKnowDebtor,0
我是她的奶奶,IfKnowDebtor,0
我是她的妈,IfKnowDebtor,0
我是她的妈妈,IfKnowDebtor,0
我是她的姑,IfKnowDebtor,0
我是她的姑姑,IfKnowDebtor,0
我是她的姨夫,IfKnowDebtor,0
我是她的姨爹,IfKnowDebtor,0
我是她的工友,IfKnowDebtor,0
我是她的房东,IfKnowDebtor,0
我是她的朋友,IfKnowDebtor,0
我是她的爷爷,IfKnowDebtor,0
我是她的爸,IfKnowDebtor,0
我是她的爸爸,IfKnowDebtor,0
我是她的男朋友,IfKnowDebtor,0
我是她的老板,IfKnowDebtor,0
我是她的舅,IfKnowDebtor,0
我是她的舅舅,IfKnowDebtor,0
我是她的邻居,IfKnowDebtor,0
我是她老板,IfKnowDebtor,0
我是她舅,IfKnowDebtor,0
我是她舅舅,IfKnowDebtor,0
我是她邻居,IfKnowDebtor,0
我是爱人,IfKnowDebtor,0
我是老人家，不认识,IfKnowDebtor,1
我晓得,IfKnowDebtor,0
我晓得这个人，我隔壁,IfKnowDebtor,0
我有听说过他,IfKnowDebtor,0
我有听说过她,IfKnowDebtor,0
我有空就告诉他,IfKnowDebtor,0
我没办法转告,IfKnowDebtor,0
我没听说过他,IfKnowDebtor,1
我没听说过她,IfKnowDebtor,1
我没听过这个名字,IfKnowDebtor,1
我没这个朋友啊,IfKnowDebtor,1
我现在来联系他,IfKnowDebtor,0
我现在没和她在一起,IfKnowDebtor,0
我现在没有和她在一起,IfKnowDebtor,0
我真不认识他,IfKnowDebtor,1
我真的不认识,IfKnowDebtor,1
我知道,IfKnowDebtor,0
我知道啊,IfKnowDebtor,0
我给他说,IfKnowDebtor,0
我给他说,IfKnowDebtor,0
我联系不上他,IfKnowDebtor,0
我表弟,IfKnowDebtor,0
我认不到你说的那个人,IfKnowDebtor,1
我认识,IfKnowDebtor,0
我认识他,IfKnowDebtor,0
我认识他，但是很久不联系了,IfKnowDebtor,0
我认识啊,IfKnowDebtor,0
我认识的人叫这个名字的多了，你说具体点，我才晓得。,IfKnowDebtor,0
我认识的人叫这个名字的多了，你说具体点，我才晓得。,IfKnowDebtor,0
我认识的人没有叫张三的,IfKnowDebtor,1
我认识，但是不认识你,IfKnowDebtor,0
我认识，你找他咋子,IfKnowDebtor,0
我认识，你找他咋子,IfKnowDebtor,0
我认识，我也认识你,IfKnowDebtor,0
我跟他没联系了,IfKnowDebtor,0
我身边没有人认识，你在问下别人吧。,IfKnowDebtor,1
我身边没有姓张的人,IfKnowDebtor,1
我这是刚办的号码不认识你说的这个人！,IfKnowDebtor,1
我这边没有这个人,IfKnowDebtor,1
我这里不是你要找的人,IfKnowDebtor,1
我都不知道他是干嘛的,IfKnowDebtor,1
我都已经说了不认识了,IfKnowDebtor,1
才换的电话不认识,IfKnowDebtor,1
打了好多电话，不认识，不知道，,IfKnowDebtor,1
打架被抓了,IfKnowDebtor,0
打错了,IfKnowDebtor,1
打错了。,IfKnowDebtor,1
打错了不知道。,IfKnowDebtor,1
打错了吧,IfKnowDebtor,1
打错电话了,IfKnowDebtor,1
打麻将认识的,IfKnowDebtor,0
找不到,IfKnowDebtor,0
找不到了,IfKnowDebtor,0
找不到人了,IfKnowDebtor,0
找他什么事,IfKnowDebtor,0
找他什么事,IfKnowDebtor,0
找他干嘛,IfKnowDebtor,0
找他有什么事,IfKnowDebtor,0
找他有什么事,IfKnowDebtor,0
找我也没有用,IfKnowDebtor,1
找错人了,IfKnowDebtor,1
搞错了,IfKnowDebtor,1
搞错了吧，挂机,IfKnowDebtor,1
断绝关系了,IfKnowDebtor,0
早就不联系了，不熟,IfKnowDebtor,0
早就没联系了,IfKnowDebtor,0
早就消失了,IfKnowDebtor,0
早就说过了不认识,IfKnowDebtor,1
是,IfKnowDebtor,0
是他以前的客户,IfKnowDebtor,0
是他同事,IfKnowDebtor,0
是他同学,IfKnowDebtor,0
是他哥哥,IfKnowDebtor,0
是他妈,IfKnowDebtor,0
是他妈妈,IfKnowDebtor,0
是他妹妹,IfKnowDebtor,0
是他姐,IfKnowDebtor,0
是他姐姐,IfKnowDebtor,0
是他家人,IfKnowDebtor,0
是他弟弟,IfKnowDebtor,0
是他朋友,IfKnowDebtor,0
是他爱人,IfKnowDebtor,0
是他父亲,IfKnowDebtor,0
是他爷爷,IfKnowDebtor,0
是他爸爸,IfKnowDebtor,0
是以前厂里的同事，不联系了,IfKnowDebtor,0
是同学,IfKnowDebtor,0
是啊,IfKnowDebtor,0
是啊！,IfKnowDebtor,0
是我儿子，咋个喃,IfKnowDebtor,0
是朋友,IfKnowDebtor,0
是朋友的朋友,IfKnowDebtor,0
是朋友，怎么了,IfKnowDebtor,0
是的，他咋了？,IfKnowDebtor,0
是的，我很忙,IfKnowDebtor,0
是的，我认识，找他什么事,IfKnowDebtor,0
是的，有事吗,IfKnowDebtor,0
是的，认识,IfKnowDebtor,0
是，好多年的朋友了。,IfKnowDebtor,0
是，怎么了,IfKnowDebtor,0
晓不得。你们有听过的么？,IfKnowDebtor,1
晓得,IfKnowDebtor,0
晓得他，他不在这边。,IfKnowDebtor,0
晓得他，他怎么了？,IfKnowDebtor,0
晓得哇,IfKnowDebtor,0
晓得哈,IfKnowDebtor,0
晓得哈哈哈,IfKnowDebtor,0
晓得者,IfKnowDebtor,0
晓得，没意思,IfKnowDebtor,0
最近他有没有和你联系啊,IfKnowDebtor,0
最近没有联系，看到的话联系一下！,IfKnowDebtor,0
最近没联系,IfKnowDebtor,0
有什么事都不要找我,IfKnowDebtor,1
有他前女友,IfKnowDebtor,0
有印象，没聊过。,IfKnowDebtor,0
有毛病。你们自己打电话给他，,IfKnowDebtor,1
有点印象,IfKnowDebtor,0
有过联系,IfKnowDebtor,0
有这样的人？,IfKnowDebtor,1
朋友,IfKnowDebtor,0
朋友的同学，只见过一次,IfKnowDebtor,0
朋友的朋友,IfKnowDebtor,0
杀马特的名字，没听过,IfKnowDebtor,1
根本不知道这个人。,IfKnowDebtor,1
根本不认识,IfKnowDebtor,1
根本就没有这个人,IfKnowDebtor,1
根本没听过这个名字,IfKnowDebtor,1
欠了我钱,IfKnowDebtor,0
欠我钱不接电话,IfKnowDebtor,0
欠钱太多跑路了,IfKnowDebtor,0
死了,IfKnowDebtor,1
死了,IfKnowDebtor,1
毛根儿朋友。,IfKnowDebtor,0
没交集,IfKnowDebtor,1
没人认识,IfKnowDebtor,1
没人认识。,IfKnowDebtor,1
没印象,IfKnowDebtor,1
没印象了,IfKnowDebtor,1
没印象，他是一个明星吗,IfKnowDebtor,1
没听倒过。,IfKnowDebtor,1
没听说,IfKnowDebtor,1
没听说过,IfKnowDebtor,1
没听说过·,IfKnowDebtor,1
没听说过。,IfKnowDebtor,1
没听说过吧,IfKnowDebtor,1
没听说过哈,IfKnowDebtor,1
没听说过哈哈哈,IfKnowDebtor,1
没听说过啊,IfKnowDebtor,1
没听说过这个人,IfKnowDebtor,1
没听说过这个人，这个人是哪个嘛,IfKnowDebtor,1
没听说过阿,IfKnowDebtor,1
没听过,IfKnowDebtor,1
没听过。,IfKnowDebtor,1
没听过哈,IfKnowDebtor,1
没听过喃,IfKnowDebtor,1
没听过喃哈,IfKnowDebtor,1
没听过喃哈哈哈,IfKnowDebtor,1
没听过喃啊,IfKnowDebtor,1
没听过喃阿,IfKnowDebtor,1
没听过喃，没意思,IfKnowDebtor,1
没听过这个人,IfKnowDebtor,1
没听过这个名子,IfKnowDebtor,1
没听过这个名字,IfKnowDebtor,1
没听过这名字,IfKnowDebtor,1
没听过这名字，,IfKnowDebtor,1
没得啥子记忆,IfKnowDebtor,1
没打过交道,IfKnowDebtor,1
没有印象,IfKnowDebtor,1
没有听说过,IfKnowDebtor,1
没有听过,IfKnowDebtor,1
没有必要去联系,IfKnowDebtor,0
没有联系,IfKnowDebtor,1
没有联系电话，,IfKnowDebtor,1
没有这个人,IfKnowDebtor,1
没见过,IfKnowDebtor,1
没见过几次，咋的？,IfKnowDebtor,0
没记忆,IfKnowDebtor,1
现在做牢了，抢劫,IfKnowDebtor,0
现在没有联系了,IfKnowDebtor,0
现在联系不上,IfKnowDebtor,0
现在联系不到,IfKnowDebtor,0
现在联系不到了,IfKnowDebtor,0
生病了，一直在医院,IfKnowDebtor,0
电话刚办的,IfKnowDebtor,1
看号码对吗,IfKnowDebtor,1
真不知道这个人,IfKnowDebtor,1
真不认识,IfKnowDebtor,1
真不认识，不要在打了,IfKnowDebtor,1
真的不认识,IfKnowDebtor,1
真难听,IfKnowDebtor,1
知道,IfKnowDebtor,0
知道了会告诉,IfKnowDebtor,0
知道名字不熟悉,IfKnowDebtor,0
知道啊,IfKnowDebtor,0
算了吧 我联系不上,IfKnowDebtor,0
算是吧,IfKnowDebtor,0
老是打电话,IfKnowDebtor,0
老是骚扰干什么,IfKnowDebtor,0
联系不上,IfKnowDebtor,0
联系不到,IfKnowDebtor,0
联系不到了,IfKnowDebtor,0
联系方式都拉黑了,IfKnowDebtor,0
肯定知道,IfKnowDebtor,0
肯定知道啊,IfKnowDebtor,0
被车撞了,IfKnowDebtor,0
见过几次，不熟,IfKnowDebtor,0
见过几次，还好吧。,IfKnowDebtor,0
见过面,IfKnowDebtor,0
见鬼老，不认识,IfKnowDebtor,1
认不倒。,IfKnowDebtor,1
认不倒哦。,IfKnowDebtor,1
认不到,IfKnowDebtor,1
认不到这个人哦，你找错人了吧,IfKnowDebtor,1
认得，好多年没见了。,IfKnowDebtor,0
认求不到,IfKnowDebtor,1
认求不到呢,IfKnowDebtor,1
认求不到哈,IfKnowDebtor,1
认求不到哦也,IfKnowDebtor,1
认求不到哦呢,IfKnowDebtor,1
认求不到哦哈哈哈,IfKnowDebtor,1
认求不到哦嗯,IfKnowDebtor,1
认求不到哦阿,IfKnowDebtor,1
认求不到啊,IfKnowDebtor,1
认求不到没意思,IfKnowDebtor,1
认求不到阿,IfKnowDebtor,1
认识,IfKnowDebtor,0
认识。我是他同学，有事我可以让他给你回电话,IfKnowDebtor,0
认识一个聚会上认识的不太熟,IfKnowDebtor,0
认识不熟,IfKnowDebtor,0
认识不熟，别找我，挂机,IfKnowDebtor,0
认识个球,IfKnowDebtor,1
认识个球,IfKnowDebtor,1
认识他,IfKnowDebtor,0
认识他还欠我钱呢！联系不上。,IfKnowDebtor,0
认识哦,IfKnowDebtor,0
认识哦，但是我们有好几年没联系了，他还欠我几千块钱,IfKnowDebtor,0
认识啊,IfKnowDebtor,0
认识啊干嘛跟你说！你谁啊？,IfKnowDebtor,0
认识啊怎么了,IfKnowDebtor,0
认识啊，什么事,IfKnowDebtor,0
认识啊，他是我一个客户，怎么了,IfKnowDebtor,0
认识啊，我是他同事,IfKnowDebtor,0
认识啊，我是他同学,IfKnowDebtor,0
认识啊，我是他最好的朋友,IfKnowDebtor,0
认识很多年了，他出啥事了？,IfKnowDebtor,0
认识我在外地不知道情况或债在外地,IfKnowDebtor,0
认识是我朋友的朋友,IfKnowDebtor,0
认识是认识，但是也不是很熟，你是想从我这了解他吗？如果是这样很抱歉我也帮不了你,IfKnowDebtor,0
认识没联系,IfKnowDebtor,0
认识的,IfKnowDebtor,0
认识联系不到,IfKnowDebtor,0
认识这个人你们找他？,IfKnowDebtor,0
认识这么了,IfKnowDebtor,0
认识，一起喝酒认识的，不太熟,IfKnowDebtor,0
认识，一起打球认识的，很久不联系了,IfKnowDebtor,0
认识，他不就是傻根吗,IfKnowDebtor,0
认识，他出门了，现在不在，等会儿打过来吧,IfKnowDebtor,0
认识，他去俄罗斯看世界杯了,IfKnowDebtor,0
认识，他去新疆了,IfKnowDebtor,0
认识，他昨晚才到巴西的,IfKnowDebtor,0
认识，他是我初中同学,IfKnowDebtor,0
认识，他是我小学同学,IfKnowDebtor,0
认识，他是我老婆，有事你说,IfKnowDebtor,0
认识，他是我高中同学,IfKnowDebtor,0
认识，他还欠我钱没还呢,IfKnowDebtor,0
认识，以前同事，他已经辞职了,IfKnowDebtor,0
认识，会转告,IfKnowDebtor,0
认识，但他是无赖，不会还钱,IfKnowDebtor,0
认识，但很长时间不联系了,IfKnowDebtor,0
认识，但是不联系,IfKnowDebtor,0
认识，但是两三年没联系了,IfKnowDebtor,0
认识，但是他已经死了几年了,IfKnowDebtor,1
认识，但是他已经死了几年了,IfKnowDebtor,1
认识，你找他什么事,IfKnowDebtor,0
认识，你有事吗,IfKnowDebtor,0
认识，你来我带你去他家啊,IfKnowDebtor,0
认识，你谁啊？,IfKnowDebtor,0
认识，你谁啊？哪根葱？,IfKnowDebtor,0
认识，只是朋友,IfKnowDebtor,0
认识，咋啦,IfKnowDebtor,0
认识，她去悉尼了,IfKnowDebtor,0
认识，她回老家了,IfKnowDebtor,0
认识，已经联系不上,IfKnowDebtor,0
认识，我是他妈,IfKnowDebtor,0
认识，我是他妹,IfKnowDebtor,0
认识，我是他妹妹,IfKnowDebtor,0
认识，我是他姐,IfKnowDebtor,0
认识，我是他室友，怎么了,IfKnowDebtor,0
认识，我是他家人,IfKnowDebtor,0
认识，我是他爸,IfKnowDebtor,0
认识，我是他领导。有事我可以传达,IfKnowDebtor,0
认识，我是她妈,IfKnowDebtor,0
认识，我是她妹,IfKnowDebtor,0
认识，我是她妹妹,IfKnowDebtor,0
认识，我是她姐,IfKnowDebtor,0
认识，我是她爸,IfKnowDebtor,0
认识，昨晚还一起喝酒了呢,IfKnowDebtor,0
认识，是我一个村的,IfKnowDebtor,0
认识，是我前男友,IfKnowDebtor,0
认识，是我大学同学,IfKnowDebtor,0
认识，是隔壁村的,IfKnowDebtor,0
认识，那又怎么样,IfKnowDebtor,0
认识？没有。,IfKnowDebtor,1
记不到,IfKnowDebtor,1
记不得,IfKnowDebtor,1
记不清,IfKnowDebtor,1
记不起,IfKnowDebtor,1
说不认识还给我打,IfKnowDebtor,1
说了不认识了,IfKnowDebtor,1
说了不认识，不要打我电话,IfKnowDebtor,1
说了不认识，她妈的不要在打,IfKnowDebtor,1
说多次不认识,IfKnowDebtor,1
请不要在打这个电话了,IfKnowDebtor,1
谁呀这是,IfKnowDebtor,1
谁啊，不知道,IfKnowDebtor,1
谁啊，不认识,IfKnowDebtor,1
谁啊，不认识,IfKnowDebtor,1
谁啊，没听过，不认识,IfKnowDebtor,1
谁，不知道,IfKnowDebtor,1
谁，不认识，你打错了,IfKnowDebtor,1
貌似记得这个人,IfKnowDebtor,0
跟我没关系,IfKnowDebtor,1
还有这名字,IfKnowDebtor,1
这个人啊不熟,IfKnowDebtor,0
这个人是谁啊,IfKnowDebtor,1
这个人是谁没有听过,IfKnowDebtor,1
这个人没有印象,IfKnowDebtor,1
这个名字不清楚,IfKnowDebtor,1
这个名字很恶心,IfKnowDebtor,1
这个名字没有印象,IfKnowDebtor,1
这个名字现在还有人在用,IfKnowDebtor,1
这个龟孙，我也找他很久了,IfKnowDebtor,0
这么垃圾的名字吗,IfKnowDebtor,1
这么难听的名字也有人用啊,IfKnowDebtor,1
这么难听的名字吗,IfKnowDebtor,1
这人干嘛的,IfKnowDebtor,1
这人怎么可能认识,IfKnowDebtor,1
这人是什么地方的,IfKnowDebtor,1
这人是干嘛的,IfKnowDebtor,1
这人谁啊,IfKnowDebtor,1
这人那里的,IfKnowDebtor,1
这什么弱智起的名字啊,IfKnowDebtor,1
这卡是我刚办理的,IfKnowDebtor,1
这名字听都没听过,IfKnowDebtor,1
这名字太好笑了,IfKnowDebtor,1
这名字好搞笑,IfKnowDebtor,1
这明显是不可能的,IfKnowDebtor,1
这是我刚买的号码,IfKnowDebtor,1
这是我家里人的号码给我用的,IfKnowDebtor,1
这是我爱人电话，,IfKnowDebtor,0
这是朋友办理的手机号,IfKnowDebtor,1
这是谁,IfKnowDebtor,1
这有这么个人？,IfKnowDebtor,1
这里没这个人,IfKnowDebtor,1
通过彭有见过几次面,IfKnowDebtor,0
那是我姐姐,IfKnowDebtor,0
都没听说过,IfKnowDebtor,1
都没有听过这个名字。,IfKnowDebtor,1
都说多少次了不认识,IfKnowDebtor,1
