序号,提交答卷时间,来自IP,第1题(1),第1题(2),第1题(3),第1题(4),第1题(5),第1题(6),第1题(7),第1题(8),第1题(9),第1题(10),第2题(1),第2题(2),第2题(3),第2题(4),第2题(5),第2题(6),第2题(7),第2题(8),第2题(9),第2题(10),第3题(1),第3题(2),第3题(3),第3题(4),第3题(5),第3题(6),第3题(7),第3题(8),第3题(9),第3题(10),第4题(1),第4题(2),第4题(3),第4题(4),第4题(5),第4题(6),第4题(7),第4题(8),第4题(9),第4题(10),第5题(1),第5题(2),第5题(3),第5题(4),第5题(5),第5题(6),第5题(7),第5题(8),第5题(9),第5题(10),第6题(1),第6题(2),第6题(3),第6题(4),第6题(5),第6题(6),第6题(7),第6题(8),第6题(9),第6题(10),第7题(1),第7题(2),第7题(3),第7题(4),第7题(5),第7题(6),第7题(7),第7题(8),第7题(9),第7题(10),第8题(1),第8题(2),第8题(3),第8题(4),第8题(5),第8题(6),第8题(7),第8题(8),第8题(9),第8题(10),第9题(1),第9题(2),第9题(3),第9题(4),第9题(5),第9题(6),第9题(7),第9题(8),第9题(9),第9题(10),第10题(1),第10题(2),第10题(3),第10题(4),第10题(5),第10题(6),第10题(7),第10题(8),第10题(9),第10题(10),第11题(1),第11题(2),第11题(3),第11题(4),第11题(5),第11题(6),第11题(7),第11题(8),第11题(9),第11题(10),第12题(1),第12题(2),第12题(3),第12题(4),第12题(5),第12题(6),第12题(7),第12题(8),第12题(9),第12题(10),第13题(1),第13题(2),第13题(3),第13题(4),第13题(5),第13题(6),第13题(7),第13题(8),第13题(9),第13题(10),第14题(1),第14题(2),第14题(3),第14题(4),第14题(5),第14题(6),第14题(7),第14题(8),第14题(9),第14题(10),第15题(1),第15题(2),第15题(3),第15题(4),第15题(5),第15题(6),第15题(7),第15题(8),第15题(9),第15题(10),第16题(1),第16题(2),第16题(3),第16题(4),第16题(5),第16题(6),第16题(7),第16题(8),第16题(9),第16题(10),第17题(1),第17题(2),第17题(3),第17题(4),第17题(5),第17题(6),第17题(7),第17题(8),第17题(9),第17题(10),第18题(1),第18题(2),第18题(3),第18题(4),第18题(5),第18题(6),第18题(7),第18题(8),第18题(9),第18题(10),第19题(1),第19题(2),第19题(3),第19题(4),第19题(5),第19题(6),第19题(7),第19题(8),第19题(9),第19题(10),,,,,,,,,,,,,,,,,,,,,,,,,,,,,,
1,6/22/18 17:44,125.69.40.226-成都,我不是,我不是✖️2,我不是✖️3,我不是✖️4,我不是✖️5,我不是✖️6,我不是✖️7,我不是✖️8,我不是✖️9,我不是✖️10,我是的,我是的✖️1,我是的✖️2,我是的✖️3,我是的✖️4,我是的✖️5,我是的✖️6,我是的✖️7,我是的✖️8,我是的✖️9,风太大，清不到,雨太大，清不到,雷太大，清不到,肚子太大，清不到,鞋子太大，清不到,袜子太大，清不到,拖鞋太大，清不到,钱包太大，清不到,钥匙太大，清不到,牛奶太大，清不到,我姐姐,我哥哥,我弟弟,我妹妹,我叔叔,我阿姨,我舅舅,我舅妈,我姑妈,我姑父,不认识,不认识✖️1,不认识✖️2,不认识✖️3,不认识✖️235,不认识✖️25,不认识✖️5,不认识✖️346,不认识✖️25,不认识✖️34,雨太大，听不到,雨太大，听不到✖️,雨太大，听不到✖️1,雨太大，听不到✖️34,雨太大，听不到✖️346,雨太大，听不到✖️45,雨太大，听不到✖️2345,雨太大，听不到✖️345,雨太大，听不到✖️345,雨太大，听不到✖️345,没钱,没钱✖️1,没钱✖️3252,没钱✖️345667,没钱✖️345,没钱✖️2345,没钱✖️34534,没钱✖️53,没钱✖️345,没钱✖️546,我不差你钱,我不差你钱✖️,我不差你钱✖️2435,我不差你钱✖️345,我不差你钱✖️34524534,我不差你钱✖️2345356,我不差你钱✖️345345,我不差你钱✖️3456456,我不差你钱✖️5688567,我不差你钱✖️457,你给老子再说一遍✖️,你给老子再说一遍✖️34,你给老子再说一遍✖️34565,你给老子再说一遍✖️34643,你给老子再说一遍✖️253,你给老子再说一遍✖️325345,你给老子再说一遍✖️3463,你给老子再说一遍✖️34634,你给老子再说一遍✖️呃756,你给老子再说一遍✖️365,可以不还吗✖️,可以不还吗✖️3434,可以不还吗✖️456,可以不还吗✖️78,可以不还吗✖️45456,可以不还吗✖️3563,可以不还吗✖️3463,可以不还吗✖️254345,可以不还吗✖️3456,可以不还吗✖️35645,可以的撒✖️,可以的撒✖️345,可以的撒✖️3453463,可以的撒✖️45457,可以的撒✖️457,可以的撒✖️34636,可以的撒✖️57457,可以的撒✖️4577,可以的撒✖️4577235,可以的撒✖️36536,不可能✖️,不可能✖️3454,不可能✖️3台345,不可能✖️3345,不可能✖️34345,不可能✖️345345,不可能✖️347,不可能✖️34534,不可能✖️36456,不可能✖️45745,我不听✖️,我不听✖️3245,我不听✖️35434,我不听✖️36356,我不听✖️34636,我不听✖️3453456,我不听✖️34345,我不听✖️35345,我不听✖️3535,我不听✖️34346,可以哈✖️,可以哈✖️234,可以哈✖️23432,可以哈✖️235235,可以哈✖️8989,可以哈✖️678678,可以哈✖️6867,可以哈✖️6767,可以哈✖️676575,可以哈✖️6767,还不起✖️,还不起✖️6769,还不起✖️676,还不起✖️65675,还不起✖️5658,还不起✖️9879,还不起✖️98796,还不起✖️7687,还不起✖️76871234,还不起✖️8970,我是她爸爸✖️,我是她爸爸✖️6876,我是她爸爸✖️98676,我是她爸爸✖️76876,我是她爸爸✖️679698,我是她爸爸✖️7696,我是她爸爸✖️89707,我是她爸爸✖️0780976,我是她爸爸✖️989869,我是她爸爸✖️98698,我可以的✖️,我可以的✖️678698,我可以的✖️8565,我可以的✖️765987,我可以的✖️70980,我可以的✖️986786,我可以的✖️76876,我可以的✖️7675687,我可以的✖️5675,我可以的✖️87798,少还点可以吗✖️,少还点可以吗✖️7686,少还点可以吗✖️86758768,少还点可以吗✖️987987,少还点可以吗✖️987987,少还点可以吗✖️57656,少还点可以吗✖️765658,少还点可以吗✖️978987,少还点可以吗✖️8767235235,少还点可以吗✖️8767823,你吃了吗✖️,你吃了吗✖️89798,你吃了吗✖️789789,你吃了吗✖️78687,你吃了吗✖️8756876,你吃了吗✖️867678,你吃了吗✖️86778,你吃了吗✖️987987,你吃了吗✖️9867987,你吃了吗✖️98698,,,,,,,,,,,,,,,,,,,,,,,,,,,,,,
2,6/22/18 17:54,125.69.40.226-成都,打错了,不是,他上厕所,我是他房东，他不在了,我是他同事,我不认识,清不到,晓不得,不晓得,不晓得你说的哪个,咋子事,你说,囊个,咋了,说嘛,你哪个,啥子事,啊,对,是我,听不清,信号不好,啥子安,弄啥勒,你是不是打错了哦,你他妈谁呀，瞎几把打,又是卖保险的,"喂，喂，喂,听不见了啊",你猜猜看,太吵了，听不见,嗯,啊,是,认识,对,认识他,怎么啦,他是我朋友,他是我弟弟,他是我姐姐,不晓得,不认识,晓不得,我不清楚你说的谁,我不知道,没听说过,你说的谁呀,啥子张三，你哪个,从没听说过,我不明白你说的谁,天气很好啊,我是做贷款的，请问你需要吗,太吵了,啥子安,你是不是打错了哦,你他妈谁呀，瞎几把打,又是卖保险的,"喂，喂，喂,听不见了啊",你猜猜看,太吵了，听不见,我没钱,不想还，可以吧？,我没工作了，还不了,确实没钱还了,我信用卡刷爆了,我赌球欠了一屁股债,我打牌全输了,我家被火烧了,我得了重病，钱全部治疗去了,家里出事了，还不了,谁欠钱啊，你找抽,你才借款，我没借钱,这不是我借的，你找借的人去,滚，我没借,我身份证丢了，是别人用我身份证借的,是我弟弟借的，我没借,和我没关系，你找别人去,爬爬爬，关我锤子事,你他妈是谁啊，我欠不欠钱关你屁事,我重来没借过哪个的钱,天气很好啊,信号不好,啥子安,弄啥勒,你是不是打错了哦,你他妈谁呀，瞎几把打,又是卖保险的,"喂，喂，喂,听不见了啊",你猜猜看,太吵了，听不见,能少点吗,我可不可以少还点先,我先还一部分好吗,我先还利息吧,我没什么钱，能少还点嘛,最近手头紧，还不了这么多,昨天才打了电话说可以少还点啊，你能再给减点吗,我先还一个月的吧,我只能先还一点点,好吧，你能减免点金额就好了,好的,没问题,OK,行,马上就还,我在去银行转账的路上,我在开车，等下就去还,支付宝转给你们吧,微信转给你们吧,这么转账给你们,我最近没钱，还不了,不还你要咋的,滚,死远点，谁他妈还你钱,要钱没有，要命一条,你慢慢等吧,别打过来了，我不会还的,别打过来了，我没钱还的,就不还，你们还能找到我？,我饭都没的吃，哪来钱还你们,天气很好啊,信号不好,啥子安,弄啥勒,你是不是打错了哦,你他妈谁呀，瞎几把打,又是卖保险的,"喂，喂，喂,听不见了啊",你猜猜看,太吵了，听不见,可以吗？,如果能减免利息我就还钱,什么时候减免利息我就什么时候还钱,那好啊,那感情好,可以,OK,没问题,这样我马上就还,好，那我给你们转过来,什么利息，我没那么多钱,利息减了我也还不了,我病都没钱看了，哪来钱换你们,再减一点,你把本金也给我减了吧,没钱,不还,减了利息我也承担不起,不行啊，还是太多了,减了也不行，反正我是没钱来还,天气很好啊,信号不好,啥子安,弄啥勒,你是不是打错了哦,你他妈谁呀，瞎几把打,又是卖保险的,"喂，喂，喂,听不见了啊",你猜猜看,太吵了，听不见,好啊,可以,OK,行,没问题,减免了我就去还款,先减吧，真的减了我马上就去还,可以，那我就先还上吧,我明天就去还,支付宝或者微信转账过来吧,不行,不还,还不了，我没钱,延期还不是要还，你给减免了吧,多延期一点啊，不然我还不了的,实在没钱，不好意思啊,确实不行，最近手头紧,我就不还，你要钱自己来找我,要钱没有，要命一条,滚犊子,天气很好啊,信号不好,啥子安,弄啥勒,你是不是打错了哦,你他妈谁呀，瞎几把打,又是卖保险的,"喂，喂，喂,听不见了啊",你猜猜看,太吵了，听不见,,,,,,,,,,,,,,,,,,,,,,,,,,,,,,
3,6/23/18 19:29,182.148.15.222-成都,不是得。,打错了！,号码打错了！,认不倒，打错了！,这儿没这个人。,不晓得是哪个。,没得这号人。,搞错了吧，没这个人。,错号，不认识。,他不在，有啥事？,嗯，你哪里？,是我，你是谁？,你怎么有我的号码？,对，你是？,谁找我？,找我啥事？,就是。,对呀，你是？,你是谁？找我干嘛？,恩恩。,啥呀？,哪个喃？,听不到？,喂？喂？,在下雨！,等下！,等下打过来。,啥？说啥？,谁？找谁？,你找谁呢？,晓得他，他怎么了？,知道呀，你是谁？,认识很多年了，他出啥事了？,不熟，知道而已。,刚刚认识。,有印象，没聊过。,是的，他咋了？,见过几次，还好吧。,没见过几次，咋的？,听说过，没见过面。,听都没听过。,晓不得。你们有听过的么？,这有这么个人？,完全没印象。,他是谁？,认不倒。,不晓得他是谁。,没人认识。,认识他的人还没有出生呢。,认识？没有。,哪个呢？,你说哪个？,你们是哪里？,听不懂，找谁？,听不倒，哪个？,太小声了，大点声！,效果太撇了，听不到。,信号太歪了，听都听不到。,啥子玩意哦，听不倒。,太差了，得换个新的。,啥？有这事？看我这个记性。,我被裁员了，还在找工作。,我老婆得了大病，还在住院。,最近赌球输了。,我被车撞了，还在住院。,完全忘记了，马上还。,最近父亲刚刚过世。,我兄弟欠了高利贷，我帮他救急了。,我妹儿刚刚办婚事，要用钱。,前两天弄坏了公司的电脑，要赔钱。,你搞错了吧，我好久借了你钱哦。,没得这事！,不晓得，哪个龟儿子才借了！,听都没听过，你才借钱不还呢！,欠债还钱天经地义，可惜不是我。,如果借了，一定会还的。问题是我没有借呀。,没有哦，是不是我的身份被盗了？,没借哈，你找错人了。,是我朋友借的吧，那天他拿我的身份证去用，搞出这么多事情。,我没干过，别找我。,你说啥？我听不懂呢？,咋回事？,怎么算的？,我想一哈哈。,不得哦，今天不得下雨哦，太阳大得很。,风大的很，没听不到。,没有听到，啥？,啥原因？啥啥原因？,听不懂你说啥子呢？,咋又是我呢？,太多了，少点嘛。,太不人道了，多减点啥。,至少把利息免了吧？,只还本金，要得不？,只能应付本金，通融一下？,帅哥，帮哈忙，扣一点嘛。,美女，给点折扣啥。,大姐，行行好，去掉利息嘛。,大哥，和领导申请一哈，多折点嘛。,好心人，帮一下，多少一点嘛？,咋就忘了呢，好，马上就处理。,咋不早说嘛，就点渣渣钱，分分钟就搞定了。,没得问题，等哈哈就弄哈。,要得，一定在那之前就弄好。,放心，兄弟，一定的。,这次一定记得了。,嗯嗯，等下就安排。,OK。马上。,立刻找人弄。,现在就打电话，,下辈子一定还。,过十年就还。,多给点时间嘛，这么点时间，凑不起。,马上还，你做梦哇？,没问题？没问题才怪呢！,我等下就安排银行的行长还哈。,今天还，还个鬼哦！,好，等太阳从西边出来了就还。,还，拿命来还，拿去嘛！,我死了就马上还。,打雷了哇？,啥？啥时间一定还？,好久还清？,你是哪个？,几号喃？,还好多呢？,为啥通知我？,雨好大，我先闪了。,你们慢慢说，我先撤了。,你们一定饿了哇，还够嘛？再来一盘菜，先欠到。,这下不担心了，不拍还不起了。,没有问题了，不可以也可以了。,不等明天了，现在就可以了。,有问题？不存在了。不好意思，太麻烦你了。,肯定可以了。,没啥不可以的了。,可以吗？当然可以啦。,帮大忙了，明天就去银行排队！,不成问题了，要得要得。,问题解决了，就这样定了。,可以？再少点才可以。,肯定不等行啥，还得再减点。,不多么？还得少才成。,再通融一下，再和领导说说？,还可以，再，再少点？,你这是逼人跳楼吗？,我们全家一起也凑不齐这数呀。,我把银行所有的钱都取了，也不够呀。,在怎么想办法，也不得行呀。,兄弟，你借点给我？,好多呢？,哪天前？,我老婆来了，我先挂了。,老板来了，我等下打回来。,什么什么？,可以什么？,我不感兴趣哈。,你是谁，我不认识他。,火车开了哈，听不到了。,进电梯了。,这部分可以哈。,好，好的哈。,不成问题。,这个可以有。,百分百木有问题。,确定。,盏盏的可以。,不存在任何问题。,问题？没有哈。,这下就好多了啥。,还是有点问题。,还可以，再，再少点么？,问题大大呀，再久点嘛？,兄弟，都帮了这么多了，再多帮一下嘛？,美女，在宽限几天嘛。,哥，也不差这两天啥。,姐，还得再多少点。,多少再想想办法？,再和领导说说？,再多延几期啥？,我得去吃饭了。,头晕了，先挂了。,进地铁了，晚点再说。,天黑了，你也该下班了？改天再说。,到点了，再说。,我这要接个很重要的电话，再说哈。,没得电了！,啥，听不到了！,哎哟？,闪电了，太危险了。挂了。,,,,,,,,,,,,,,,,,,,,,,,,,,,,,,
4,6/25/18 11:02,118.116.19.113-成都,我不是嗯,你找错人了哈,他正在开车嗯,打错了嗯,我不是哈，你打错了哈,你哪个？不要乱打嗯,有毛病嗯,看清楚再打嘛哈,你打错了哈,我不是的哈嗯,嗯，我是嗯,对，是我哈,恩恩，找我有什么事情么嗯,我正在上班，下班后再联系可以吧嗯,我现在忙，一会儿再说嗯,有啥子事嗯,什么事嗯,有事就说哈,是我嗯,请说嗯,风太大，没听清嗯,今天天气很好哈,你猜我是不是呀哈,你是不是有病呀嗯,你管我是不是嗯,你又是谁哈,你哪个哈,你先说你是哪个哈,哼哼嗯,哈哈嗯,嗯，我认识嗯,我是他哥哈,待会我让他回你哈,他正在开车嗯,认求不到哈,哪个呀？嗯,哪个哟嗯,你说哪个？嗯,再说一次哈,晓得哈,不认识嗯,没听说过哈,怎么可能有人起这种名字呢，太难听了哈,哪个哟，我想哈哈,没听过喃哈,认求不到哦嗯,不晓得是哪个喃哈,你说的是张三么嗯,没听请，再说一次嗯,不晓得嗯,风太大，没听清嗯,今天天气很好嗯,你猜我是不是呀嗯,你是不是有病呀嗯,你管我是不是哈,你又是谁嗯,你哪个哈,你先说你是哪个嗯,哼哼嗯,哈哈嗯,我丢工作了哈,我媳妇前段时间生小孩嗯,我妈妈也住院了嗯,实在没有钱嗯,我家人出事了哈,我都吃不起饭了哈,确实拿不出这个钱哈,没得钱咋办喃哈,缓缓行不行嗯,这哈没得钱了嗯,我不欠钱嗯,你找错人了哈,这个是我朋友用我的身份证办的哈,和我没有关系嗯,我没借这么多哈,哪个变这么多了哈,哪们变这么多了嗯,你们哪个不去抢嗯,我啥时候借钱了哈,你凭啥说我欠钱了嗯,你再说一次嗯,今天天气真好哈,利息是怎么算的哈,啥子哦哈,你管我啥子原因哈,没求得钱啥，你是不是傻哈,嘿嘿嘿嗯,神经病哈,脑子有病吧哈,世界这么大，我想去看看嗯,这个金额太高了嗯,能少还一点吗哈,我可以先还一部分么嗯,少点啥嗯,有莫得少嗯,好高啊嗯,太高了噻嗯,少整点嘛嗯,分期咋算安嗯,我要分期还哈,可以的嗯,没问题嗯,我有的是钱哈,我等会就处理哈,我明天就处理嗯,我过两个月就还嗯,明天还嗯,一哈儿就还嗯,搞忘了，马上嗯,好的哈,我今天还不了哈,我明天不能还嗯,想让我还钱，等到下辈子吧嗯,我没得钱哪们还嗯,还求不了哈,实在没得钱哈,不还会咋样嗯,还不起了哈,真的没得钱嗯,不行哈,我听不清你说的啥子哈,在开会你等会打来可不可以哈,凉风有信哈,秋月无边嗯,啥子情况哦嗯,呵呵哈,你们简直是高利贷哦哈,我要去举报你们哈,真的吗嗯,你们还有点歪哦哈,可以嗯,"我同意,这样子我就还的起了，谢谢你嗯",这样的话没问题嗯,谢谢，那我下周肯定能还上哈,这样的话我明天就还嗯,那要得嘛嗯,那敢情好嗯,这个没问题嗯,好好好要得哈,我觉得没问题嗯,但还是太多了哈,我实在没那么多钱，我还在住院嗯,我实在没那么多钱，我老婆辞职了嗯,还可以再减免一些么嗯,我今天还不了嗯,这个欠款还是太多了哈,我这个月肯定没钱哈,再少点噻哈,能不能再少点哈,确实还不起了哈,我想出去走一走，看看这个大世界嗯,回忆总想哭，一个人太孤独嗯,一杯敬朝阳，一环敬月光哈,宽恕我的平凡哈,我先问个问题嗯,出问题经过大脑嗯,操嗯,我觉得你有毛病嗯,这么求多问题嗯,不晓得说啥子了哈,xx款，我可以还先还哈,这部分我还的起哈,那好，我月底给你交钱嗯,这样的话我明天还哈,要得嘛，先还嗯,这可以，延期好久嗯,这部分可以，延期到好久哈,先还那部分嘛，剩下的不行嗯,可以先还，但是剩下的没钱了哈,好的好的，这个可以哈,可以少还一点哈,可以再延期久一点么哈,我今天还不了，我现在真的没有钱哈,减免太少了，能在多减免一下么，实在还不了哈,多减点噻，一点诚意者莫得哈,多减点噻，一点诚意者没得哈,你再多减点噻，一点诚意者莫得哈,你再多减点噻，一点诚意者没得嗯,我算哈钱，好像不够，再少点行不行嗯,我算哈钱，好像不够，再少点可不可以哈,我现在不方便，空了再说嗯,我现在不方便，空了吹嗯,钱钱钱，命相连嗯,我想一哈哈,我再多想一哈哈,我算一哈钱哈,为什么你们要逼我嗯,好恶心，想吐嗯,这样是没有意义的嗯,去不到终点，就回到原点嗯,,,,,,,,,,,,,,,,,,,,,,,,,,,,,,
5,6/25/18 11:32,118.116.19.113-成都,非常十分的不好意思，他现在在国外休假,不是,我不是,你打错了吧,我不是，你打错了吧,我是他朋友,不是，我是他同事,我不是，有什么事我可以转告,我不是，他正忙，一会给你回过来,我叫他给你回电话,是的,对,是我,对，我是,嗯，我是,你找我有什么事？,对，我是。请问你是？,对，是我，我现在有事，待会给你打过来,额，是我，有什么事？,嗯，有事请讲。,你说什么?,我这里太吵了，听不清楚,这雨真大,风太大了，我听不清楚你那边,我也不知道我是谁,你猜,你是谁？,我先唱一首歌吧,你觉得我是不是呢？,你听我声音像不像呢？,哦，我认识,XX吗，我认识,认识,认识啊，我是他同学,认识啊，我是他同事,认识啊，我是他最好的朋友,当然认识咯,他正在开车，你一会打过来吧,他现在不在，我叫他一会给你回过来,他很忙，你一会再打吧,不认识,不认识，你打错了,XX是谁，我不认识,我从不认识XX,没听说过这个人,没听说过,我从不认识XX，你是不是打错了,不认识，你不要再打了,不认识，XX是谁,我已经跟你说了我不认识,今天天气好晴朗，处处好风光,先来一首五环之歌吧,你猜,你说的是哪一个XXX,那么多XXX，你说的是哪一个,我不想说,我很亲切,啊，五环，你不四环多一环,啊，五环，你不六环少一环,你要请我看电影吗,我忘记这回事了,我能说我忘记了吗,我实在没钱还了,没钱,我不想还了,我其实就是不想还,我忘记了，没收到手机短信,换手机号码了，没收到信息,我准备第3个月还啊,我故意的,你打错了吧，我根本没有借钱,我从没有借过好不好,你是骗子吧,什么2万元，没有的事,我早就还清了，好不好,你找错人了吧,不好意思，我从没有借款,我什么时候借了2万元,我不记得我什么时候有借钱,那2万2个月前我就还了，哪有逾期,喂喂，你说什么,你说什么,这个利息是怎么算的呢,我数学不好,滞纳金是什么意思,抱一抱，就当做从没借款2万,大雨即将来临,说散就散,六一儿童节快乐,春暖花开,能先还一部分吗,我实在没那么多钱，能先还一部分吗,我实在没那么多钱，能少还一点吗,能减免滞纳金吗,滞纳金能免了吗,我只够还本金，能免去利息和滞纳金吗,能减免部分利息吗,利息能免了吗,利息太高了，能减免部分吗,利息太高了，能不能减免部分？,好的，没问题,好的,没问题,我马上处理,我明天就还,用不了等到X号，我现在就还,我保证X号之前还清,X号是吧，没问题,好的，我一定注意时间,这没问题,X号太紧急了，还不了,我没那么多钱，还不了,x号之前还不了,x号之前还不了，继续欠下去吧,我实在没有办法,我办不到啊,x号之前还是不可能的,催的太紧了，无法还款,能再宽限几个月吗，实在没钱,能再宽限几年吗，实在没钱,不好意思，我很忙,不好意思，我正在开会,你说什么，我听不清楚,喂喂，请说话,我想回家,你拨打的电话不在服务区,你拨打的电话已关机,能请我看一场电影吗,先请我吃饭,天太热了,太可以了,我同意,能减免利息我就可以还了,可以，你太好了,没问题,能减免利息就没问题了,可以，我马上就还,真的太好了，我一定在X天内还,真的太好了，我保证在X天内还,这样的话我明天就还,但是本金还是太多了，还不了,我还是还不起啊,能再减一部分本金吗,能再有诚意一点吗,看来你是不想我还了,再少一点吧,我实在拿不出那么多钱,减了利息欠款还是太多了,把利息减了也没什么用啊,利息才多少，再减部分本金吧,我不知道你在想什么,还是那个地点那条街,你看过侏罗纪世界吗,利息一共多少钱,不是说好的没有利息吗,我不知道你在说什么,我想请你吃饭,我想请你看电影,我不知道该说什么好,你还要我怎样,可以,好的,没问题,就这样吧,我马上就还,这样的话我现在就还,好，就按你说的办,好，就这样说定了,好，我同意,我同意,这部分我也还不起啊,对不起，我还不了,不可以,对不起，不可以,我做不到,可以再宽限几日吗,我做不到，除非再少还一点,不可以，我实在没钱了,可以在少一点吗,不可以，有钱了我自然会还,你的背包，背到现在还没烂,这样有意思吗,这样有意义吗,真的想吐了,我想吐槽,答案想得头疼,一上午的时间就浪费了,我的任务都没有完成的呢,你能不能想一下其他方法,终于完了,,,,,,,,,,,,,,,,,,,,,,,,,,,,,,
6,6/25/18 11:36,118.116.19.114-成都,你打错了哈哈哈,你哪个？不要乱打哈哈哈,有毛病哈哈哈,他正在开车没意思,我不是没意思,你找错人了哈哈哈,我不是哈，你打错了哈哈哈,我不是的哈没意思,看清楚再打嘛哈哈哈,打错了哈哈哈,是我哈哈哈,有啥子事没意思,什么事哈哈哈,恩恩，找我有什么事情么没意思,嗯，我是没意思,对，是我哈哈哈,我现在忙，一会儿再说哈哈哈,请说没意思,有事就说没意思,我正在上班，下班后再联系可以吧没意思,哼哼哈哈哈,你又是谁哈哈哈,你哪个哈哈哈,你猜我是不是呀没意思,风太大，没听清哈哈哈,今天天气很好没意思,你管我是不是没意思,哈哈哈哈哈,你先说你是哪个没意思,你是不是有病呀哈哈哈,再说一次哈哈哈,哪个呀？哈哈哈,哪个哟哈哈哈,待会我让他回你哈哈哈,嗯，我认识哈哈哈,我是他哥没意思,认求不到没意思,晓得哈哈哈,你说哪个？哈哈哈,他正在开车没意思,没听请，再说一次哈哈哈,认求不到哦哈哈哈,不晓得是哪个喃哈哈哈,怎么可能有人起这种名字呢，太难听了哈哈哈,不认识哈哈哈,没听说过哈哈哈,没听过喃哈哈哈,不晓得没意思,你说的是张三么没意思,哪个哟，我想哈没意思,哼哼哈哈哈,你又是谁哈哈哈,你哪个哈哈哈,你猜我是不是呀没意思,风太大，没听清没意思,今天天气很好哈哈哈,你管我是不是哈哈哈,哈哈哈哈哈,你先说你是哪个没意思,你是不是有病呀没意思,缓缓行不行哈哈哈,我都吃不起饭了没意思,确实拿不出这个钱哈哈哈,我妈妈也住院了哈哈哈,我丢工作了没意思,我媳妇前段时间生小孩哈哈哈,我家人出事了没意思,这哈没得钱了没意思,没得钱咋办喃没意思,实在没有钱没意思,我啥时候借钱了哈哈哈,哪个变这么多了没意思,哪们变这么多了哈哈哈,这个是我朋友用我的身份证办的哈哈哈,我不欠钱哈哈哈,你找错人了没意思,我没借这么多没意思,你凭啥说我欠钱了哈哈哈,你们哪个不去抢哈哈哈,和我没有关系哈哈哈,脑子有病吧没意思,没求得钱啥，你是不是傻哈哈哈,嘿嘿嘿哈哈哈,利息是怎么算的哈哈哈,你再说一次哈哈哈,今天天气真好哈哈哈,你管我啥子原因没意思,世界这么大，我想去看看没意思,神经病没意思,啥子哦没意思,分期咋算安没意思,好高啊哈哈哈,太高了噻没意思,我可以先还一部分么没意思,这个金额太高了哈哈哈,能少还一点吗哈哈哈,有莫得少没意思,我要分期还哈哈哈,少整点嘛没意思,少点啥没意思,搞忘了，马上哈哈哈,我过两个月就还哈哈哈,明天还哈哈哈,我有的是钱哈哈哈,可以的没意思,没问题没意思,我明天就处理哈哈哈,好的哈哈哈,一哈儿就还哈哈哈,我等会就处理没意思,真的没得钱没意思,实在没得钱没意思,不还会咋样没意思,想让我还钱，等到下辈子吧哈哈哈,我今天还不了哈哈哈,我明天不能还没意思,还求不了哈哈哈,不行没意思,还不起了哈哈哈,我没得钱哪们还哈哈哈,真的吗没意思,呵呵没意思,你们简直是高利贷哦没意思,凉风有信没意思,我听不清你说的啥子没意思,在开会你等会打来可不可以没意思,啥子情况哦哈哈哈,你们还有点歪哦没意思,我要去举报你们哈哈哈,秋月无边没意思,好好好要得哈哈哈,那要得嘛哈哈哈,那敢情好哈哈哈,这样的话没问题没意思,可以没意思,"我同意,这样子我就还的起了，谢谢你哈哈哈",这样的话我明天就还没意思,我觉得没问题没意思,这个没问题哈哈哈,谢谢，那我下周肯定能还上没意思,能不能再少点哈哈哈,这个欠款还是太多了没意思,我这个月肯定没钱哈哈哈,我实在没那么多钱，我老婆辞职了哈哈哈,但还是太多了没意思,我实在没那么多钱，我还在住院没意思,我今天还不了哈哈哈,确实还不起了哈哈哈,再少点噻哈哈哈,还可以再减免一些么没意思,这么求多问题没意思,出问题经过大脑哈哈哈,操没意思,一杯敬朝阳，一环敬月光哈哈哈,我想出去走一走，看看这个大世界哈哈哈,回忆总想哭，一个人太孤独没意思,我先问个问题没意思,不晓得说啥子了哈哈哈,我觉得你有毛病没意思,宽恕我的平凡哈哈哈,可以先还，但是剩下的没钱了哈哈哈,这可以，延期好久哈哈哈,这部分可以，延期到好久没意思,那好，我月底给你交钱没意思,xx款，我可以还先还哈哈哈,这部分我还的起没意思,要得嘛，先还哈哈哈,好的好的，这个可以哈哈哈,先还那部分嘛，剩下的不行没意思,这样的话我明天还没意思,我算哈钱，好像不够，再少点行不行哈哈哈,多减点噻，一点诚意者没得没意思,你再多减点噻，一点诚意者莫得没意思,我今天还不了，我现在真的没有钱没意思,可以少还一点没意思,可以再延期久一点么没意思,多减点噻，一点诚意者莫得没意思,我算哈钱，好像不够，再少点可不可以哈哈哈,你再多减点噻，一点诚意者没得没意思,减免太少了，能在多减免一下么，实在还不了哈哈哈,这样是没有意义的没意思,我算一哈钱哈哈哈,为什么你们要逼我没意思,钱钱钱，命相连哈哈哈,我现在不方便，空了再说哈哈哈,我现在不方便，空了吹哈哈哈,我再多想一哈哈哈哈,去不到终点，就回到原点哈哈哈,好恶心，想吐没意思,我想一哈没意思,,,,,,,,,,,,,,,,,,,,,,,,,,,,,,
7,6/25/18 11:50,118.116.19.113-成都,不是，他手机忘我这了。,不是，他手机忘我这了。,不是，他手机忘我这了。,不是，他手机忘我这了。,不是，他手机忘我这了。,不是，他手机忘我这了。,不是，他手机忘我这了。,不是，他手机忘我这了。,不是，他手机忘我这了。,不是，他手机忘我这了。,啊，是的，你是谁？,啊，是的，你是谁？,啊，是的，你是谁？,啊，是的，你是谁？,啊，是的，你是谁？,啊，是的，你是谁？,啊，是的，你是谁？,啊，是的，你是谁？,啊，是的，你是谁？,啊，是的，你是谁？,你说什么？,你说啥子？,没听清楚。,等一下。,等哈。,等哈。,等哈。,等哈。,等哈。,等哈。,必须的啊，我跟他同一条裤子穿。,必须的啊，我跟他同一条裤子穿。,必须的啊，我跟他同一条裤子穿。,必须的啊，我跟他同一条裤子穿。,必须的啊，我跟他同一条裤子穿。,必须的啊，我跟他同一条裤子穿。,必须的啊，我跟他同一条裤子穿。,必须的啊，我跟他同一条裤子穿。,必须的啊，我跟他同一条裤子穿。,必须的啊，我跟他同一条裤子穿。,谁？听都没有听过哦。,谁？听都没有听过哦。,谁？听都没有听过哦。,谁？听都没有听过哦。,谁？听都没有听过哦。,谁？听都没有听过哦。,谁？听都没有听过哦。,谁？听都没有听过哦。,谁？听都没有听过哦。,谁？听都没有听过哦。,嗯？我这信号不好，你再说一遍。,嗯？我这信号不好，你再说一遍。,嗯？我这信号不好，你再说一遍。,嗯？我这信号不好，你再说一遍。,嗯？我这信号不好，你再说一遍。,嗯？我这信号不好，你再说一遍。,嗯？我这信号不好，你再说一遍。,嗯？我这信号不好，你再说一遍。,嗯？我这信号不好，你再说一遍。,嗯？我这信号不好，你再说一遍。,炒股亏完了，没钱。,炒股亏完了，没钱。,炒股亏完了，没钱。,炒股亏完了，没钱。,炒股亏完了，没钱。,炒股亏完了，没钱。,炒股亏完了，没钱。,炒股亏完了，没钱。,炒股亏完了，没钱。,炒股亏完了，没钱。,欠毛哦，你乱说啥子哦。,欠毛哦，你乱说啥子哦。,欠毛哦，你乱说啥子哦。,欠毛哦，你乱说啥子哦。,欠毛哦，你乱说啥子哦。,欠毛哦，你乱说啥子哦。,欠毛哦，你乱说啥子哦。,欠毛哦，你乱说啥子哦。,欠毛哦，你乱说啥子哦。,欠毛哦，你乱说啥子哦。,骗子，给老子滚。,骗子，给老子滚。,骗子，给老子滚。,骗子，给老子滚。,骗子，给老子滚。,骗子，给老子滚。,骗子，给老子滚。,骗子，给老子滚。,骗子，给老子滚。,骗子，给老子滚。,没办法啊，我现在没这么多钱，能不能暂时少还一些。,没办法啊，我现在没这么多钱，能不能暂时少还一些。,没办法啊，我现在没这么多钱，能不能暂时少还一些。,没办法啊，我现在没这么多钱，能不能暂时少还一些。,没办法啊，我现在没这么多钱，能不能暂时少还一些。,没办法啊，我现在没这么多钱，能不能暂时少还一些。,没办法啊，我现在没这么多钱，能不能暂时少还一些。,没办法啊，我现在没这么多钱，能不能暂时少还一些。,没办法啊，我现在没这么多钱，能不能暂时少还一些。,没办法啊，我现在没这么多钱，能不能暂时少还一些。,等会哈，忘记了，今天下班我就还。,等会哈，忘记了，今天下班我就还。,等会哈，忘记了，今天下班我就还。,等会哈，忘记了，今天下班我就还。,等会哈，忘记了，今天下班我就还。,等会哈，忘记了，今天下班我就还。,等会哈，忘记了，今天下班我就还。,等会哈，忘记了，今天下班我就还。,等会哈，忘记了，今天下班我就还。,等会哈，忘记了，今天下班我就还。,要钱没有，要命过来拿。,要钱没有，要命过来拿。,要钱没有，要命过来拿。,要钱没有，要命过来拿。,要钱没有，要命过来拿。,要钱没有，要命过来拿。,要钱没有，要命过来拿。,要钱没有，要命过来拿。,要钱没有，要命过来拿。,要钱没有，要命过来拿。,爬！,爬！,爬！,爬！,爬！,爬！,爬！,爬！,爬！,爬！,还可以这样呀？可以，没问题。,还可以这样呀？可以，没问题。,还可以这样呀？可以，没问题。,还可以这样呀？可以，没问题。,还可以这样呀？可以，没问题。,还可以这样呀？可以，没问题。,还可以这样呀？可以，没问题。,还可以这样呀？可以，没问题。,还可以这样呀？可以，没问题。,还可以这样呀？可以，没问题。,你这个还是多啊，还有没有其他方案？,你这个还是多啊，还有没有其他方案？,你这个还是多啊，还有没有其他方案？,你这个还是多啊，还有没有其他方案？,你这个还是多啊，还有没有其他方案？,你这个还是多啊，还有没有其他方案？,你这个还是多啊，还有没有其他方案？,你这个还是多啊，还有没有其他方案？,你这个还是多啊，还有没有其他方案？,你这个还是多啊，还有没有其他方案？,喂？你说啥？听不清楚。,喂？你说啥？听不清楚。,喂？你说啥？听不清楚。,喂？你说啥？听不清楚。,喂？你说啥？听不清楚。,喂？你说啥？听不清楚。,喂？你说啥？听不清楚。,喂？你说啥？听不清楚。,喂？你说啥？听不清楚。,喂？你说啥？听不清楚。,妥！这样最好。,妥！这样最好。,妥！这样最好。,妥！这样最好。,妥！这样最好。,妥！这样最好。,妥！这样最好。,妥！这样最好。,妥！这样最好。,妥！这样最好。,大哥，我真没办法啊，饭都吃不起了。,大哥，我真没办法啊，饭都吃不起了。,大哥，我真没办法啊，饭都吃不起了。,大哥，我真没办法啊，饭都吃不起了。,大哥，我真没办法啊，饭都吃不起了。,大哥，我真没办法啊，饭都吃不起了。,大哥，我真没办法啊，饭都吃不起了。,大哥，我真没办法啊，饭都吃不起了。,大哥，我真没办法啊，饭都吃不起了。,大哥，我真没办法啊，饭都吃不起了。,不好意思，我开会了。,不好意思，我开会了。,不好意思，我开会了。,不好意思，我开会了。,不好意思，我开会了。,不好意思，我开会了。,不好意思，我开会了。,不好意思，我开会了。,不好意思，我开会了。,不好意思，我开会了。,,,,,,,,,,,,,,,,,,,,,,,,,,,,,,
8,6/25/18 11:54,118.116.19.118-成都,不,不是,开车啦,忙,没时间,不是的,不认识,不知道,没听过这个人,不晓得,嗯,是,是的,是的啊,呵呵,嗯……,哼，是的,晓得,爪子,干嘛,听不见,你猜,你猜吧,你觉得啦。,你不认识我？,我你都不认识啦？,关你屁事,哼,啊？,哈哈？,认识,认识哦,晓得,知道啊,我哥哥,那是我姐姐,他在开车,我等会联系你,他在忙啦,他不在这边,不认识,认不到,俺不知道,嗯，不认识,这名字好搞笑,呵呵,骗子,你是谁,骗人的吧,我你都不认识啦？,听不清楚,你再说一遍,对不起，没听清楚,不知道,今天天气好,你难道只问这个？,李四？,张三？,不晓得,好吵哦,没钱啊,忘记了，不好意思,最近太忙，忘记了,生活困难，这个月还太了,你等我这个月来还吧,确实没钱,生活困难,我就是不想还,没法还,困难,真的吗？,我不欠谁的,不是我借的,我的账户被盗了,找错人了,和我没关系，朋友借的,你的利息不对,钱不对,0不差钱,呵呵,天气,吃饭了,我忙了,正在开会,滴滴,好大的风，听不见了，挂了,利息给我算一遍,好吵,不对哦,嗯嗯,可以先还部分,暂时不还可以不,我下个月累加还,少点,太多了哦,感觉不对啦,太贵了,利息很多,减免点呗,没钱,好,明天处理,那是处理,不急嘛，我有钱,除了钱，我什么都没了,要还的,好，过两天发给你,我确认一下，再还,嗯，正确，还钱了,嗯嗯,没钱,等吧,还钱，没门,要钱没得，要命一条,还钱，？这辈子都不可能,今天还不了,等吧，会换的,呵呵,滚，没钱,还个屁哦,开会，忙,等会回复,嗯,开车啦,呵呵,好吧,吃饭了,吵得很，挂了,什么鬼,烦,可以还了,谢了，真好,这就对了，有钱还了,还嘛,还钱还是可以耍哈,利息都能免,再给我少点钱嘛，邛,哈哈,真的？,漂亮,没钱,失业了,待职,太多了,数目不对,说个串串哦,好,嗯,漂亮,对,不晓得,嗯,哥在不,3,啊,呵呵,呵呵,哏哏,对不,牛逼,嗯,可以的,还的了,好的,这就对了,妈的，q,漂亮,这就好了,可以弄了,还的,不,没钱,可少点？,嗯,的,啊,哈哈,嗯嗯,哼,便宜,哈哈,有了,挂掉,拜拜,忙了,有钱人,股民朋友吗,你就pause,嗯嗯,哈哈,,,,,,,,,,,,,,,,,,,,,,,,,,,,,,
9,6/25/18 16:15,118.116.19.114-成都,我是张亮,你打错了,不是的,不,no,他回家了,他在上班,我是他爱人,我是他家人,我是他爸,怎么了,有事吗,啊，对,干嘛,我在加班,我在洗澡,等一会嘛,一会儿再打过来吧,一会儿再说,在忙,你是哪里啊,不要再打过来了,谁谁谁,你哪里的,喂喂喂,可能啊,看,啥,啥子嘛,不知道,认识,知道,怎么啦,我是他爱人,我是他老婆,我是他婆娘,我是他老公,我是他儿子,我是他女儿,我是他弟弟,谁，不知道,不认识,没听过,他是谁,谁啊，不认识,不,no,没人认识,啥子嘛，不认识,我哪知道,你哪里,你干什么的,你说什么,你要干什么,你哪里的,不要打了,烦不烦,加班呢,喂喂喂,啥子,我忘记了,最近手头有点紧,手头没钱,都尿血了,下个月的吧,最近没钱,明天还,知道了,我会还的，现在不行,没有,没有那么多吧,根本没那么回事,你打错了吧,根本不是,你找错人了,别人吧，不是我,不是我,你是不是弄错了,不可能,不是吧,啥玩意,2万几,你说啥,我在洗澡,我在加班,一会儿再打吧,别打过来了,what,你哪里,啥,金额太高了,能少点嘛,我先还一部分行吗,宽限一段时间吧,我先还利息可以嘛,我还利息行吗,我只能还一部分,我还6000行吗,我只能还一半,一半行吗,可以,行,没说不还,我明天就处理,知道了,等会的啊，就处理,6个月还清,行啊,还还还,可以的，没问题,我换不了,他死啦,死啦,他坐牢了,不还了,就不还,换不了的,就不还了怎么样,欠钱的是大爷,不还就不还,不知道,不要打了,什么,啥子,啥,what,几号,钱多少,多少,哎,可以,这样还行,可以的啊,感谢,这么说定了,可以可以,那就这样,这样就一定还,挺好,可以哦,还是不行,不行,还是挺多,不能再少啦,再少一些吧,这样还是不行,可能还是不行,不行哦,没钱,这个月还是不行,啥子,什么,钱，什么啊啊,等一会,我想想,我和他说,一会儿打给你,等会儿啊,我商量一下,我看一下,可以太好了,这么说定了,可以,OK,那就这么说定了,说定喽,感谢啊,你是我的恩人啊,好的,好好好,还是不行,不能少了嘛,钱还没有少啊,可以再延期吗,可能还是不行,不要的,不行的啊,不,实在还不了,还不了啊还不了,啥,我想象一下,我想想,我看看,看看吧,你先申请着,一会儿再打吧,一会儿我给你打过去,不太方便,开会了,,,,,,,,,,,,,,,,,,,,,,,,,,,,,,
10,6/25/18 16:46,118.116.19.118-成都,不是俺,俺不是,俺不认识,俺不知道,他是俺弟,她是俺妹,她是俺姐,他是俺哥,他是俺爹,她是俺娘,是俺,俺就是,找俺啥事儿,嗯，你是谁？,嗯，你哪位？,对，你是谁？,对，你哪位？,是，你是谁？,是，你哪位？,是，你哪里？,俺电话信号不好,俺这里信号不好,俺信号撇,俺信号差,俺认识你么？,俺不认识你,俺不空,俺在开会,俺忙着呢,俺很忙,俺是他爹,俺是他妈,俺是他娘,俺是他爸,俺是他妹,俺是他姐,俺是他哥,俺是他弟,俺是他叔,俺是他姨,俺不认识,俺不认识啊,俺不认识呢,俺不认识哟,俺不认识哩,俺不晓得,俺不晓得啊,俺不晓得呢,俺不晓得哟,俺不晓得哩,巴西赢了,法国赢了,意大利赢了,德国赢了,阿根廷赢了,智利赢了,葡萄牙赢了,西班牙赢了,瑞士赢了,英格兰赢了,俺没钱,俺妹把钱借去了,俺哥把钱借去了,俺娘把钱借去了,俺爹把钱借去了,俺叔把钱借去了,俺婶把钱借去了,俺闺蜜把钱借去了,俺兄弟把钱借去了,俺哥们儿把钱借去了,胡说,瞎说,乱说,胡扯,瞎扯,瞎扯淡,嫩瞎说,嫩瞎扯,嫩乱说,嫩瞎扯淡,啊,哦,嗯,喂,噢,喔,嗷,咦,呵呵,呦,俺木有这么多钱，能少给点么,俺木有这么多钱，能少还点不,俺木有这么多钱，肿么办,俺木有这么多钱啊,俺木有这么多钱噢,俺木有这么多钱哦,俺木有这么多钱呢,俺木有这么多钱呀,俺木有这么多钱啦,俺木有这么多钱哩,莫问题,俺待会儿就办,俺马上办,俺马上办嘛,俺待会儿就办嘛,俺明天办,俺今天办,俺下午办,俺中午办,俺晚上办,不得行,不还,不要,不可以,不想还,不,不好,不行,不可能,不妥,啊,哦,嗯,呀,喂,呦,唷,吁,咦,咩,呀，嫩是好人呢,呀，嫩真好呀,呀，谢谢嫩,呀，谢谢嫩,唷，谢谢嫩,哟，谢谢嫩,嗯，谢谢嫩,嗯，嫩真好,哟，嫩真好,咦，嫩真好,俺木有,俺米得,俺拿不出来,俺没发工资,俺家穷,俺过段时间才有,俺现在木有,俺现在拿不出来,俺现在没有,俺是在没有,世界杯,巴西赢了,韩国赢了,英格兰赢了,日本赢了,德国赢了,墨西哥赢了,瑞士赢了,伊朗赢了,瑞典赢了,俺今儿就还,俺明儿还,俺过两天还,俺一定还,俺肯定还,俺绝对还,俺可以还,俺会还,俺要还,还吧,俺不还,俺不想还,俺不能还,俺不可以还,俺还不了,俺怎么还,俺肿么还,俺不会还,俺不得还,不还不还就不还,巴西输了,德国输了,意大利输了,荷兰输了,葡萄牙输了,西班牙输了,埃及输了,比利时输了,法国输了,英格兰输了,,,,,,,,,,,,,,,,,,,,,,,,,,,,,,
11,6/25/18 17:05,118.116.19.114-成都,不是啊,不对啊,找错了,你错了,错了吧,擦,错了,有病吧,怎么回事,不是,是,嗯,嗯嗯,我是,我就是,咋啦,啥事,再说,一会联系,知道了,啥,啥啊,说啥啊,你说呢,你测试下,不知道,不好说,不说,不知道啊,不知,嗯知道,嗯认识,嗯知道啊,知道,知道啊,我知道啊,肯定知道,肯定知道啊,我给他说,我找他,不认识啊,不知道,不知,不好说,没听说,没听过,不可能知道,怎么会知道,听名字不错,不知道啊啊啊,嗯嗯,嗯嗯额,忙呢,你谁,你谁啊,你是谁啊,下雨了,不好说,名字呢,再说次,没钱,没钱啊,没发工资,老板跑了,赌球输了,你说呢,读书了,搬砖没钱,吃饭了,都吃饭了,没钱钱,我没借钱,还早吧,找错饿了,啊,你确定,你确定吗,朋友借的,我不知道,操,咋了,好说,啊,我报警,报警了,不可能的,不可能还的,高利贷吧,我报警了,你再说,少点吧,便宜点,少点,多少,吃饭都不够,不可能,你少点,先还点吧,我只有一点,哈哈，只有100,好,还,我还,得，还,吃饭钱还,明天还,发工资还,哈哈还,等不急了，还,还了,没钱,没钱钱,哈哈，你菜,你猜,赌赢了，就还,怎么可能,还是不会还了,你说呢,你贵姓,哈哈,啊,嗷嗷,吃饭,吃饭呢,开会,开会呢,路上呢,飞机上,做火车呢,啊啊啊,好,可以,没问题,早该,没问题a,下周吧,下周还,应该可以,还得起,还还,还是膴钱,没钱,啥呢,没用,没啊,没用啊,没啊啊,怎么可能,今天不行,肯定没有,啊,说啥,说啥啊,没有,其他人的,看到到电视,天气不错,我是他客人,我不知道,不知道,好,可以,是可以,我觉得可以,这个可以,这个行,行啊,我可以,哈哈，可以,哈 好啊,不行,再酒店,长一点,再来一个月,还是不行,没钱啊,吃饭怎么办,我  今天不行,再少点,少点,不理解,不知道,吃饭呢,说啥呢,你这个不好理解,我怎么知道,我不听,你说呢,听不到,一会说,,,,,,,,,,,,,,,,,,,,,,,,,,,,,,
12,6/25/18 17:08,118.116.19.118-成都,我真的不是本人,已经告诉过你我不是本人了，怎么还一直问,我是二大爷,打错电话了,顶你个肺，找错人了,不要再来伤害我,你才是女士,你才是先生,你才是王二狗,此人不在,嗯,就是,是的，啥事,是我，干嘛,就是，你是哪个幺儿,有什么事情快说,就是我，你找对人了,有事快说有屁快放,我就是你大哥，怎么先想起给我打电话了,嗯，你猜对了,天在下雨,打雷了,下雨了,快收衣服了,明天再来看你们,现在很忙，双手不空,气温已经到了34度，你们要注意保温,昨天我订的那只兔子快点给我送过来,明天我再过来，今天没时间了,天亮了再说话，现在天黑起的,认识的,我是他哥,我是他舅舅，你是谁,他高考去了，晚点再打来,他出差去了，明天再打来,不认识，才怪,这个龟孙，我也找他很久了,他在哪里？你们知道不？我也正在找他呢,这个人化成灰我也认识,认识这个人你们找他？,不认识,没听过,听都没听过这个名字，更不用说认识了,不晓得哪里来的人,我只认识李大嘴,名字太奇怪，不认识,印象里没认识过这个人,从来没听过名字,但愿我能结交到拥有这样美好名字的人,天知道这个人是谁啊,天晴了,下雨了,风来了,吃饭了,睡觉了,打豆豆了,人血馒头不好吃,央行降准了,克罗地亚大败阿根廷,昨天的彩票没有中，今天继续买,原因就是我不想还钱,借钱的时候就没想过还要还的,另外的贷款还没下来，拿什么还？,你们的利息太高了,我以为有人帮我还了,不知道改怎么还,你们的app被我卸载了,忘记用户名密码了,太忙，忘记还了,江南皮革厂倒闭了，老板带着小姨子跑路了，我拿什么还？,你们是谁？我怕没借过钱,我借过钱。但是已经还了,我没借过你们的钱,我只借了2千，2万是什么鬼，滚开,骗子，不要再打给我了，我没借钱,我欠什么都不会欠钱，不要再骗我了,只有别人借我钱，我从不借别人钱,我不欠钱,没有欠过帐，那点钱早就还过了,我只借过100，早还清了,呵呵,哈哈,嘿嘿,嘻嘻,可可,乐乐,好累,好叻,你走开,你打我孙，我打你爸,钱太多了，还不起，少点还可以考虑,我可以先还百分之一吗？,这么多钱，我这一辈子也还不起了，能少还点吗,身上只有100块烟钱了，怎么还？只能还100,没这么多钱，你们给个最低还款标准吧,还不起，你们能少多少？,给个最优惠金额，我看看能接受不,这是在抢钱，把利息免了吧,我能申请减免吗？要被实在没法还,减少一半，我就能还得起了,嗯,可以,没问题,明天还,下午就还,马上就还,天黑了就还,下班了就还,吃饭了就还,下车了就还,没钱还,还不了,不会还了,然而我并还不了,可是我无法达到你的要求,没能力还了，现在饭都吃不起了，你们去告我吧,我也正式告诉你，还不了,没法活了，不还了,你们还真是睁眼说瞎话，做梦去吧,对这么无理的要求，请恕我无法满足,风太大,雨太大,暴风雨太大,等我躲过了这场洪水再说吧,明天再说吧，今天没时间了,可惜不是你,今生无缘，来世再见,没毛病666,没办法，明天来,可能是我在做梦吧,可以,要的,没问题,这个时间还可以,嗯，早该这样我就还了,认真的告诉你们，这个请求我接受了,对于这么无理的要求，我也只能勉强接受了,早知道可以免利息，我就多借点了，明天就还你们,只要不影响征信，免了利息我就可以还了,可以还的，这么点钱,还是没钱还啊,没钱还的，有钱还我也不会好你们借钱了,大家都是靠运气吃饭，你们就去找下一个倒霉鬼吧,时间太紧了，还不起,抱歉，还不了这么多钱,不接受你们的无理要求，我要还全款,免了利息还是还不起,请恕我无能为力,老实说，你们就是再免一半也还不了,不如你们把本金也免了吧，这样我就还得起了,下雨了,打雷了,出太阳了,收衣服了,吃饭了,睡觉了,起床了,收人了,招人了,离职了,可以还,到期之前，一定还,没问题的，到时候就还,可以的，这个时间段内可以还了,对的时间，对的金额，对的我，还得起,"没问题,可以",可以的，一定还，你们都这么有诚意了，我也会的,这点小钱我还是可以还的,"没问题,明天就还了",这么好，太感动了，一定一定还,还是不行哦,然并卵,依然还不了,再少三分之二金额吧,可以还得了啊，你在开玩笑吧,延期得不够诚意啊，不和你们玩了,不行得，还是太多了,还得起我早就还了，不用等到现在了，再延期也没用得,不好意思，我依然没办法还了,"时间太短了，金额还是很大,不行的",天太热,好冷,人太多了,透不过气来,汽车还多啊,人人都在闹,我还说些啥呢,没得什么好说的,可不可以不要闹,不说了哦,,,,,,,,,,,,,,,,,,,,,,,,,,,,,,
13,6/25/18 17:11,118.116.19.118-成都,不是,我不是,你打错了,你找错人了,（直接挂断）不予回复,神经病哇,有病,你不知道你找谁哇,找错了,打错了,嗯,什么事？,爪子？,说，什么事？,哪个？,你哪个？,你干嘛的？,我是，你哪里？,哪个找我？,对，是我,你打我电话不知道我是谁？,你说我是不是？,你觉得我是，我就是呗,你说呢？,不知道我是谁，给我打什么电话？,你找他干什么？,听不清,我现在不方便接听电话,什么？你说啥？,呃，什么什么,嗯,认识,知道,怎么了？,有事？,他怎么了？,我是他XXX,晓得,嗯，我们是xxx,他是我XX，什么事？,不认识,不知道,不晓得,你搞错了哇,不记得了,你不去问他认识我不？,神经病,神经,有病,你有病哇,听不清,信号不好,你说什么,喂，喂,喂、喂、谁啊,你谁啊？,什么什么,你说啥,搞什么搞,啥子哦,没钱啊,肯定没钱还啊,想还还不起啊,嗯，最近有点特殊情况,最近发生了点意外,我都吃不起饭了，哪来的钱还啊,刚下岗，哪有钱,啊，已经有2万3了么,有这么利息了啊,实在没钱,你搞错了哇,你有没有搞错,我欠你钱么,你放高利贷啊，这么多,你放高利贷的哇，我去揭发你,有病么，我借了2万好么,你打错电话了,打错了,你找谁？我不认识,我没借钱，你搞错了吧,我怎么不记得了,我不记得有这事么,搞什么搞,你这利息怎么算的哦,怎么会这么多？,直接挂电话,我不方便,现在信号不好，一会再说,我这会不方便，在开会,我想想,可以少算点利息么,你们利息也太高了,我之前没看清合同，怎么有这么高的利息,你们得利息算法合法么？,我只能还本金，你们看怎么办,还有滞纳金？有没有搞错啊,滞纳金是什么啊，我没钱给,先还一部分，可以么？,先还一部分，可以减免滞纳金么？,先还本金，可以免了滞纳金么？,知道了,好的,行,明白了,会还的，有完没完,有完没完，知道了,过几天就会,催啥子哦，我又没说我不换,催命哦，知道了,会还，又跑不了,还不清怎么办,我还不起呢,我没钱还呢,没钱，咋办,呃，我没那么多钱,我还不确定,你们搞错没有，还有滞纳金啊,我才借了2万，利息滞纳金就有几千，疯了吧,你怎么不去抢钱啊,你们这么算利息，不怕我去告你们么,直接挂电话,你妹啊，搞错了哇,听不清,我在忙,开会，一会再说,你脑子被驴踢了吧,我在电梯里,信号不好,你确定没算错哇,不会是你搞错了哇,好,知道了,可以,不能再减少点么？,你怎么不早说？,早说啊，我早就还了,那我再晚点还，还能再减点不？,我考虑考虑,嗯，好,应该可以吧,还不起,直接挂了,有钱还谁不还啊,有钱还谁想欠账啊,太多了,我实在没那么多钱,我连本金都还不起,本金可以减免不,可以减一半么,全免了我可以接受,你是不是找错人了,不打错电话了哇,直接挂了,那之前我还的利息可以抵扣本金么,要是我还不还，是不是下次就本金减一半啊,你怎么不早说,早干嘛去了,我有钱还的时候你杂不说,我有钱的时候，你干嘛不给我打电话,以后再说,好,可以,行,没问题,没问题，我一定还,哇，可以啊,我考虑一下,应该可以吧,应该可以，我争取还,我争取还,不行,没钱,还是没法还,多久也还不起,我有钱还还会借钱么,你觉得我能还得起么,能还哪个不想还,没得搞，下岗了,我连饭都吃不起了,我有十块钱，你要不？,到期能先还一半不,我失业了，没钱,刚下岗，不然你们给介绍个工作，从工资里扣,我不还你们打算怎么办,我在忙哈,我能还100元，你们要不？,等我跟老板商量能预支工资不,什么？你说什么？,直接挂电话,开会,,,,,,,,,,,,,,,,,,,,,,,,,,,,,,
14,6/25/18 17:21,218.89.239.43-成都,我不是他,我不是他啊,我不是她,我不是她啊,我不是她本人啊,我不是本人哦,您打错了哦,你打错了哦,你谁啊，错了,你谁啊，打错了,嗯，是呀,嗯嗯，是呀,对啊，你有事？,嗯嗯，我是啊,嗯嗯，就是我哦,对啊，什么事？,对啊，有事赶紧说,有事赶紧说，不说挂了,有事快点，我正忙呢,快点，赶紧哒,啊？说啥呢？,啊？俺听不到,啊，俺在新疆,啊？俺在新疆吐鲁番,啊？俺在新疆吐鲁番盆地,啊？俺在新疆吐鲁番旅游呢,啊？俺在新疆吐鲁番旅游呢，给你带点啥,啊？俺在新疆吐鲁番旅游呢，这里美女可多了,啊？俺在新疆吐鲁番旅游呢，你来不,啊？俺在新疆吐鲁番旅游呢，你来不，我等你,认识，你谁啊？,认识，你谁啊？哪根葱？,你是哪根葱？,认识，她回老家了,认识，他去新疆了,认识，她去悉尼了,认识，他去俄罗斯看世界杯了,认识，昨晚还一起喝酒了呢,认识，他昨晚才到巴西的,认识，他不就是傻根吗,不认识，他谁啊？,不认识，你打错了，有病吧,不认识，我这台湾你看清楚号码,不认识，你故意打给我的吧？,不认识，你是有病吗？天天打电话,不认识，你是有病吗？,不认识，你是有病吗？天天打电话，早跟你说清楚了,不认识，你可以打给马蓉,不认识，你可以打给马蓉，他认识,不认识，你可以打给马蓉他妈,啊？我耳朵有点背呢,啊？我耳朵有点背呢，听不清啊,啊？我耳朵有点背呢，你再大点声,啊？我耳朵有点背呢，说啥呢？,啊？我耳朵有点背呢，完全听不清啊,啊？我耳朵有点背呢，啥玩意啊,啊？我耳朵有点背呢，你是中国人吗？,啊？我耳朵有点背呢，听不懂你说啥,啊？请用标准普通话,啊？请用标准普通话，不会说就别打,家里实在没钱,家里实在是揭不开锅了，没米吃了都,家里实在没钱，穷的叮当响啊,家里实在没钱，您接济接济哇,家里实在没钱，各种事情多啊,家里实在没钱，我又开了个公司,家里实在没钱，老板跑路了,家里实在没钱，老板跑路了，她欠我一堆钱,家里实在没钱，老板跑路了，现在躲在日本,家里实在没钱，老板跑路了，现在不知去向,谁欠你的啊,您打错了吧？我从来没有欠人钱,您打错了吧？这是信贷公司,您打错了吧？没这个人呢,您打错了吧？找到这里了，有病,这人不认识，请你核实信息后再打,你搞错了吧，我可没借过钱,你搞错了吧，我在南太平洋,你搞错了吧，这里是印度,你搞错了吧，完全不知道你在说什么,你再说啥？听不懂,你拉个？豁我,你拉个？有毛病哇？,你拉个？变态哇,你拉个？乞丐哇,你拉个？请说四川话,你拉个？我听不懂,你拉个？我只能听懂四川话,你拉个？你是变态哇,我这里不是你要找的人,金额太高了，能检点呗,金额太高了，换不起啊,金额太高了，麻烦给少点吧,金额太高了，麻烦给少点呗,金额太高了，麻烦给少点呗，帮帮忙哦,金额太高了，麻烦给少点呗，帮帮忙,金额太高了，麻烦给少点呗，帮帮忙，不然不还了,金额太高了，太过分了,金额太高了，不给减就不还了,金额太高了，不给减就不还了，爱咋咋地,行，按你说的办,可以，可以,好嘞，我会尽快的,好嘞，我会尽快还的,好嘞，我会尽快的，不让你失望,好嘞，我会尽快的，你就别管了,好嘞，尽快处理吧,我过几个星期搞定,我过几个星期搞定，OK?,"我过几个星期搞定,请你别再骚扰我",我暂时换不上呀,暂时搞不定，咋整,暂时搞不定，咋整呢,暂时搞不定，咋整呢？你说,暂时搞不定，咋整呀,想都别想了，破产了,别想了，破产了,别想了，想的话就你还,别想了，想的话就你还啊,别想了，想的话就你还呗,我在看世界杯,我在看世界杯，英格兰出现,我在看世界杯，法国out,我在看世界杯，伊朗out,我在看世界杯，日本死翘翘了,我在看世界杯，你看没,我在看世界杯，别打扰我,我在看世界杯，你堵谁赢,我在看世界杯，你是铲屎官,我在看世界杯，别骚扰我,可以，谢谢侬,阿拉小得了,阿拉小得了，谢谢,阿拉小得了，谢谢你,阿拉小得了，谢啦,阿拉小得了，听到了吧,阿拉小得了，没问题,阿拉小得了，肯定还上,阿拉小得了，明天还,阿拉小得了，明天搞定,可以再减点不？还不起哒,可以再减点不？先生,可以再减点不？女士,可以再减点不？小姐,可以再减点不？美女,可以再减点不？帅哥,可以再减点不？大仙,可以再减点不？美眉,可以再减点不？大哥,可以再减点不？小弟,天气好晴朗，去冲浪,天空飘来一朵云,天空飘来一朵云，这都不是事,天空飘来一朵云，像匹马,天空飘来一朵云，暴风雨来了,天空飘来一朵云，晴天霹雳啊,今天天公不作美,今天天公不作美，唉,今天天公不作美，郁闷,今天天公不作美，心情不好,好的，就这么办,好的，我可以先还这个吧,好的，我可以先还这个呗,好的，我可以先还这个啊,好的，我可以先还这个呀,哦，好吧，就这样决定,哦，好吧，月底给你交钱,哦，好吧，明天还,哦，好吧，明天OK?,"哦，好吧,听你的",帅哥，可以拖延一下吗,帅哥，帮帮忙楼,美女，帮帮忙楼,小妹，帮帮忙楼,帅哥，帮帮忙喽，靠你了,帅哥，帮帮忙喽，明天可以,帅哥，帮帮忙喽，今天不行,美女，帮帮忙喽，明天可以,美妞，帮帮忙喽，明天可以,大妹子，帮帮忙喽，明天可以,对不起，我不方便这么做,对不起，我不方便这么做按,对不起，我不方便这么做啊,对不起，我不方便这么做呗,对不起，我不方便这么做呀,不行，没办法啊,不行，没办法呀,不行，没办法这样,不行，没办法安妮说的,不行，没办法按照你说的做哦,,,,,,,,,,,,,,,,,,,,,,,,,,,,,,
15,6/25/18 17:51,118.116.19.114-成都,不是,你是哪个？,打错了,没时间听你说,找错人了,你找谁？全名,找他啥事,他不在,他上课去了,他打麻将去了,对，啥子事,有何贵干啊,干啥子,我在开车,我有事,忙哈～,一会联系,你是哪个呢,请报上你的大名,你怎么找到我电话的,你打电话，你神经病哦,没空,你猜嘛,你有毛病哦,你是不是吃饱了没事干,你脑子进水了,你脑残啊,你有没有礼貌哟,你有时间关没？这个点了～,谁让你打的,是的，认识,他不在这里哈,他开会去了,他喝酒去了,他送人去了,他姐儿子去了,他去医院了,他回家去了,他去国外了,他没空,不认识此人,你打错了,没听过哈,这人是干嘛的,名字都没听过,名字太难听了,他是你什么人啊,他是你哥吗,他是你兄弟吗,他是你弟弟啊？,听不见,没信号,大声点,再说一遍,重复下，没听见,啥啊？听不见,喂，什么情况啊？喂～,我电梯没信号了～喂？,我在地下停车场呢～再说一下？,我乡下的，信号不好！,我现在没钱,我手头紧啊,能再宽松几天不,我儿子读书才交了学费,最近生意不好啊,宽容宽容哈～,我都没钱吃饭了～,最近手气背的,再给个机会，下个月嘛,确实没钱，你说怎么办嘛？,我没借过啊,你打错了,你找错人了,我什么时候借过你钱啊,你是不是记错了～,什么时候的事情，记不得了呢,想不起来了呢,什么情况，谁说我借你钱了,我没办过啊，我朋友借我身份证办的～和我没关系哈,不关我的事，不是我借的，找错人了你,你怎么算的啊,发个明细过来看看呢,再说一遍呢,今天天气不错,今天心情不好哈,人都不好了,一下都没心情了,没兴致啊，什么？,今天风大哈～,下暴雨来了,太多了嘛,这也特多了晒,怎么这么多啊,啥，那么多了？,什么情况那么多？,你给我少点晒,优惠点嘛,滞纳金免了晒,利息再少点嘛,我可以先还利息不？,好的,没问题啦,可以,跟着处理,放心哈,我有钱哈,我叫助理处理,我叫财务处理,明天就还你,下午就给你打过来,不好意思，没钱啊,我今天还不了你哈,确实没法了,钱都用完了，再等等,等一下哈,估计下辈子去了,这辈子估计是还不了了,日子都没法过了,混不起走了,过不下去了啊,听不清呢,大声一点啊,信号不好的,外面雨太大了，听不见,外面风太大了，听不见,外面在下暴雨，听不见,外面雷电交加的，听不见,我在开会哈～,过会儿再打嘛,在忙哈～,这个可以有,这样就好办了晒,这样的话没问题,这样子我马上想办法,我明天就还你哈,这样我马上就处理,我回款就先还你嘛,我有钱就第一时间给你打过来,我下周铁定还上,这样子我一定想法子给你筹上,再减一点晒,可以再给我申请减少点不嘛,再给我优惠点了,折扣再大点嘛,减免也太少了吧,还是太多了点,这也很多的,确实没那么多钱啊,实在付不出来那么多,房子卖了没凑不够啊,找哪个？,啥子啊？,他不在,我是他姐,我是他朋友,什么？再说一下呢,我不知道呢～啥？,没听他说过么～,他最近出差去了,他出去耍去了,要的嘛,可以哈,就这样嘛,这部分钱我还还得起哈,我可以答应你们的,这个没的问题的,完全ok哈,就这么说定了,没有多大问题的,明天还给你们嘛～,最近手里紧的很,再宽松下哈,确实没有钱的,钱都做生意用了,今天还不了的,钱都收不回来啊，怎么还你嘛,我最近资金周转不开的,公司帐上都没有钱了，怎么给你嘛,还不起啊,你说怎么办嘛，没钱,你吃饭没嘛,过来喝茶哈,过来坐下不嘛,空了打麻将哈,晚上吃个饭嘛,我现在不方便接听电话的,我实在太忙了，回头聊,我在外面，回去给你打过来哈,我停车呢，一会回你,我现在没在成都的，回来了联系你哈！,,,,,,,,,,,,,,,,,,,,,,,,,,,,,,
16,6/26/18 8:58,118.116.19.113-成都,听不清楚，你找谁,我不是,找他干嘛,不关我的事,你找错人了,打错电话了,不是我,不认识,别烦我,滚远点,嗯,什么事,干嘛,现在不空等会聊,忙得很，不空,有什么事情,啥子事情？,找我干嘛？,我就是,有啥子事？,你在说什么,听不清楚,吵得很，听不清,有病,傻逼,关你什么事,天气很好,你好美,不说话,别扶我,我事他爸爸,我是他妹妹,我是他奶奶,我是他姥姥,我是他儿子,我是他堂弟,我是他同学,我是他女人,我是他老婆,我是他爷爷,不认识,认不到,哪个？认不到,不晓得,你找错人了,我不是的,你打错电话了,没有这个人,不知道,他是哪个？,好冷咯,太甜了,你在干嘛,水在流淌,雪在融化,冰岛会赢,中国主权,我们会赢,你会输,不想说话,没得钱了,生病了,没拿到工资,破产了,还不起了,现在家里有事需要现金,已经好几天没吃饭了,没钱,没原因，就会死不还了,钱存银行，没到期,我没借,我不欠你们钱,你们找错人了,脑壳有病,我没借你们钱,你们去找他，他接的,不关我的事,我都不记得这回事,不是我办理的,我已经报警了,手机烂了,耳朵聋了,收音机坏了,水胀满了,空调好冷,没电了,记得冲水费,把车洗了,天气太热了,你在干嘛,少点嘛,没那么多钱，打个折,利息太高要少点,没钱了，算了嘛,可以减免不,可以打折不,可以少点不,能优惠点嘛,真没钱了，少点就还,少一点,可以,好的,马上,要得,没问题,转给你了,支付宝,微信,我叫他们转给你,有钱，马上还,还不了,没法还,没钱,不能还,要等一段时间,现在没钱,想让我还钱，想多了,爬远点,滚远点,就不还,说啥子,不知道你说啥子,没听懂,不知道,关我屁事,保护自己,好漂亮,好美丽,哈哈哈,点都不乖,可以呀,非常好,要得,没问题,这个可以有,不错哟,好吧,明天还,好的,你真棒,还是不还,还是没钱,不得还,全部减完差不多,没得钱还你,想都不要想,我就是不还,再怎么减都不还,不还,想都别想,草好绿,树好高,天好冷,你没事吧,你好坏,我想要的是无话不说,天天吃饭,注意身体,没有什么事情,我什么事情,没问题,我去借点钱,不差钱,没什么问题,我可以全部还吗,好的,可以多还点吗,可以的,明天就还,过两天还,还不了,不得行,没钱,延期一年差不多,现在差钱,有点难,怕是还不了,老子不得还,还锤子,就不还,呵呵呵呵,你有没有爱上我,跟着我摇摆,手机坏了,手机好卡,电脑好卡,修手机,捡破烂,换新手机,我是一个粉刷匠,,,,,,,,,,,,,,,,,,,,,,,,,,,,,,
17,6/26/18 9:52,118.116.19.113-成都,打错了，没意思,看清楚再打嘛阿,你找错人了阿,你打错了，没意思,我不是，没意思,我不是哈，你打错了，没意思,我不是的哈，没意思,有毛病，没意思,你哪个？不要乱打阿,他正在开车阿,我正在上班，下班后再联系可以吧阿,有事就说，没意思,对，是我阿,是我，没意思,嗯，我是阿,我现在忙，一会儿再说，没意思,请说，没意思,什么事，没意思,有啥子事阿,恩恩，找我有什么事情么阿,你是不是有病呀阿,你先说你是哪个，没意思,今天天气很好阿,哼哼阿,风太大，没听清阿,你管我是不是阿,哈哈阿,你哪个阿,你又是谁阿,你猜我是不是呀阿,他正在开车，没意思,你说哪个？阿,我是他哥阿,再说一次阿,嗯，我认识阿,认求不到阿,晓得，没意思,哪个哟，没意思,哪个呀？阿,待会我让他回你阿,哪个哟，我想哈，没意思,你说的是张三么，没意思,没听说过阿,没听请，再说一次阿,不认识，没意思,没听过喃，没意思,不晓得阿,不晓得是哪个喃，没意思,认求不到哦阿,怎么可能有人起这种名字呢，太难听了，没意思,你是不是有病呀，没意思,你先说你是哪个，没意思,今天天气很好，没意思,哼哼，没意思,风太大，没听清，没意思,你管我是不是，没意思,哈哈阿,你哪个阿,你又是谁阿,你猜我是不是呀，没意思,实在没有钱阿,没得钱咋办喃阿,我媳妇前段时间生小孩，没意思,缓缓行不行阿,我丢工作了，没意思,我家人出事了，没意思,这哈没得钱了，没意思,确实拿不出这个钱阿,我都吃不起饭了，没意思,我妈妈也住院了，没意思,和我没有关系，没意思,你们哪个不去抢阿,你找错人了，没意思,我啥时候借钱了阿,我不欠钱阿,我没借这么多，没意思,你凭啥说我欠钱了，没意思,哪们变这么多了，没意思,哪个变这么多了，没意思,这个是我朋友用我的身份证办的，没意思,啥子哦阿,神经病阿,今天天气真好阿,脑子有病吧，没意思,你再说一次，没意思,你管我啥子原因阿,世界这么大，我想去看看，没意思,嘿嘿嘿，没意思,没求得钱啥，你是不是傻，没意思,利息是怎么算的阿,少点啥，没意思,少整点嘛阿,能少还一点吗阿,分期咋算安阿,这个金额太高了，没意思,有莫得少阿,我要分期还阿,太高了噻阿,好高啊，没意思,我可以先还一部分么，没意思,我等会就处理阿,一哈儿就还阿,没问题，没意思,搞忘了，马上阿,可以的，没意思,我明天就处理阿,好的，没意思,明天还，没意思,我过两个月就还阿,我有的是钱阿,我没得钱哪们还，没意思,还不起了阿,我明天不能还，没意思,真的没得钱，没意思,我今天还不了阿,还求不了阿,不行，没意思,不还会咋样，没意思,实在没得钱阿,想让我还钱，等到下辈子吧，没意思,秋月无边阿,我要去举报你们阿,在开会你等会打来可不可以，没意思,真的吗，没意思,我听不清你说的啥子阿,啥子情况哦阿,你们还有点歪哦，没意思,你们简直是高利贷哦，没意思,呵呵，没意思,凉风有信，没意思,谢谢，那我下周肯定能还上，没意思,这个没问题，没意思,"我同意,这样子我就还的起了，谢谢你，没意思",好好好要得，没意思,可以阿,这样的话我明天就还，没意思,我觉得没问题阿,那敢情好，没意思,那要得嘛，没意思,这样的话没问题，没意思,还可以再减免一些么阿,再少点噻阿,我实在没那么多钱，我还在住院阿,能不能再少点，没意思,但还是太多了阿,我今天还不了阿,确实还不起了，没意思,我这个月肯定没钱阿,这个欠款还是太多了阿,我实在没那么多钱，我老婆辞职了，没意思,宽恕我的平凡阿,我觉得你有毛病，没意思,回忆总想哭，一个人太孤独阿,这么求多问题，没意思,我想出去走一走，看看这个大世界阿,我先问个问题，没意思,不晓得说啥子了阿,操阿,出问题经过大脑，没意思,一杯敬朝阳，一环敬月光，没意思,这样的话我明天还阿,先还那部分嘛，剩下的不行，没意思,这部分我还的起阿,可以先还，但是剩下的没钱了，没意思,xx款，我可以还先还，没意思,要得嘛，先还阿,好的好的，这个可以，没意思,这部分可以，延期到好久阿,这可以，延期好久阿,那好，我月底给你交钱，没意思,减免太少了，能在多减免一下么，实在还不了阿,你再多减点噻，一点诚意者没得阿,可以再延期久一点么阿,我算哈钱，好像不够，再少点行不行阿,可以少还一点，没意思,多减点噻，一点诚意者莫得，没意思,我算哈钱，好像不够，再少点可不可以阿,你再多减点噻，一点诚意者莫得，没意思,多减点噻，一点诚意者没得，没意思,我今天还不了，我现在真的没有钱，没意思,我想一哈阿,好恶心，想吐，没意思,我现在不方便，空了吹阿,这样是没有意义的，没意思,我现在不方便，空了再说，没意思,我再多想一哈阿,去不到终点，就回到原点阿,为什么你们要逼我，没意思,我算一哈钱阿,钱钱钱，命相连阿,,,,,,,,,,,,,,,,,,,,,,,,,,,,,,
18,6/26/18 15:01,118.116.19.114-成都,你是谁啊？我不认识他啊，你打错了吧，我挂电话了,我不认识,我不是,你打错了,他不在,他出去了,不知道他在哪儿,他去看球了,他还没有回来,我不知道,我是,嗯,啊,我是啊,我是啊，有事吗,是我,找我什么事,什么事,有事吗,我在,听不清,你在说什么,不知道你在说什么,你有病啊,你是不是有病呀,今天天气很好,你猜我是不是呀,风太大，没听清,太吵了,大点声,我认识,认识,我知道,他正在开车，待会我让他回你,我是他姐姐,我是他爸爸,他不在这,他出去了,他洗澡去了,他不在这,没有听说过,我不知道,不认识,你打错了,我不认识啊,没听说过,滚,你打错了，我不认识,不知道你在说什么,谁？,听不清,再说一遍,阿根廷进球了,今天天气好,啦啦啦,你在说什么,不知道你在说什么,风太大，没听清,风太大，你在说什么,风太大，再说一遍,确实没有钱还,确实没钱,没有钱还,没钱还,现在手头紧,手头紧的很,我都吃不起饭了,因为没有钱,还不了,还不起,我没有借钱啊,滚,我没有借,我没借这么多,你找错人了,我不欠钱,这个是我朋友用我的身份证办的，和我没有关系,多少钱？,我没有借过钱,你是不是打错了,你再说一次,你再说一遍,不知道你在说什么,你说要还多少钱,利息有点高哦,听不清楚,听不清楚，你在说一次,太吵了,阿根廷出局了,把电视关了,能不能少一点,现在没有那么多,少一点行不行,能不能分期,分期行吗,能不能先还一部分,这个金额太高了，能少还一点吗,这个金额太高了，分期行吗,分期行吗，现在没有那么多,能不能少还一点,好的,马上还,我知道了,马上处理,好的啊,等下就去还,明天还,我有的是钱,没问题,可以的,老子就是不还,滚,你找骂是不是,老子没有钱还,你来找我啊,我还不了,我不想换,我有钱也不还,想让我还钱，等到下辈子吧,我今天还不了,等一会儿打过来,我等一下给你回过去,我现在有事,等下在说,你过会打过来,听不清楚,我在开车,我在开会,我现在有事，你等下打过来,喂喂喂,好的,可以啊,这下就可以还了,这样子我就还的起了,这样的话我等下就还,没问题,我能还上了,谢谢,后的，谢谢，我还的起,我能还了，谢谢,还是有点多,能不能再少一点,再少一点,我现在还是没有这么多钱,但是还是太多了,能不能再减免一点,能不能只还现在的一半,能不能再分期,我这个月肯定没钱,这个欠款还是太多了,他不在,他在开会,他在开车,他在洗澡,他出去了,你等下打过来,他现在不方便,等下再说,我是他爸爸,天气怎样,我可以还,能还上,可以还了,这部分能还上,明天还,发了工资就还上,那好，我月底给你交钱,这样的话我明天还,我马上去还,我等下就去,还不了,我就是不还,我不想还,还不了,老子就是不还,你打我啊,滚,别给我打电话了,减免太少了，能在多减免一下么，实在还不了 ,可以再延期久一点么,他不在,德国赢球了,现在不方便,他手机没带,你等下打过来,我是他爸爸,他出去了,他在打游戏,他在洗澡,什么事,,,,,,,,,,,,,,,,,,,,,,,,,,,,,,
19,6/26/18 15:35,118.116.19.113-成都,我不是的哈阿,有毛病呢,你找错人了啊,看清楚再打嘛吧,我不是了,他正在开车了,打错了吧,你打错了呢,你哪个？不要乱打啦,我不是哈，你打错了阿,请说吧,什么事呢,对，是我啊,有事就说吧,嗯，我是吧,恩恩，找我有什么事情么吧,我正在上班，下班后再联系可以吧啦,是我哇,有啥子事啦,我现在忙，一会儿再说哇,哈哈了,你哪个呢,今天天气很好哇,你先说你是哪个啊,风太大，没听清啦,你猜我是不是呀啦,你是不是有病呀吧,哼哼了,你又是谁了,你管我是不是啊,晓得哇,哪个哟呢,我是他哥呢,你说哪个？吧,嗯，我认识呢,待会我让他回你呢,他正在开车哇,再说一次呢,哪个呀？啦,认求不到啊,不晓得哇,不晓得是哪个喃阿,没听说过啊,你说的是张三么阿,不认识哇,怎么可能有人起这种名字呢，太难听了了,哪个哟，我想哈阿,没听请，再说一次呢,认求不到哦呢,没听过喃阿,哈哈哇,你哪个哇,今天天气很好吧,你先说你是哪个哇,风太大，没听清了,你猜我是不是呀啊,你是不是有病呀吧,哼哼呢,你又是谁啊,你管我是不是了,这哈没得钱了啊,确实拿不出这个钱哇,我媳妇前段时间生小孩了,没得钱咋办喃啊,我丢工作了阿,我妈妈也住院了阿,实在没有钱吧,缓缓行不行了,我都吃不起饭了哇,我家人出事了哇,你凭啥说我欠钱了阿,哪们变这么多了哇,你找错人了呢,你们哪个不去抢啊,我不欠钱啦,这个是我朋友用我的身份证办的了,和我没有关系啦,我啥时候借钱了阿,哪个变这么多了呢,我没借这么多啦,世界这么大，我想去看看了,嘿嘿嘿吧,今天天气真好阿,神经病了,你再说一次吧,利息是怎么算的呢,啥子哦吧,脑子有病吧哇,没求得钱啥，你是不是傻阿,你管我啥子原因了,我要分期还了,太高了噻了,能少还一点吗阿,少整点嘛啊,这个金额太高了啊,我可以先还一部分么吧,少点啥吧,分期咋算安啊,好高啊啦,有莫得少啦,好的了,明天还了,没问题吧,一哈儿就还啊,可以的啊,我有的是钱啦,我等会就处理了,搞忘了，马上呢,我过两个月就还吧,我明天就处理哇,不行啊,不还会咋样吧,我明天不能还哇,还不起了哇,我今天还不了了,想让我还钱，等到下辈子吧吧,我没得钱哪们还哇,真的没得钱阿,实在没得钱啊,还求不了吧,你们还有点歪哦啦,你们简直是高利贷哦阿,在开会你等会打来可不可以呢,我要去举报你们啊,我听不清你说的啥子阿,凉风有信啦,秋月无边哇,真的吗啦,呵呵吧,啥子情况哦阿,我觉得没问题吧,那敢情好了,"我同意,这样子我就还的起了，谢谢你呢",这个没问题呢,可以吧,这样的话没问题啦,谢谢，那我下周肯定能还上阿,好好好要得啦,那要得嘛啦,这样的话我明天就还吧,确实还不起了呢,我这个月肯定没钱啊,我实在没那么多钱，我还在住院呢,再少点噻呢,但还是太多了阿,我实在没那么多钱，我老婆辞职了了,还可以再减免一些么阿,能不能再少点哇,这个欠款还是太多了阿,我今天还不了呢,不晓得说啥子了吧,操阿,回忆总想哭，一个人太孤独呢,我觉得你有毛病阿,我想出去走一走，看看这个大世界了,一杯敬朝阳，一环敬月光啊,宽恕我的平凡了,这么求多问题吧,出问题经过大脑吧,我先问个问题了,好的好的，这个可以阿,这部分可以，延期到好久了,这部分我还的起呢,先还那部分嘛，剩下的不行啊,xx款，我可以还先还哇,那好，我月底给你交钱啊,这样的话我明天还啦,可以先还，但是剩下的没钱了呢,这可以，延期好久吧,要得嘛，先还哇,我算哈钱，好像不够，再少点可不可以哇,你再多减点噻，一点诚意者莫得吧,可以再延期久一点么阿,你再多减点噻，一点诚意者没得啦,可以少还一点啊,我今天还不了，我现在真的没有钱哇,减免太少了，能在多减免一下么，实在还不了呢,我算哈钱，好像不够，再少点行不行呢,多减点噻，一点诚意者没得哇,多减点噻，一点诚意者莫得阿,去不到终点，就回到原点哇,为什么你们要逼我呢,我现在不方便，空了吹吧,好恶心，想吐啦,我现在不方便，空了再说哇,钱钱钱，命相连了,我想一哈吧,这样是没有意义的了,我算一哈钱吧,我再多想一哈阿,,,,,,,,,,,,,,,,,,,,,,,,,,,,,,
20,6/27/18 10:31,118.116.19.114-成都,我是他爹,我是他妈,我是他哥,我是他爷爷,我是他大爷,我是他二大爷,我是他二大爷,他不在,他出去了,他还没回来,是的,我就是,找我什么事,干嘛,"现在忙, 等会打给我","忙着呢, 不要烦我",是我,"我正在开车, 等会再打给我","我在开会, 有事等会说","我在忙, 1小时后打给我",哼哼唉,你猜我是不是呀了,你哪个呢,你是不是有病呀者,今天天气很好阿,哈哈阿,风太大，没听清啦,你管我是不是者,你先说你是哪个哇,你又是谁唉,再说一次焉,待会我让他回你啊,哪个哟阿,他正在开车呀,我是他哥也,晓得者,嗯，我认识唉,认求不到呢,你说哪个？，没意思,哪个呀？者,没听请，再说一次矣,怎么可能有人起这种名字呢，太难听了者,不晓得是哪个喃阿,哪个哟，我想哈啊,没听说过吧,不晓得吧,不认识唉,没听过喃啊,你说的是张三么者,认求不到哦也,哼哼啦,你猜我是不是呀矣,你哪个啦,你是不是有病呀者,今天天气很好者,哈哈呢,风太大，没听清也,你管我是不是吧,你先说你是哪个哇,你又是谁，没意思,缓缓行不行啊,我妈妈也住院了呀,确实拿不出这个钱焉,实在没有钱唉,我媳妇前段时间生小孩呢,这哈没得钱了焉,我丢工作了阿,我家人出事了也,没得钱咋办喃乎,我都吃不起饭了者,我啥时候借钱了，没意思,这个是我朋友用我的身份证办的呢,哪们变这么多了呢,和我没有关系唉,你找错人了者,你凭啥说我欠钱了呢,我不欠钱唉,我没借这么多矣,你们哪个不去抢啊,哪个变这么多了乎,脑子有病吧吧,利息是怎么算的啦,嘿嘿嘿啊,啥子哦了,今天天气真好也,世界这么大，我想去看看啊,你再说一次，没意思,你管我啥子原因矣,神经病阿,没求得钱啥，你是不是傻哇,分期咋算安，没意思,我可以先还一部分么矣,太高了噻阿,少点啥也,能少还一点吗啊,我要分期还阿,这个金额太高了唉,有莫得少啊,少整点嘛呀,好高啊也,搞忘了，马上，没意思,我有的是钱焉,明天还者,我等会就处理呢,没问题哇,好的矣,可以的啊,我明天就处理啦,一哈儿就还呢,我过两个月就还呀,真的没得钱者,想让我还钱，等到下辈子吧啊,不还会咋样矣,我没得钱哪们还啦,我明天不能还矣,不行也,我今天还不了阿,还求不了了,还不起了矣,实在没得钱也,真的吗也,凉风有信啊,你们简直是高利贷哦呢,秋月无边乎,在开会你等会打来可不可以者,你们还有点歪哦呀,我听不清你说的啥子哇,啥子情况哦焉,我要去举报你们啦,呵呵哇,好好好要得者,这样的话没问题啦,那敢情好唉,谢谢，那我下周肯定能还上啦,"我同意,这样子我就还的起了，谢谢你乎",我觉得没问题了,可以矣,这样的话我明天就还了,这个没问题焉,那要得嘛哇,能不能再少点阿,我实在没那么多钱，我老婆辞职了啊,我这个月肯定没钱者,还可以再减免一些么啊,我实在没那么多钱，我还在住院了,确实还不起了啊,但还是太多了啦,我今天还不了啊,再少点噻啊,这个欠款还是太多了唉,这么求多问题焉,一杯敬朝阳，一环敬月光呢,操呀,宽恕我的平凡啊,回忆总想哭，一个人太孤独吧,不晓得说啥子了，没意思,我想出去走一走，看看这个大世界哇,我先问个问题呢,我觉得你有毛病了,出问题经过大脑吧,可以先还，但是剩下的没钱了啦,那好，我月底给你交钱乎,这部分可以，延期到好久呀,这样的话我明天还矣,这部分我还的起呀,好的好的，这个可以呀,xx款，我可以还先还也,要得嘛，先还哇,先还那部分嘛，剩下的不行呢,这可以，延期好久乎,我算哈钱，好像不够，再少点行不行呢,我今天还不了，我现在真的没有钱吧,你再多减点噻，一点诚意者莫得呀,减免太少了，能在多减免一下么，实在还不了也,可以再延期久一点么呢,我算哈钱，好像不够，再少点可不可以哇,可以少还一点啊,多减点噻，一点诚意者莫得乎,你再多减点噻，一点诚意者没得阿,多减点噻，一点诚意者没得吧,这样是没有意义的阿,钱钱钱，命相连者,为什么你们要逼我者,我想一哈矣,我现在不方便，空了吹者,去不到终点，就回到原点了,我现在不方便，空了再说，没意思,我再多想一哈啦,好恶心，想吐呢,我算一哈钱吧,,,,,,,,,,,,,,,,,,,,,,,,,,,,,,
21,6/27/18 10:36,118.116.19.114-成都,不是得，找他有爪子事,不是得哦，我不是得这个人，,不是得，找他有爪子事，我不是得这个人,找他有什么事情，他正在隔壁的隔壁的房间里看电视,找他有什么事情，他正在隔壁的房间里看电视,有什么事情，他在忙，没得空接你的电话,有什么事情，他不在，晓得他最近在干啥子哦，几天都没看到人了,他不在，晓得他最近在干啥子哦，几天都没看到人了,他好像出事老，这两天都没看到人也，我是他的朋友,这两天都没看到他人也，我是他的朋友,是我，我在忙，现在不方便,是我，我在忙，找我有什么事,对头，是我，你找我有什么事,对头，是我，你找我有什么事情,是我，我在外头，现在不方便,对头，是我哈，有什么事情,对头，是我,好的，是我，你有什么事,嗯，是我,找我什么事情呢？,好大的太阳,好大的风,好大的雨,好大的雾霾,好大的雾,今天真是好天气呀,瓜西西的，你是哪个,好牌,今天不吃饭,今天出去吃,嗯，我是他的远方亲戚,嗯，我晓得这个人,嗯，我认识这个人,嗯，在楼上的，我待会叫他,嗯，我是他朋友，我待会让他联系你,嗯，我晓得这个人，我隔壁,嗯，我晓得这个人，住我楼脚,我以前的同学，有什么事,是的，我认识，找他什么事,我晓得这个人，我隔壁,不晓得，没听说过这个人,不认识这个人,你是哪个哦？我不晓得这个人是哪个,我不晓得这个人是哪个,哪个瓜娃子取这个名字哦，不晓得,哪个瓜娃子取这个名字哦，不认识,见鬼老，不认识,没听说过,不认识,压根没听说过,外面好吵,天晴晴朗,不好不坏,你是哪个,我在开车,我在打牌,我在打牌，听不清,明天出去玩,你那边好吵，听不清,不好意思，我要挂断了，没时间,我工作丢了,我媳妇前端时间生小孩，在医院，没时间,我妈妈住院了，需要人照顾,我爸爸住院了，需要人照顾,我奶奶住院了，需要人照顾,我爷爷住院了，需要人照顾,没得钱还得，饭都吃不起老,饭都吃不起，哪还有钱还哦,我拿不出这么多钱来还,我缺钱，还不起,我没欠钱，你找错人了,好久欠了这么多钱哦，我都不晓得,好久欠了这么多钱哦，我都不晓得，是不是哪个冒用我的身份证办理的哦,我平时都不借钱，咋个会欠钱嘛,钱早就还清了，我现在压根不欠钱,我现在还欠哪个的钱哦,没有，没有这回事，我不欠钱,我信誉那么好，不欠钱,欠的钱，早就换了，咋个还有欠款哦,没有欠钱，我不借钱的,你再说一遍，我听不清楚,天晴晴朗,不好不坏,好吵，听不清,今天早上吃馒头,今天早上没吃饭,今天中午喝稀饭,今天中午没吃饭,今天晚上不吃饭,今天晚上没吃饭,要还的钱有点高，低点可以不,现在没得那么多钱，可以少点不,现在拿不出那么多钱，少点可以不,可不可以分期嘛,可不可以分期,可不可以少换点嘛,可不可以在总金额上优惠点，现在有点困难,可不可以少还点，现在有点困难,少点点行不行嘛,有点困难，少还点行不行,好的，这个月底就还，不要着急,不着急，这两天就还,好的，我正在筹款，尽快还,好的，我尽快,嗯，要的，我估计周末还,嗯，这两天还,要的，我晓得老，我尽快,正好搞忘了，我尽快,好的，月底之前还,嗯，月底还,想让我还钱，等到下下辈子吧,今天不得行，还不起,还不起，对不起，不要找我了,我就是不想还,你没听说过，借钱的是大爷哇,借钱的是大爷，我是你大爷，你找我还钱，没门,你找我还钱，没门儿,我就是赖到起了，就是不想还，,我就是赖到起了，就是不想还，也还不起,没得钱的，还不起,走起，出去耍,出去 happy,不要烦我，我在忙,你个瓜娃子,你个瓜娃子，咋个又在打我电话,好忙,我好忙,我没空,我没心情,我好累,好的，那就没得问题老,好的，那就没得问题老，我待会就去汇款,好的，那就没得问题了，我待会就去汇款,好的，那就没得问题了，我待会就去汇钱,这个方案可以接受,要的，我接受这个方案，我待会还钱,太好了，我接受这个方案,太好老，这下子我就可以还得起钱了,太好了，我接受这个方案,太棒了，好的，我待会就还钱,没减好多，我再看看嘛,减的额度不够哦,减免得太少了，接受不了,减免得太少，还是太多，还不起,还不起，减免得太少,减免的不够哦，还不起,不得行，这个方案的力度不够，我还是还不起,减免得太少了，接受不了，可不可以再优惠点嘛,能不能再优惠点嘛,减了等于没减，起不到啥子作用,走起，出去耍,出去 happy,不要烦我，我在忙,你个瓜娃子,你个瓜娃子，咋个又再打我电话,好忙,我好忙,我没空,我没心情,我好累,好的，我接受,好的，先还这部分钱应该是没得问题的,嗯，那我先还这部分钱,那我先还这部分钱,我接受这个方案，那我先还,好的，我先还这部分钱,没问题，我先还,好的，那帮我延一下期嘛，下午就还一部分,要的，这部分我先还,没得问题，我先还，帮我延期,今天没得空,手头没得钱，还不上,对不起，还不上,对不起，还是不得行,还不上,这个月要还的钱太多，还不上,这部分钱有点多，还不起,今天没得时间了，也没得钱,我现在负载累累，没得钱,如果还能减免一些，我考虑下,你好，我在忙,你好，今天我没得空,我今天要看球赛,我今天要看球赛，不要烦我,在看球赛，不要烦我,在打牌，你是哪个,你那边信号不好,不晓得你是哪个,打我电话干什么,打我电话爪子,,,,,,,,,,,,,,,,,,,,,,,,,,,,,,
22,6/27/18 11:00,118.116.19.118-成都,有毛病,我是他朋友,看清楚再打嘛,他现在在国外休假,我不是,我不是的哈,我不是，你打错了吧,你哪个？不要乱打,可不可以看清楚号码再打,你打错了,对，是我，我现在有事，待会给你打过来,嗯，有事请讲。,请说,我正在上班，下班后再联系可以吧,有啥子事,对，是我,嗯，我是,说,有事就,我现在忙，一会儿再说,哈哈,就不告诉你，就不告诉你~,是又爪子嘛,今天天气很好,你猜,我这里太吵了，听不清楚,你给我发红包我就告诉你,我这里信号不好,你猜我是不是呀,哼哼,XX吗，我认识,我是他哥,认识啊，我是他同学,你要爪子嘛,哪个呀？,认识，兄弟，你想做微商吗？,认识啊，我是他同事,你说哪个？,认求不到,认识,我从不认识XX，你是不是打错了,认不认识跟你有毛关系啊,不认识，你不要再打了,我已经跟你说了我不认识,不认识,是哪个？,没听过喃,不晓得是哪个喃,不认识，你打错了,没听说过,是不是那个在敲代码的？,今天天气好晴朗，处处好风光,你管我是不是,今天天气很好,你猜我是不是呀,你是不是有病呀,你要请我看电影吗,那么多XXX，你说的是哪一个,你猜,啊，五环，你不六环少一环,我忘记了，没收到手机短信,我故意的,先缓缓，马上就还,确实拿不出这个钱,我能说我忘记了吗,我都吃不起饭了,我其实就是不想还,我丢工作了,我家人出事了,我正在筹钱，你催个毛线啊,我早就还清了，好不好,哪个变这么多了,你找错人了吧,可不可以滚远点，听到你们这些鬼话就鬼火冒,我啥时候借钱了,哪们变这么多了,那2万2个月前我就还了，哪有逾期,和我没有关系,不好意思，我从没有借款,你打错了吧，我根本没有借钱,世界这么大，我想去看看,脑子有病吧,你管我啥子原因,这个利息是怎么算的呢,没求得钱啥，你是不是傻,嘿嘿嘿,大雨即将来临,滞纳金是什么意思,抱一抱，就当做从没借款2万,神经病,少整点嘛,我不还又咋个嘛,我正在筹钱，马上就还,有莫得少,能少还一点吗,滞纳金能免了吗,我只够还本金，能免去利息和滞纳金吗,我上有老，下有小，可不可以宽限几天,利息太高了，能减免部分吗,利息能免了吗,这没问题,好的，没问题,一哈儿就还,我等会就处理,好的，我一定注意时间,好的,明天还,没问题,我过两个月就还,我已经还了啊，怎么还打电话,x号之前还不了，继续欠下去吧,x号之前还是不可能的,你抓到我去卖血嘛,X号太紧急了，还不了,实在没得钱,真的没得钱,我凭本事借的钱为什么要还,催的太紧了，无法还款,还不起了,我明天不能还,喂喂，请说话,在开会你等会打来可不可以,真的吗,我要去举报你们,啥子情况哦,对不起，你拨打的号码不在服务区,能请我看一场电影吗,对不起，你拨打的号码把你拉入了黑名单,对不起，你拨打的号码已关机,不好意思，你打错电话了,能减免利息就没问题了,我同意,可以，你太好了,这样的话我明天就还,真的太好了，我一定在X天内还,都这样了我不还还是个人吗,真的太好了，我保证在X天内还,太感谢了，我马上就还,那要得嘛,好好好要得,减了利息欠款还是太多了,这个欠款还是太多了,看来你是不想我还了,还可以再减免一些么,我今天还不了,但是本金还是太多了，还不了,我只有下个月还了,你是看不起我吗，还给我减免,我这个月肯定没钱,能再减一部分本金吗,今天天气真好,你还要我怎样,我想请你看电影,这么求多问题,可不可以请我吃饭,我想请你吃饭,出问题经过大脑,挂了,我觉得你有毛病,利息一共多少钱,要得嘛，先还,这可以，延期好久,可以，麻烦了,可以,我同意,xx款，我可以还先还,这部分可以，延期到好久,这部分我还的起,好，我同意,那好，我月底给你交钱,不可以，有钱了我自然会还,对不起，不可以,我算哈钱，好像不够，再少点可不可以,大哥，行行好，在少点,不可以,催催催，欠你了好多啊,减免太少了，能在多减免一下么，实在还不了,你再多减点噻，一点诚意者莫得,我做不到，除非再少还一点,可以再延期久一点么,我算一哈钱,一上午的时间就浪费了,我现在不方便，空了再说,这样有意义吗,挂了,你是周杰伦吗,答案想得头疼,你的背包，背到现在还没烂,今天天气真好,可不可以请我吃饭,,,,,,,,,,,,,,,,,,,,,,,,,,,,,,
23,6/27/18 13:41,118.116.19.118-成都,我不是你找的人,你找错人了,他出差去了,他没在,我不认识他,你说啥子哦,他是哪个哦,不要再乱打电话,几年都没听到他的消息了,不晓得他是谁,是的,你有啥事情吗,你是哪个哦,有啥子事情，赶紧说,我就是,嗯，是的,就是就是,我现在有点忙,我现在开会,你找我有什么事情,貌似信号有点不好,声音有点小,听不清你说啥子,我不认识你吧,又是你个瓜娃子,你是推销的吧,瓜戳戳的,你大爷,哈哈,你说什么,"哦, 认识啊",我是他朋友,我是他邻居,貌似记得这个人,肯定晓得撒,他嗦，和我熟得很,咋可能不认识他龟儿子哦，是不是有惹啥子事情了,是我儿子，咋个喃,认识，但是他已经死了几年了,认识哦，但是我们有好几年没联系了，他还欠我几千块钱,没听过,不晓得,不认识,没印象，他是一个明星吗,不记得有这么一个人,没得啥子记忆,从来没有接触过这个人,不认识，咋个？他有啥子问题吗？,认识个球,认不到,我认识的人叫这个名字的多了，你说具体点，我才晓得。,听到你说啥子,我没时间,你说我认不认识,你是个瓜娃子哦,信号很差，你能不能换个信号好的地方说,我电话快没电了,你是从哪里打的电话,你是哪个嘛,你再打骚扰电话，我要把你加入黑名单,我穷得很，莫得钱还，可以不可以再借点给我,不想还,利息太高了，还不起。,感觉有点坑，这么点时间就这么多利息,不好意思，我换电话了，然后把这个事情搞忘记了,饭都吃不起了，还啥子钱,要钱莫得，要命有一条,我就是故意不还的，莫得其他原因,最近运气撇，做生意亏了几十万，现在还欠几十万，天天被人追账，我都要崩溃了，确实莫得钱,我的钱遭银行给我冻结了,我艹，好久欠你钱了,你应该是找错人了吧,你是不是没搞清楚，我咋可能借钱，我钱多的是,我借钱？不是吧,你说啥子呢？我好久借了钱的,我压根就没欠任何人钱，你瓜娃子不要来骗我,你个骗子,欠你大爷哦，劳资从来都不借钱,我这么有钱的人，会借你的钱，你一定是搞错了。,我建议你再确认下，不可能是我借的,哈哈，你好搞笑,你们搞这个也太黑了，利息好高,你们放贷有点赚钱哦，能不能分享下经验,干你们这行工资高不,你们一天工作好多小时,请问你是谁,先不说了，我要去打麻将了,你们一天可以打好多个这种电话,2个月利息就是3000，这个利润有点可观,你们这个是不是高利贷，我要举报你们,这么多，可不可以少点,你想多了哦，这么多我是不可能还的，要少点儿,如果只还本金，我可以考虑,我只有200元，你要不要，不要拉倒,能不能把利息免了,利息能打折吗,我能只还60%吗,能不能把利息和滞纳金免了？,要少点我才得还,你以为我是开银行的哦，这么多钱。必须要少才可以,要得，明天就去还,不好意思，昨天本来打算去还的，结果有事耽搁了。马上我就去还,好的，我叫我秘书马上去把钱还了,周末我去银行还,再等几天我就去还，可以吧,没问题，我卡里有钱，你可以代扣吗？我把卡号给你们,好，你可以接受现金支票吗？,我没有你们的帐号信息，能给一个还款的账号吗？立马给你打过来,年底还给你们可以吧？,我这个月还一半，下个月还另外一半,我现在山里面，还不了,哪里有钱还你哦,我从来没想过要还你们这个钱,喊你们领导来我都不得还,要我还钱，做梦吧,我看你是没睡醒,等到下辈子我可能会考虑,卡上一分钱都没有了，怎么还,四个包包一样重，你说怎么还,等我买彩票中了特等奖，就可以还了,我在车站里，太吵了,地铁里信号不好,听不懂你说啥子,能不能说大点,现在已经晚上10点，你们不下班吗,有完没完呢,我现在有点忙，你等会儿打来,我电话有点问题,你是专门催债的吗,爬哟,还可以这样子啊，没问题,早就嘛，我早就可以还给你们了,要得要得,可以,非常感谢，我马上就可以还,这样子我立马就可以还，你们帐号好多？,不是吧，这么安逸。,那我月末就可以还,同意，下午你们就去账户收钱好了,行,虽然少了，但是我还是莫得那么多钱。,你认为减免这点钱，我就会还吗,别太天真了,你是来搞笑的吗？少这么一点,还可以再少点不,只少这么一点，还是要等我中奖了才可以还,我实在没那么多钱，我已经失业了，现在靠摆地摊为生,你少再多也没用，我就是不想还,我现在吃饭都吃不起了，哪里有钱,可以不还吗,可以考虑下，我下午去问我朋友借下看行不行,你找错人了,我又没欠你钱,他出去了,他不在这里，等会儿我转告他,有点忙，等会儿再说,这边雨有点大，听不清你说啥子,哥们儿，吃午饭没,你们最近看世界杯吗,我都无语了,我可以还本金，其他的想都不要想,没得问题,这样子还差不多,行，下个月初发了工资就还,我这个月工资只剩2000，可以先还一部分,真是这样子，我立马就可以先还剩余部分,好吧,要得,可以,那好，我明天就还,还不了，我现在真的没钱,要是可以再少一点就可以,再延长一点,可以等半年后再还吗,等我找到工作了，就立马还，行不行,给你们说了多少次，我是不得还钱的,还不到哈，无论怎么说,没钱,现在我一分钱都没有,最近手头有点紧张，再等几天吧,可以用其他东西抵押不,你喜欢刘德华不,烦死了,我在国外，不太方便,今天有点热，你们有空调吗,我在电梯里，等下说,我在开车，先不说了,你听到了吗？我正在看演唱会,什么？啊？什么？听不清,算了，我可以请你吃饭,,,,,,,,,,,,,,,,,,,,,,,,,,,,,,
24,6/27/18 14:06,118.116.19.114-成都,张三,张三死,我张三死,的份张三额,斐斐张三死,我不是,是我,你是谁,他谁呀,啥干,恩,我是,恩，对,是我,恩恩,恩哪,对哟,"Yes,是的",有啥事,我正在上班,风太大,没听清,今天天气很好,你猜我是不是呀,你是不是有病呀,吃错药了吧,你有药吗,搞错了吧,太阳好大,让我想想,有人打你电话,问你认不认识张三,我说你认知,例如，嗯,我认识,我是他姐姐,我是他哥哥,我是他弟弟,他正在开车,待会我让他回你,例如，不认识,没听说过,怎么可能有人起这种名字呢,太难听了,你好,我好,大家好,也是,算是吧,好累,听清,说啥子,你说嘛,鬼扯哟,写得鬼火冒,你嘚瑟嘛,就是死,死得帮翠,死翘翘,德国,我丢工作了,生小孩,我媳妇前段时间生小孩,我妈妈,我妈妈也住院了,实在是,没有钱／,我家人,出事了,我都吃不起饭了,我不欠钱,你找错人了,这个是,我朋友,我的身份证办的,和我,没有关系,我没借,这么多,你猜呢,你再说,一次,天气,真好,利息,是怎么算的,大点声,滚犊子,你大爷,一边呆着,希望减免时,可能回答内容,金额,太高了,能少还一点吗,我,可以先还一部分么,可以的,打滴,滴滴打, 可以的,没问题,我有的是钱,土豪,土鳖,土王八,洋王八,鳄龟,吓死恩,我等会就处理,我今天还不了,我明天不能还,想让我还钱,等到下辈子吧,你也是可以呀,追王子,吓尿了,不得赊账,心意,诚意,我听不清,在开会你等会打来,讲真的,小生的花伞还落在你家,你美眷如花,我浪迹天涯,为我泡杯花茶,和你有些不搭,气氛开始有一点尴尬,你腼腆一笑,我同意,这样子我就还的起了,谢谢你, 这样的话没问题,谢谢，那我下周肯定能还上,这样的话我明天就还,竟如此融洽,我情不自禁会为你牵挂,什么时代,早已经不想回家,但还是太多了,实在没那么多钱,我还在住院,老婆也辞职了,还可以再减免一些么,我今天还不了,这个欠款还是太多了,我这个月肯定没钱 ,蝴蝶为你倾倒,凝眸几秒,我是他姐姐,天气怎样,不知道该干嘛,你拂袖模样,情千变万化,一壶好酒,趁着夜还未央,独自品尝,这大把好时光,夜深人静,我可以还先还,这部分我还的起,那好,我月底给你交钱,这样的话我明天还 ,略显一丝凄凉,东奔西走,微醺不宜骑马,听着浪人,弹着断了弦的琵琶,可以少还一点,可以再延期久一点么 ,我今天还不了,我现在真的没有钱,减免太少了,能在多减免一下么,实在还不了,路过青楼酒馆,官人进来坐坐好吗,我的思念,你吃饭了么,我不方便,我饿了,你吃饱了吗,请我吃饭,乞讨,饭都吃不起,钱钱都舍不得,骚包,傻逼,,,,,,,,,,,,,,,,,,,,,,,,,,,,,,
25,6/27/18 14:17,118.116.19.113-成都,猜猜看,继续猜,我不知道,你是谁,有什么事,不认识他,一会我转告给她,我在开会,现在有点不方便,啦啦,阿斯顿,啊,阿迪,安德森,说的,撒,触动我的,说的撒额,来了,受伤了,撒大,阿大,发的大,阿大,阿斯顿撒,as,花儿、花儿、慢慢落下, 要分离、要分离, 小溪向东去, 看到、看到、最高的云里, 大雁飞过去, 约定好、约定好,书信别忘记,书信别忘记,身边河水提醒你,书信别忘记,在这瑟瑟的秋季, 漂泊的兰舟, 还有漂泊的一个你, 通通走进了我梦里, 月儿、月儿、悄悄升起,让我想起你, 不要理、不要理, 西楼、西楼、最高的地方, 书信也不寄, 我望着云里, 盼着你、盼着你, 假装不在意, 等着你的书信寄,假装不在意,心里偏偏都是你,满满的月光, 还有那满满的心意,跟你去到遥远的梦里, 料峭清风正轻奏   伊人瘦, 几多离愁  花间朦胧把酒, 醉里登高却不见吴钩, 欲说还休  依稀新词强说愁, 欲举目神州  一片南雁北走, 看不尽江水东流, 爱上层楼  天凉又难道是秋,是否风流偏偏要都化乌有,难回首,最怕江南游子再故地重游,已白头,尚能饭否,无人问津廉颇几斗,往昔觅封侯,也笑不信人间有白头,年少万兜鍪,看此生应是有志难酬,来赋词几首,借楚天千里清秋,唤取红巾翠袖,风吹雨打愿山河依旧,驾一叶扁舟,万军敌营等闲走,却明争暗斗,偏安一隅而不思北收,若一心一意,这江山万里又何惧万里,方寸地,醉里挑灯吹角连营梦里依稀,清风明月稻花香里蝉鸣声声,丰年意,马作的卢弓如霹雳征战沙场,收失地,退阵杀敌,即便这功劳尽舍弃,美芹心意,如微雨轻尘落脚底,白驹过隙,当年的誓言不背离,万籁俱寂,痴人说梦话谁在意,万籁俱寂,我以我血为轩辕祭,爱恨情仇多寂寥,掀翻残局都毁掉,径须取酒泼一瓢,浪迹少年心不老,自歌自舞痴天高,自我忘忧任飞鸟,只要陈香的酒窖,就能带吾去笑傲,聊复人间似甘草,铁马胡琴挽残照,酒斩来客欸声少,琥珀九转惊鸿啸,对酒当歌零浮藻,连拼大浪金沙淘,总该有时醒瑞脑,岂贻大方惧途遥,闲它天宫光开早,酒入愁肠睡不消,胸胆未开人便老,胸胆未开人便老,酒囊烂肚量未到,开轩爱酒水迢迢,空饥兀然粮液糙,但为康乐解酒刨,出门独占车马道,侧酒自倾上重霄,已成癫狂尚抽刀,束裾投酒定杰豪,风起的时候,有一点惆怅,栀子花吐着芳香,会不会改变模样,几多浓烈的相思,也要花蕊绽放,谁在乎蝴蝶的匆忙,害怕这美丽的瞬间遗忘,把你印上我的翅膀,下一秒的时间,一切别来无恙,雨落的时候,有一点彷徨,睡莲静立水中央,会不会惊扰梦乡,划落的万千情丝,淋湿了记忆的窗,谁在乎燕子的慌张,害怕这美丽的瞬间遗忘,把你装进我的胸膛,下一次的轮回,天空依然无伤,爱情的模样不会被遗忘,一直是这般模样,丰收的季节回来听听父母高兴的话,雨打了年华溜走,看燕来 看花艳,有些风景在心间,有多少往事,爱了月光,不思量有多少遗憾,想春风,爱春雨,有些花香在指尖,有一些思念,爱了红尘,会叹息有多少眷恋,雨打了年华溜走,只学会为你伤感,月光起舞,轻叹流年,还似那旧时容颜,雨打了年华溜走,只学会为你伤感,星光明亮,往事悠然,相思多少梦暗换,童年就像待放的花,无论外面的世界风再大雨一直下, 无论多么清贫和凄苦,我就在你掌心慢慢长大,青春也许只是刹那,失去后才明白当初该好好珍惜她,现在开始把借口放下,农忙的季节就该回一趟家,麦子熟了, 抢五月的时候有你的身影吗,一亩地的收获顶不上一趟车票的价,可是一粒粮食是父母的希望啊,麦子熟了,不用干活你也没时间回家吗, 只要你能在地头儿转转不用说个啥,父母的干劲儿会一年更比一年大,麦子熟了,不要给家打电话,,,,,,,,,,,,,,,,,,,,,,,,,,,,,,
26,6/27/18 17:11,218.89.239.43-成都,哎呀，你说的什么，我不是,你找错人了,接通 挂断,你打错了,我不方便接你电话,等会再说,我现在没时间,我现在没空,你说什么我听不懂,不不不,啊，是的,就是,对的,没错,OK,对对对,是我,就是我,我是本人,对,接通，挂断,接通，无应答,我没听清楚,请重复,请再说一遍,你说慢点,你慢点说，我没听懂,我不知道你在说什么,你说的啥,啊,他在睡觉，一会回你,他在吃饭，不方便接你的电话，待会我让他回你,他在洗澡，不方便接你的电话，待会我让他回你,他在上厕所，不方便接你的电话，待会我让他回你,他在开会，不方便接你的电话，待会我让他回你,他在忙，不方便接你的电话，待会我让他回你,他不手机忘带了，待会我让他回你,嗯,我朋友,我同学,你打错了，我不认识,不不不,接通直接挂断,我不知道,我不清楚,我不知道 张三是谁,没听说过,NONONO,我不认识他,不认识这个人,接通，挂断,接通 无应答,你说的什么,你在说一遍,我不清楚你说的什么,我不明白你说的啥,你在重复一遍,你说慢一点,你慢点说,你说的啥,没钱,我现在手头紧,我现在一分钱都没有,我现在两手空空,我现在吃饭的钱都没有了,我确认没钱,我真的没钱,我现在手里面没钱,我现在确认没钱,我现在手里一点钱都没有,我没有借过钱那,你打错了,我什么时候结果钱，我怎么不知道,我不欠任何钱,接通挂断,你弄错了,我没借过钱,你们肯定是搞错了,我没借过钱啊,你简直是乱说，这事根本不存在,你说的啥,你在说一遍那,你在重复一遍,你重新说一遍,你说的太快了,接通 挂断,接通 无应答,简直不知道你在说什么,我不知道你在说什么,我听不懂,我现在手里没钱，能少还点？,我现在手里没钱，先还一部分,我现在说里没钱，暂时先少还点可以不,我现在手里没钱，暂时先还一部分可以不,我现在手里没钱，能不能少还点,我现在手里没钱，能不能先还一部分,我现在说里没钱，暂时先少还点怎么样,我现在手里没钱，暂时先还一部分怎么样,我现在手里紧张，先少还点可以不,我现在手里紧张，能不能先还一部分,好好好,没问题,可以的,行行,OKOK,好好，我知道了,行行，马上处理,好好好，马上就办,没问题，现在就还,没问题。马上就还,没钱,我现在没钱,我现在一分钱没有,我现在手头紧张,我现在两手空空,我现在缺钱,我现在资金紧张,我现在资金有问题,我现在资金不足,我现在资金断裂,你说的啥,你在说一遍,你在重复一遍,我没有听清楚,我不懂你在说什么,我不知道你在说什么,我不明白你的意思,你在说什么，我一点不懂,我现在没时间,接通 挂断,好好,可以可以,OKOK,没问题,感谢,非常感谢,太好了,真的是万分感谢,谢谢你,我同意,我现在没钱,我现在缺钱,我现在手头紧张,我现在两手空空,我现在吃饭都困难,我现在基本生活都困难,我现在资金紧张,我现在资金上出了点问题,我现在资金链断裂了,我现在资金不足,接通 挂断,你说的啥,你说的我不明白,你说的我不懂,你说的我不明白,我不知道你再说什么,你在说书嘛,你再重复一遍,你说慢一点,你慢慢说,好好好,可以可以,没问题,OKOK,行行,感谢,非常感谢,我接受,我愿意,这个好,我现在没钱,我现在缺钱,我真的没钱,我现在非常缺钱,我现在手头紧张,我现在手里非常紧张,我现在生活都是问题,我吃饭都困难,我现在两手空空,我现在资金不足,你说的啥,你再说一遍,你说的什么,你说的啥,你在重复一遍,你说慢点,你慢慢说,接通 挂断,你说的什么呀,我完全不懂你的意思,,,,,,,,,,,,,,,,,,,,,,,,,,,,,,