label,split_text,text
0,啊,啊
1,你 有病 吧 我 跟你 说过 很多次 了 我 不是 他,你有病吧，我跟你说过很多次了我不是他
1,不是 什么事,不是，什么事
0,啊 对,啊对
0,对,对
0,对,对
1,我 不是 啊,我不是啊
0,噢,噢
0,啊,啊
0,啊,啊
0,啊 对,啊对
0,嗯 你说,嗯你说
0,是的呀,是的呀
0,对啊,对啊
0,啊 对,啊对
0,啊 对,啊对
0,噢 对,噢对
0,嗯那,嗯那
0,啊,啊
0,哇,哇
0,嗯,嗯
0,嗯,嗯
0,对对,对对
0,啊,啊
0,嗯唉,嗯唉
0,唉呀,唉呀
0,嗯嗯,嗯嗯
0,嗯,嗯
0,嗯 是的,嗯是的
0,啊 对,啊对
0,对,对
0,喂唉 你好,喂唉你好
0,啊,啊
0,似的 似的,似的似的
0,啊,啊
0,这边 有 印象 吗 有有,有有
0,唉,唉
0,是,是
0,啊,啊
0,噢 对 对 对 对 对,噢对对对对对
0,哦 对,哦对
0,噢 您好,噢您好
0,啊 对 对 对 唉 你好,啊对对对唉你好
1,不是 你 打错 了,不是你打错了
1,噢 我不是 我 说了 你 这个 大哥 打错 了,噢我不是，我说了你这个大哥打错了
0,啊 对,啊对
0,是噢 您好,是噢您好
0,唉,唉
0,嗯,嗯
0,啊,啊
0,嗯 对,嗯对
0,对 对,对对
0,对,对
0,是的,是的
0,唉 是的 是的,唉是的是的
0,是啊 是啊,是啊是啊
0,是的 唉 你好,是的唉你好
0,啊啊,啊啊
0,对,对
0,啊,啊
0,嗯 是的 你是谁,嗯，是的，你是谁
0,是的 您 哪位,是的，您哪位
1,我 不是 你 找谁,我不是 你找谁
1,不是 你 是谁,不是 你是谁
1,你 打错 了,你打错了
1,不是 你 是不是 打错 了,不是，你是不是打错了
1,我 不 认识 这个 人,我不认识这个人
0,嗯 是,嗯，是
2,你 说什么 我 没 听清,你说什么我没听清
2,什么,什么
2,你 打错 电话 了,你打错电话了
2,不要 再 打 这个 电话 了 烦 不烦,不要再打这个电话了烦不烦
2,你好,你好
2,唉 你好,唉你好
2,你 找 哪位,你找哪位
0,我 就是,我就是
0,是的,是的
0,我是 你好,我是，你好
0,你 哪里,你哪里
2,我 现在 不 方便 你 一会儿 再 打来,我现在不方便你一会儿再打来
2,什么 事,什么事
2,你 再说 一遍 我 没听清,你再说一遍我没听清
0,我 是 有 什么事,我是 有什么事
1,不是 你 打错 了 吧,不是 你打错了吧
1,打错 了 吧,打错了吧
2,稍等 一下,稍等一下
2,对不起 您 拨错 电话 号码 了,对不起，您拨错电话号码了
1,他 不在 我 是 他 同事,他不在，我是他同事
0,我 现在 有事 待会 回你,我现在有事，待会回你
0,不好 意思 我还 有事,不好意思，我还有事
2,喂喂 这里 太吵 了,喂喂，这里太吵了
2,你 是 骗子 吧,你是骗子吧
2,你 是 谁,你是谁
2,我们 认识 吗,我们认识吗
1,你 找 他 什么 事,你找他什么事
1,他 很久 没有 回家 了,他很久没有回家了
1,我 是 他 妈妈,我是他妈妈
2,你 脑子 有病 吧,你脑子有病吧
0,我 有 急事,我有急事
0,我 在 开会,我在开会
1,你打错 号码 了,你打错号码了
0,是 我,是我
0,我 心情 不 太好 下次 再 联系 你,我心情不太好，下次再联系你
0,不要 再来 烦 我了,不要再来烦我了
0,嗯 找 我 什么 事,嗯，找我什么事
0,对 你 是 谁 呀,对，你是谁呀
0,嗯 我 是,嗯，我是
0,我 是 有事 吗,我是，有事吗
1,他 出去 了 您 稍等 一下,他出去了，您稍等一下
2,你 有 什么 事,你有什么事
1,不是 不是 没有 这个 人,不是不是没有这个人
0,嗯 你好,嗯 你好
0,嗯 哎,嗯哎
2,谁,谁
2,你 谁 啊,你谁啊
0,你 说,你说
0,说吧,说吧
0,对的 我是,对的，我是
1,我 说过 很多 次 了 我 不是,我说过很多次了，我不是
0,不要 再 来 折腾 我 了 我 没钱 还,不要再来折腾我了，我没钱还
0,让 平安 I 贷 来 找我 你 算 老几,让平安i贷来找我，你算老几
0,知道 你 是 来 催钱 的 老子 没钱,知道你是来催钱的，老子没钱
0,我 现在 连 饭 都 吃 不上 哪 有钱 还,我现在连饭都吃不上，哪有钱还
1,你 傻叉 呀 我 不是,你傻叉呀，我不是
0,嗯嗯 是 我 请问 你是,嗯嗯，是我，请问你是？
1,他 手机 放 我 这 了他 现在 出去 了,他手机放我这了，他现在出去了
0,对对 我 是 找 我 干 什么,对对，我是，找我干什么
1,我 是 李大宝 不是 张二 狗,我是李大宝，不是张二狗
1,我 不是 你 打错 电话 了,我不是，你打错电话了
2,我 是 又 如何 不是 又 如何 老子 不怕 你们,我是有如何，不是又如何，老子不怕你们
2,滚 别来 烦我,滚，别来烦我
1,求求 你们 不要 再 打电话 给我 了 我 真的 不是,求求你们不要再打电话给我了，我真的不是
0,我 是的 但是 现在 没有 钱 还 再 宽限 几天 吧,我是的，但是现在没有钱还，再宽限几天吧
2,你们 再 打 电话 我 要 报警 了,你们再打电话我要报警了
1,我 不是 你 要 找 的 人,我不是你要找的人
2,啊 你 猜 我 是 不是,啊，你猜我是不是
2,我 是 不是 和 你 有 关系 么,我是不是和你有关系么
1,你们 找 她 有 什么 事 么 他 现在 不在,你们找她有什么事么，他现在不在
1,我 不是 的 拜拜,我不是的，拜拜
1,他 已经 被 警方 逮捕 了,他已经被警方逮捕了
0,我 是 嗯 呢,我是，嗯呢
2,你们 要 做 什么,你们要做什么
1,对 不起 我 不是,对不起，我不是
0,今天 天气 真好 找 我 有 什么 事 么,今天天气真好，找我有什么事么
0,嗯嗯 你们 要 干嘛,嗯嗯，你们要干嘛
0,我 是的 你们 是 催收 公司 的 么,我是的，你们是催收公司的么
1,我 是 他 哥 他  的 手机 送给 我 了,我是他哥，他的手机送给我了
1,你好 他 不在,你好，他不在
0,哦 对对,哦，对对
0,嗯 我 现在 比较 忙,嗯，我现在比较忙
0,嗯嗯 有 什么 事 吗,嗯嗯，有什么事吗
1,我 不是 请 你 不要 再 打扰 我 了,我不是，请你不要再打扰我了
2,喂 喂 喂,喂、喂、喂
2,喂 你好 你好,喂，你好，你好
0,你好 小哥 我 暂时 手头 有点 紧,你好小哥，我暂时手头有点紧
2,抱歉 拜拜,抱歉，拜拜
2,他 死了 不要 再 打 电话 了,他死了，不要再打电话了
1,我 不是 他 找 他 干嘛,我不是他，找他干嘛
0,哎 哎,哎哎
0,你好 我 就 是 你 是 谁,你好，我就是，你是谁
1,啊 不是,啊 不是
2,找 谁,找谁
0,啊 你好,啊 你好
2,啊 你 是 谁 啊 你 找 哪个,啊 你是谁啊 你找哪个
1,找 我 有 什么 事情 吗,找我有什么事情吗
0,你 是 来 要钱 的 吗,你是来要钱的吗
0,嗯 嗯 嗯,嗯嗯嗯
1,不是 你 找 谁 啊,不是你找谁啊
1,我 不 知道 你 说 的 是 谁,我不知道你说的是谁
1,不是 不是 啊,不是不是啊
0,哦 嗯 是的 是的,哦 嗯 是的是的
0,是 我,是我
1,没有 啊 我 不是 的,没有啊 我不是的
0,是的 嗯,是的嗯
0,啊 对的,啊对的
0,嗯 是的 呀,嗯 是的呀
0,你 说 吧,你说吧
0,是 是 是,是是是
0,啊 是的 是的,啊 是的是的
0,啊 对 的 是 我,啊 对的是我
0,对 的 你好,对的 你好
0,啊 是 是 是 是 是,啊 是是是是是
1,不是 的 啊,不是的啊
1,没有 这 个 人 啊,没有这个人啊
0,嗯 你好 怎么 了,嗯 你好 怎么了
0,啊 是的 你好,啊 是的 你好
0,对 呀,对呀
0,啊 找 我 什么 事,啊，找我什么事
0,啊 啊 对 我 是的,啊啊，对我是的
0,啊 你 是 哪位,啊，你是哪位
0,啊 嗯 你 是,啊嗯，你是？
0,啊 哈 你 是 谁呀 找 我 什么 事,啊哈，你是谁呀，找我什么事
0,啊啊 是我,啊啊，是我
0,啊啊 我是,啊啊，我是
0,啊 我不认识你 你要干什么,啊，我不认识你，你要干什么
0,啊 啊 没错 是 我,啊啊，没错是我
0,啊 你 找 我 要 做 什么 我们 似乎 不 认识,啊 ，你找我要做什么，我们似乎不认识
1,你 打错 电话 了 我 不是,你打错电话了，我不是
1,我 不是 你 是 哪位,我不是，你是哪位
1,你 可能 打错 电话 了,你可能打错电话了
1,这个 人 不 是 我,这个人 不是我
1,我 不是 XX 你 找错 人 了,我不是XX，你找错人了
1,你 找错 人 了,你找错人了
1,抱歉 你 打错 了 拜拜,抱歉，你打错了，拜拜
1,我 不是 你 要 找 的 人,我不是你要找的人
1,你 找 的 人不是 我,你找的人不是我
1,你 是 谁 打错 电话 了,你是谁，打错电话了
1,你 找错 人 了 你 是 谁,你找错人了，你是谁
1,对 不 起 我 不是 你 要 找 的 人,对不起，我不是你要找的人
1,对 不 起 你 打错 电话 了,对不起，你打错电话了
0,对 的 你 是 哪位,对的，你是哪位
0,对 的 找 我 有 事 么,对的，找我有事么
0,对 但 我 不 认识 你 呀,对，但我不认识你呀
0,对 的 你 是,对的，你是？
0,对 我们 认识 么,对，我们认识么
0,对 你 找我 要 干 什么,对，你找我要干什么
0,对 我 认识 你 么,对，我认识你么
0,对 我们 不 认识 吧 找 我 什么 事,对，我们不认识吧，找我什么事
0,对 你 怎么 有 我 联系 方式,对，你怎么有我联系方式
0,你 是 谁 怎么 会 有 我 的 电话,你是谁，怎么会有我的电话
0,嗯 我还有事 待会回你,嗯，我还有事，待会回你
0,嗯 嗯 我 比较 忙 待会 联系,嗯嗯，我比较忙，待会联系
0,嗯 嗯 我 现在 不 方便 待会 打 给 你,嗯嗯，我现在不方便，待会打给你
0,嗯 我 在 开车 待会 再说,嗯，我在开车，待会再说
0,嗯 现 在 接 电话 不 方便 之后 回你,嗯，现在接电话不方便，之后回你
0,嗯嗯 之后再联系你 现在有事,嗯嗯，之后再联系你，现在有事
0,嗯嗯 还在上班 晚点联系你,嗯嗯，还在上班，晚点联系你
0,嗯嗯 在和客户谈工作 有时间在打给你,嗯嗯，在和客户谈工作，有时间在打给你
0,嗯 我在吃饭 待会打给你,嗯，我在吃饭，待会打给你
0,嗯 嗯 还 在 路上 回家 再 联系 你,嗯嗯，还在路上，回家再联系你
0,嗯 嗯 找 我 做 什么,嗯嗯，找我做什么
0,嗯 嗯 你 怎么 找到 我 的,嗯嗯，你怎么找到我的
0,嗯 你 是 骗子 么,嗯，你是骗子么
0,嗯 嗯 什么 事,嗯嗯，什么事
0,嗯 你 是 做 什么 的 为 什么 打 电话 给我,嗯，你是做什么的，为什么打电话给我
0,嗯 我是 你 是 哪位,嗯，我是，你是哪位
0,嗯 嗯 你 要 做 什么,嗯嗯，你要做什么
0,嗯 我 是 你 是,嗯，我是，你是？
0,嗯 嗯 我 不 认识 你 呀 找 我 有 事 么,嗯嗯，我不认识是你呀，找我有事么
0,嗯 嗯 我 是的 有 事 么,嗯嗯，我是的，有事么
0,嗯 嗯 什么 事 呀 你 是 谁,嗯嗯，什么事呀，你是谁
1,你 个 骗子 都 说 了 我 不是,你个骗子，都说了我不是
0,不要 再来 烦 我 了,不要再来烦我了
2,你 是 传销 的 么,你是传销的么
2,你 是 推销 保险 的 吧,你是推销保险的吧
2,你 是 骗子 吧,你是骗子吧
2,你 是 谁,你是谁
2,你 是 做 什么 的,你是做什么的
2,你 是 电话 诈骗 的 么,你是电话诈骗的么
2,是 谁 雇 你 打 电话 的,是谁雇你打电话的
2,你 在 为 谁 工作,你在为谁工作
2,你 到底 是 谁,你到底是谁
2,你 要 做 什么,你要做什么
1,他 出去 了,他出去了
1,他 去 吃饭 了,他去吃饭了
1,他 去 取 快递 了,他去取快递了
1,他 人 不在,他人不在
1,他 去 买 水 喝 了,他去买水喝了
1,他 在 上班,他在上班
1,他 出去 耍 了,他出去耍了
1,他 在 休息,他在休息
1,他 正在 洗漱,他正在洗漱
1,他 在 跑步,他在跑步
1,他 还 有事,他还有事
1,你 是 不是 脑子 有 问题 都 说 了 那么 多 遍 了 我 不是,你是不是脑子有问题，都说了那么多遍了，我不是
1,你 是 傻子 么 都 说 了 我 不是,你是傻子么，都说了我不是
1,我 说 你 这人 怎么 这样 呀 我 不是,我说你这人怎么这样呀，我不是
1,你 脑子 进水 了 吧 还 打 过来 我 不是,你脑子进水了吧，还打过了，我不是
1,你 忘记 吃药 了 吧 我 不是,你忘记吃药了吧，我不是
1,你 怎么 这么 固执 我 不是,你怎么这么固执，我不是
1,你 打 电话 打 傻 了 吧 都 说 了 几百 遍 了 我 不是,你打电话打傻了吧，都说了几百遍了，我不是
1,不要 再 打 电话 过来 了 我 不是,不要再打电话过来了，我不是
1,不要 再 来 打扰 我 了 都 说了 我 不是,不要再来打扰我了，都说了我不是
1,你 是 猪 么 怎么 理解 不 了 我的 意思 呀,你是猪么，怎么理解不了我的意思呀
0,你 是 催款 公司 的 么,你是催款公司的么
0,那个 钱 我 现在 还 不起,那个钱我现在还不起
0,我 没有 钱,我没有钱
0,再 等 几天 吧 马上 我 就 可以 有钱 了,再等几天吧，马上我就可以有钱了
0,你 是 催收 公司 的 工作 人员 么,你是催收公司的工作人员么
0,你 是 360 贷款 公司 的 吧,你是360贷款公司的吧
2,信号 不好 再 说 一遍,信号不好，再说一遍
2,喂 喂 噪音 太大 了,喂喂，噪音太大了
2,声音 大 一点 我 听 不清,声音大一点我听不清
2,声音断断 续续 的 不 知道 你 在 说 什么,声音断断续续的，不知道你在说什么
2,你 重新 说 一下 刚才 没 听清,你重新说一下，刚才没听清
2,声音 太 小了 听 不清,声音太小了，听不清
2,喂 说话 呀,喂，说话呀
1,是 你 大爷,
1,是 你爸,
1,是 你妹,
1,你 是不是 有病,
0,啊 什么事,
1,我 是 他 爸,
1,我 是 他 妈妈,
1,我 是 他 邻居,
1,他 换 电话 了,
1,你 爸 才是,
1,我 是 你 大爷,
1,是 个 屁,
1,打错 了,
0,请问 什么事,
0,啊,
0,是 你 哪位,
1,不是 你 哪位,
1,不是 你 打错了,
1,你 找他 什么事,
0,怎么 了,
1,滚,
1,不好意思 打错了,
1,说了 不是,
0,我 不方便 等下 打给 你,
1,你 大爷 才是,
1,是 你妈,
2,你 猜,
2,你 说 呢,
1,我不是,
1,打错了,
1,不是,
1,我不是,
1,不是,
1,不是的，他在忙什么事,
1,是,
1,我不是,
1,我不是,
1,不是,
1,不是,
1,不认识,
1,你是不是打错了,
1,不是得。,
1,我是她的朋友,
1,不是，我的号码刚买的,
1,我不是,
1,我不是他,
1,我吗？不是吧,
1,不是我，你找错人了,
1,不是,
1,我不是,
1,不是,
1,不是,
1,不是,
1,不是,
1,不认识,
1,我不是,
1,不是，你是谁？,
1,我在开车,
1,我不是,
1,谁,
1,打错了,
1,不好意思，你打错电话了，,
1,不是的,
1,不是 你是谁,
1,不是本人，这是朋友给的号码,
1,我不是,
1,不是，你是谁？,
1,我不是,
1,打错了,
1,我不是,
1,什么事情,
1,不是，打错了,
1,我不是,
1,我不是,
1,打错了,
1,我不是,
1,打错了,
1,我不是xx,
1,不是本人,
1,打错了,
1,我不是,
1,我不是,
1,号码刚换的,
1,我不是,
1,我是他爹,
1,不是,
1,我不是,
1,我不是,
1,我不是,
1,不认识,
1,刚办的号,
1,我是他朋友,
1,不认识,
1,不是,
1,我不是,
1,我不是打错了，挂,
1,我不是,
1,不是。,
1,你打错了,
1,不是,
1,打错了,
1,你打错了！,
1,我不是,
1,不是,
1,打错了,
1,你打错了,
1,不是,
1,我不是,
1,我不是,
1,我不是,
1,不是，我是他朋友，他出去了,
1,我不是,
1,你是哪位,
1,不是,
1,你打错了,
1,你打错了,
1,号码刚刚用,
1,他现在不在，等会再打过了,
1,不是,
1,你找错人了,
1,是,
1,是,
1,张三谁啊,
1,什么事,
1,你打错了,
1,认不到。,
1,这是我捡到的手机,
1,我现在有事等会联系,
1,你找错人了,
1,我不是她,
1,哈哈哈，不是,
1,不是我,
1,打错了吧,
1,你找错了,
1,你是哪位,
1,滚,
1,打错了,
1,你打错了,
1,有病啊，打我电话,
1,打错了,
1,我不是,
1,他出去了,
1,你找错人了,
1,不知道,
1,不认识,
1,不好意思，我在开车，你打错了，,
1,什么事,
1,号码刚办的,
1,不是，这是刚换的号码,
1,你打错了,
1,我正在开车，不方便接电话。,
1,你找错人了,
1,在开会,
1,不知道,
1,干嘛,
1,不认识,
1,你找错人了,
1,你找错人了,
1,不是,
1,你找错人了,
1,不认识,
1,你打错了,
1,我不是,
1,不知道,
1,不知道,
1,你打错了,
1,打错了,
1,你找错人了,
1,你打错了,
1,找错人了,
1,不认识,
1,我不是,
1,你找错人,
1,谁啊,
1,打错了,
1,他手机在我这充电,
1,你打错电话了,
1,打错了,
1,你打错了,
1,是，哪位 什么事,
1,你找错人了,
1,你打错了吧？,
1,不是本人,
1,打错了,
1,号码刚换的,
1,我不是！,
1,你找错人了,
1,你打错了吧,
1,号码刚换的,
1,干嘛,
1,不认识,
1,你找错人了,
1,不认识,
1,你找错人了,
1,不是，刚换的号码,
1,有什么事情吗,
1,你打错了,
1,不认识,
1,他不在,
1,他不在,
1,在开车,
1,我是她朋友，他手机丢我这了,
1,你打错了,
1,他正在卡车,
1,你是谁,
1,不认识,
1,你是不是有病,
1,干嘛,
1,你确定没打错？,
1,没得这个人。,
1,这是我刚办的卡,
1,现在不方便接电话，我在开会,
1,他在开车,
1,不是我,
1,不是不是不是,
1,你找错人了,
1,我刚换的号码,
1,不知道,
1,打错了吧,
1,找错人了,
1,有什么事,
1,我真的不是,
1,不知道,
1,号码新换的,
1,我不是，别打我电话,
1,我刚办的号码,
1,他在开车,
1,不认识,
1,不知道,
1,不好意思，,
1,在开会,
1,你说什么我听不见,
1,不是，我是他朋友,
1,我不认识,
1,号码刚办理的,
1,他有事,
1,在开车,
1,号码刚换的,
1,找错人了,
1,在上班,
1,正在开会,
1,他正在开车,
1,他不在,
1,你找错人了,
1,他出去了,
1,我是他家人,
1,打错了吧,
1,滚,
1,好久没联系了,
1,他在开车,
1,不认识,
1,他正在开车,
1,你找错了,
1,刚用的号码,
1,你打错了,
1,我不是,
1,他正在开车,
1,你找谁,
1,听不清,
1,这号是刚办理的,
1,我不是,
1,待会再打过来,
1,我是他同事他出去了,
1,喂，听不见,
1,他正在开车,
1,我是他朋友。,
1,正在开车,
1,不知道,
1,你谁啊,
1,滚！,
1,他在开车,
1,不认识,
1,你谁啊,
1,我不是,
1,没听过,
1,他正在开车,
1,你谁，别打我电话,
1,他在开车,
1,不是，他手机坏了。在我店里维修,
1,你是哪个,
1,这不是他的电话,
1,有什么事,
1,他出去了,
1,怎么又打电话,
1,不要烦我,
1,不是，刚办的卡,
1,你谁啊,
1,没在,
1,找他干嘛,
1,秒断,
1,我不是说过我不叫张三,
1,你是谁,
1,不是,
1,哪个找他？,
1,你打错了,
1,上次不是跟你说过了，怎么又给我打电话,
1,你是谁啊，我不认识他,
1,不是，你找他干嘛？,
1,他在开飞机,
1,不是,
1,你谁啊,
1,挂了,
1,你好他人手机在充电,
1,我在开车,
1,说,
1,我号码刚办的,
1,都说了多少次了，不认识,
1,别人的手机,
1,他不在,
1,我是他同事,
1,他出去买东西了,
1,没听过,
1,都说了多少次了,
1,再打电话，起诉你们，,
1,在开车,
1,我在忙 有时间回给你,
1,不是，这手机是捡的,
1,他在开车,
1,信号不好，听不见,
1,没时间,
1,生病住院,
1,在上班,
1,有病吧,
1,在高速开车,
1,正在开车,
1,以前同事,
1,有什么事,
1,你找错人了,
1,这不是他的手机,
1,我是他朋友,
1,走开,
1,等会再打,
1,坐牢了,
1,我很忙,
1,挂断,
1,这号是我刚办的,
1,我不是,
1,他出去了,
1,你是哪里的,
1,我不是,
1,他在开会,
1,打错了吧,
1,听不懂,
1,这号是我捡的,
1,说,
1,不认识,
1,号码刚办的,
1,骂人,
1,他出去了,
1,我不认识他。,
1,没有在,
1,我新换号码不认识,
1,我凭什么告诉你,
1,有病吧你！,
1,他有事,
1,滚,
1,我凭什么告诉你,
1,在忙,
1,不知道,
1,你打错了吧,
1,你找错人了,
1,手机卡是刚办理的,
1,不是，这是我朋友给我的号码,
1,是的,
1,你找他做啥,
1,没听清，再说一遍,
1,他在上厕所,
1,说过多少遍了,
1,晚上8点给我来电话,
1,说了不是，要说多少遍,
1,他不在,
1,不认识,
1,我是他家人,
1,骂人,
1,不认识,
1,不是,
1,你找谁？,
1,他不在。,
1,你到底找谁,
1,你烦不烦啊,
1,他在开会,
1,不是，你怎么有我电话的？,
1,他在开赛车,
1,不,
1,不知道,
1,我不清出,
1,你是谁,
1,信号不好,
1,不认识,
1,我在上班,
1,再打我电话  起诉你们,
1,捡到的手机,
1,他上厕所去了,
1,你打错电话了,
1,他手机在这里充电,
1,不是,
1,不认识,
1,不是不是，你打错电话了,
1,过两小时打,
1,我在开车 不方便接电话,
1,他在开车,
1,他现在不在,
1,你找错人了,
1,搞清楚在打我电话,
1,交通事故,
1,在忙稍后联系,
1,你打错了,
1,在睡觉，别打扰我,
1,正在忙,
1,他是谁啊,
1,找他干嘛,
1,你找错人了,
1,他出去买东西了,
1,你怎么知道我号码,
1,别烦我我不是,
1,不是,
1,打错了,
1,他出去了,
1,不是本人,
1,他出去有点事 我代接,
1,他在我边上,
1,捡的号码,
1,不知道,
1,我不是,
1,刚办的号,
1,你管我是不是,
1,我在忙,
1,他刚出去了,
1,号码我刚办的,
1,号码是刚办的,
1,不是他欠我钱手机抵押了,
1,又慌说不是本人，你们自己找他,
1,这是张三号码，现在给我用了,
1,这是我刚办理的号码。,
1,在开会,
1,我这边现在很忙你等会打,
1,你管我是不是,
1,别打我电话！,
1,我在忙,
1,他在开车,
1,你管我是不是,
1,你谁啊,
1,听不懂,
1,没时间,
1,滚,
1,手机卡朋友给的,
1,不是，你找错了,
1,干嘛,
1,他没在,
1,你说的谁,
1,我不是，有事可以转告他,
1,你们神经病吧,
1,现在没有时间,
1,我不是，你找他什么事,
1,不认识,
1,挂断,
1,是他朋友,
1,我是他朋友,
1,你找张三干嘛,
1,发错了,
1,不认识,
1,认不得。,
1,你是什么人,
1,我在开车，不方便接电话,
1,天天打电话烦不烦,
1,不是，你找她干嘛？,
1,他在拉粑粑,
1,no,
1,别打我电话，我不知道,
1,不说话,
1,你有病,
1,手机没电了,
1,号码我刚办的,
1,你不要再打电话骚扰我,
1,号码刚办理的,
1,他去厕所了,
1,他在吃饭,
1,我不是,
1,手机捡的,
1,你有病吧,
1,烦不烦,
1,不是本人，我叫某某，,
1,滚,
1,信号不好 你再说一遍,
1,我是他家人,
1,他在开车,
1,打错了,
1,你在讲什么,
1,言不是本人,
1,认错人了,
1,我不是,
1,你他妈，有病啊，天天打我电话,
1,本人不在,
1,他是我的邻居,
1,说,
1,我不是,
1,他在开车,
1,我在开会，等会回你,
1,天天打电话麻烦核实,
1,开口就骂,
1,在打 拉黑,
1,你是谁,
1,家人接  本人去世,
1,他死了  我是他亲属在用,
1,他是我爸,
1,送快递的快递号,
1,他出去了,
1,我不是,
1,你打错了,
1,什么事,
1,我是他朋友,
1,不认识,
1,你哪位,
1,不要打这个电话了,
1,不要在打我电话了,
1,是，/好的，会处理/敷衍,
1,他被抓了，手机留在家,
1,我是他同事,
1,去厕所,
1,接电话一直不说话,
1,你有病啊打电话给我,
1,我在忙，啪！,
1,我在开会,
1,你找他干嘛,
1,你有病啊打电话给我,
1,天天打烦死了,
1,打错了,
1,不认识,
1,打错了,
1,手机捡的,
1,不是，他在开车,
1,你好，请问你是？,
1,你打他的电话吧,
1,找他什么事,
1,请等一下,
1,又是推销的，擦,
1,听不到,
1,不认识,
1,他出去了,
1,是他朋友,
1,他出去了,
1,他家人,
1,你是不是打错电话了,
1,别找我,
1,谁？,
1,他出去了。,
1,你找他有什么事,
1,不要给我打了，不然我要投诉了,
1,神经病,
1,我不是，你找错人了,
1,他在洗澡,
1,不,
1,我姓XX,
1,不懂,
1,不要骚扰我,
1,我很忙,
1,你哪位,
1,我说了很多次我不是了,
1,再打报警,
1,他死了,
1,他在开车，什么事？,
1,我不是,
1,刚买的号码,
1,别打电话给我,
1,不起,
1,你这个电话打错了,
1,接通就挂,
1,我在开会,
1,他死了,
1,找我干嘛,
1,有病,
1,你打错电话了,
1,言他去世了,
1,在开车,
1,你找错人,
1,滚,
1,晚点联系,
1,没有联系,
1,他出去了 有什么事和我说,
1,我不是,
1,他在边上,
1,找他干嘛,
1,我是李四,
1,不是的,
1,我有事晚上打给我,
1,什么鬼，风太大，听不清,
1,我不是,
1,我是广东人 他是哪里啊,
1,他是我哥,
1,是朋友,
1,你找错人了,
1,我不是,
1,不要再骚扰我,
1,挂,
1,不认识,
1,你找错人了吧,
1,他在开车,
1,再打投诉你,
1,不关 我的事,
1,你们骗子，挂,
1,这个电话是我捡的,
1,接通不说话,
1,刚刚才换的电话,
1,打我多少遍电话了不认识,
1,沉默不说话等你挂电话,
1,找他什么事他手机在我这！,
1,我在医院,
1,神经病啊,
1,不是本人，挂,
1,我不认识,
1,找错人了,
1,我在忙,
1,下次再打投诉你,
1,他出去买东西了,
1,不是，他有事，忙完再说,
1,他在开车,
1,你在哪里找到我的电话,
1,现在不方便,
1,我去叫他来,
1,什么鬼东西，听不懂,
1,挂机,
1,我是她朋友,
1,他在开车,
1,是他同事,
1,他电话号码给我了,
1,女朋友,
1,你是谁啊,
1,现在有事,
1,不知道,
1,他在开会。,
1,你找他打我电话做什么,
1,我不是,
1,他坐牢了,
1,不是，你找错人了,
1,他在做饭,
1,不，不是,
1,不是的,
1,她不在,
1,我在吃饭不要骚扰我,
1,刚办理的号码,
1,手机转接的,
1,不然我要去报警,
1,我上个月买的号码,
1,别人给的号码,
1,刚办的号码,
1,我不是,
1,手机朋友给的,
1,你找错人了,
1,不是,
1,我是他妈,
1,打错了,
1,张三是谁 我不知道,
1,他现在在监狱,
1,打错了，别打我电话,
1,不关你事,
1,不认识,
1,在上课不能接电话,
1,本人出去了,
1,他刚刚出去,
1,神经病吧,
1,接听不说话,
1,号码给我用了,
1,再说一遍,
1,我不是,
1,不认识他,
1,跟我没关系,
1,不认识打错了,
1,你打错了吧,
1,我在开会,
1,手机号刚办的,
1,我在忙,
1,你睡觉没睡醒吧,
1,他是我爹,
1,是同学,
1,他正在开车,
1,我不是,
1,我在忙,
1,嘛事啊,
1,我捡的号码,
1,我不是,
1,我是他朋友,
1,你自己去找他,
1,你找他本人,
1,我在忙，,
1,这个号码是我自己刚买的,
1,他在开会,
1,不说话,
1,他出去买东西了要一个小时才回来,
1,我在忙挂断,
1,刚换的号码！,
1,他在上班,
1,不要给我打电话了,
1,号码用了很久了我姓某你去查，然后不接,
1,不知道,
1,他出去了,
1,你是来搞笑的吧,
1,干嘛，我是谁干嘛告诉你,
1,他被抓起来了,
1,不是，我是他家人,
1,你找错人了,
1,挂了,
1,他不在,
1,他刚离开,
1,喂喂喂,
1,开会,
1,我是她家人,
1,怎么了,
1,刚买的手机号,
1,他现在在医院,
1,我是他同事,
1,你哪来我的电话,
1,稍后联系,
1,找他干嘛,
1,这不是他的号码。,
1,不是,
1,你找错人,
1,他出车祸了,
1,不是，打错了,
1,他在睡觉,
1,不是的,
1,打错了吧你,
1,手机丢在这充电,
1,我在上班不要骚扰我,
1,都说了不是不是,
1,我在忙,
1,你还打是吧,
1,烦不烦,
1,坐牢了,
1,不认识,
1,我不是,
1,他死了,
1,在开车,
1,联系不到,
1,不是，你错了，,
1,号码刚换,
1,你要找谁,
1,你找错人了,
1,烦死了,
1,老打电话干嘛,
1,信号不好,
1,不是我贷的，被骗了,
1,我姓张,
1,手机号码刚刚办的,
1,骗子，天天打我电话,
1,听贷款挂,
1,不知道,
1,干什么,
1,我不是,
1,你是谁,
1,张三是谁啊,
1,走开别烦我,
1,这是我号码，看清楚在打,
1,我在开车晚上打来,
1,手机号朋友给的,
1,别打我电话,
1,这人是鬼吧，我可不认识,
1,他是我老公,
1,不认识,
1,你是不是有病啊,
1,我不是,
1,我捡的号,
1,他在忙,
1,我不是 你谁啊,
1,他在开会,
1,我在忙,
1,就不告诉你,
1,你们报警吧,
1,没空，等下回电,
1,他去外地了，他不用了,
1,他出去了,
1,在忙等等打,
1,我睡觉了你别打了不知道,
1,刚换的号码,
1,我不认识你说的这个人！,
1,我在山上信号不好,
1,你们是不是有毛病啊,
1,开头就破口大骂,
1,什么,
1,见到我和他jiang,
1,你在讲什么,
1,你是骗子吧,
1,他死了,
1,不是，我是他同事,
1,他死了,
1,再见,
1,他没带手机,
1,他现在不在，稍后再打过来,
1,你说什么再说一遍,
1,12点有时间,
1,不好意思，打错了,
1,他出去了,
1,是商店，手机在这里充电,
1,打错了,
1,我会告诉她,
1,不说话,
1,骂人,
1,他不在,
1,他已经不在这边了。,
1,他在上班,
1,我给你们给设置了,
1,他在住院,
1,我不是，你打错了,
1,他在上班,
1,他在看电视,
1,我刚换的号码，不认识的,
1,不懂,
1,我在打游戏不要骚扰我,
1,你们是不是有病,
1,等会再打,
1,神经病啊,
1,接电话就挂,
1,我是她老婆,
1,你谁啊？,
1,我不是,
1,他被抓了,
1,滚,
1,不说,
1,再打就报警,
1,听不懂,
1,不懂 不认识,
1,这是公司的业务电话,
1,都说不是了,
1,烦人，挂,
1,你是来搞笑的吧,
1,言没钱,
1,什么东西啊,
1,我是他朋友什么事情你说,
1,再打就报警,
1,接听放音乐,
1,想干嘛,
1,快递公司,
1,我不是,
1,找他什么事,
1,下次别打我电话,
1,没事找事,
1,在打，拉黑,
1,有事啊？,
1,手机刚捡的,
1,滚,
1,什么鬼,
1,她是我老婆,
1,不是本人，接就挂,
1,说了多少遍了，我不是,
1,我不是,
1,不认识,
1,没空,
1,以后不要骚扰 不认识,
1,在开车,
1,等会再打,
1,谁啊,
1,你们起诉吧,
1,号码新办的，不认识,
1,他已经死了,
1,他出去了手机没带,
1,提名挂,
1,我这边信号不好挂了,
1,滚,
1,沉默不讲话应对！,
1,号码才买的,
1,你想说什么,
1,沉默，不说话等你挂了拒接,
1,怎么了,
1,人没在,
1,我不认识,
1,不在，他再开车,
1,他出国了,
1,不是，他手机在充电,
1,他出去了，马上回来,
0,是的,
0,是我,
0,对,
0,恩,
0,我在忙，不方便接听电话,
0,是我，现在没钱,
0,嗯，我是,
0,嗯，我是,
0,嗯,
0,是,
0,你是谁啊,
0,是的,
0,你哪位？,
0,啥事儿？,
0,我是,
0,是的，你们干嘛的,
0,我是,
0,对啊，是我,
0,啊,
0,嗯， 是的，就是我， 有什么事么？,
0,嗯 你谁啊,
0,是的,
0,嗯,
0,嗯,
0,嗯,
0,我是,
0,我现在不方便接电话,
0,嗯我是,
0,恩,
0,我在忙,
0,我是,
0,嗯,
0,不说,
0,嗯，是我，现在没空,
0,我是,
0,怎么了 有事么,
0,我是,
0,我很忙,
0,恩,
0,恩,
0,家里有人生病,
0,嗯.是的,
0,恩，我是,
0,什么事,
0,恩我是,
0,嗯,
0,是,
0,恩，我是,
0,我是,
0,我是,
0,是,
0,是的,
0,不是,
0,嗯，我是,
0,我在忙,
0,我是,
0,恩,
0,是的,
0,嗯，我是,
0,恩，我是,
0,我是,
0,嗯,
0,是我,
0,嗯,
0,什么事情,
0,是啊,
0,没钱 有钱就还,
0,是，没联系了，转告不了,
0,恩，我是,
0,嗯。,
0,在开会等等,
0,是，你是谁,
0,我是，怎么了,
0,你是哪位！,
0,恩,
0,嗯 我是,
0,我是，怎么了,
0,什么事啊,
0,对,
0,嗯，我是,
0,嗯,
0,嗯，我是,
0,是的，我现在有事。等忙完再说,
0,嗯，是的,
0,我是,
0,是的，我是,
0,是的,
0,对,
0,我在开车,
0,是我，什么事？现在困难，等稍微好点再说,
0,嗯，你是哪位,
0,对，是我,
0,是的,
0,有事情吗,
0,我是张三，有什么是吗,
0,什么事,
0,我是,
0,嗯，你是哪里？,
0,找他有什么事,
0,是，找我干嘛,
0,找我干嘛,
0,对呀，是我,
0,啊哈,
0,嗯， 是的，就是我,
0,有什么事吗,
0,恩,
0,你哪位,
0,我是,
0,什么事,
0,怎么了,
0,和你有关系吗,
0,对我是,
0,怎么了？,
0,我在开车,
0,你是谁,
0,什么事,
0,说哈,
0,什么事情，没空,
0,什么事,
0,对啊,
0,对，是我,
0,待会打给我,
0,对,
0,我是,
0,你打错了吧,
0,对.我是,
0,对，是我,
0,在忙，晚点电话,
0,对是我,
0,是的,
0,说  什么事,
0,恩，我是,
0,我在开车,
0,我现在不方便接电话,
0,怎么说,
0,什么事,
0,我是他朋友,
0,对，是我,
0,稍后联系,
0,对,
0,对,
0,干嘛,
0,你是谁,
0,恩，我是,
0,我在开会,
0,是的,
0,什么事,
0,是我,
0,我在上班，等会联系,
0,有什么事吗,
0,之前出了点事 过几天就还,
0,你们自己找他，不管,
0,我是，你是谁？,
0,是的。,
0,在忙等等,
0,干嘛找我干嘛,
0,什么事,
0,我现在有点忙，等会联系！,
0,对，是我,
0,对啊,
0,什么事,
0,干嘛,
0,是,
0,对，是我,
0,是的,
0,对，是我,
0,对，是我，你是哪位,
0,对，是我,
0,有什么事情,
0,有什么事,
0,对，我是,
0,我是,
0,我在开会,
0,是的，刚上班，等发工资,
0,找我有什么事,
0,恩恩，找我什么事,
0,你谁,
0,我忘记了,
0,打我电话干什么,
0,干嘛,
0,对，是我,
0,是，是我本人。,
0,你是哪位,
0,是的，我现在有事等会再说,
0,我在上班，下班再说吧,
0,对的，是我,
0,yes,
0,有什么事么？,
0,现在不方便接电话，等会,
0,干嘛,
0,什么事,
0,对,
0,怎么了,
0,哦,
0,晚上再说,
0,嗯嗯找我有什么事,
0,什么事？,
0,我在开会等会联系,
0,有什么事,
0,我?,
0,有,
0,待会再打电话，,
0,你是谁,
0,我在开车,
0,恩恩，找我什么事情,
0,是我,
0,是的,
0,恩恩,
0,我自己查APP挂断,
0,恩恩.有什么事情吗,
0,恩，找我什么事情,
0,高速上开车了,
0,找我有什么事情吗,
0,我 ，是的,
0,干什么,
0,恩，我是,
0,我在开会,
0,找我干嘛,
0,恩,
0,你是谁？,
0,我是他哥,
0,有什么事吗,
0,微信联系,
0,是我,
0,我是,
0,你哪位,
0,我正在上班，下班再联系,
0,恩，我是,
0,我在高速上,
0,干嘛,
0,有什么事,
0,有事,
0,嗯,
0,对,
0,我在忙 等会说,
0,说骚扰就挂,
0,你哪里的？找我做什么,
0,是我。,
0,有什么事,
0,是我这边在忙你等一下,
0,你是哪家银行的,
0,是啊，有什么事！,
0,找我有事吗,
0,对 什么事,
0,你是哪家银行的,
0,你哪里,
0,嗯,
0,找我什么事,
0,我是,
0,我在上班，下班聊,
0,是的，有什么事情等会说,
0,是的，你是？,
0,有何贵干,
0,你好，是我,
0,我是,
0,恩恩,
0,现在没有钱,
0,嗯，现在忙，等会回电给你,
0,你打错了,
0,我正在上班,
0,你干嘛,
0,我没有贷,
0,在忙有事快说,
0,你是谁,
0,你有什么事？,
0,对，是我。你是？,
0,怎么了,
0,是的，钱还了干嘛还给我打,
0,我在开会，没时间,
0,对啊，是我，找我有什么事吗,
0,good,
0,嗯， 是的，,
0,哪位,
0,有什么是,
0,找我干嘛,
0,是我,
0,我现在在忙,
0,知道了,
0,我下个月再处理,
0,我在上班下班联系,
0,什么事？抓紧说,
0,你谁啊有事吗,
0,我在上班,
0,干嘛,
0,有,
0,现在不方便接电话，,
0,在上班,
0,恩 我是,
0,我在开车，导航,
0,什么事,
0,找我什么事,
0,找我有什么事,
0,不用你们管，我会还,
0,我在上班稍后联系,
0,我在开会 等会找你,
0,听不见啊,
0,我正在上班,
0,怎么了,
0,是我,
0,恩，我是,
0,不是我,
0,我不欠你们贷款,
0,对,
0,我有事，晚上打给我,
0,我是他爸,
0,我在开会,
0,直接拉黑,
0,恩恩,
0,找帅哥干嘛,
0,找我有什么事,
0,我正在开车，一会联系,
0,恩，我是,
0,我在开车，什么事,
0,什么事,
0,我在上班下班再说,
0,下班联系,
0,怎么了,
0,有事说,
0,之前手机掉了,
0,提债就骂人,
0,我是，我在上班，等我下班再说,
0,有什么事。,
0,在上班下班聊,
0,怎么了找他干嘛,
0,等会联系你,
0,别打我电话，啪！,
0,我在上班,
0,我现在有事  等会回复你,
0,找我什么事,
0,哪位,
0,怎么,
0,我在上班，下班在联系,
0,对的,
0,我在开会，等会再说,
0,是的，你找我什么事？,
0,对，你是哪位,
0,你是谁？,
0,对的,
0,有什么事,
0,你有什么事,
0,你们利息太高,
0,对，我没钱,
0,不认识,
0,我正在开会,
0,什么事,
0,我现在在上班,
0,有什么事等会说，打游戏呢,
0,现在忙,
0,对,
0,对的，我是。,
0,找我有什么事,
0,是的，怎么老打我电话,
0,我在开车不方便说话,
0,对呀，是我，找我有什么事吗,
0,哟哟切克闹,
0,嗯,
0,我不知道,
0,啥事,
0,我现在在忙 晚点回给你,
0,嗯嗯,
0,等会再打过来,
0,会处理,
0,等会再打，我现在在忙,
0,我在洗澡,
0,我在开会，等下再说,
0,信号不好等等说,
0,我在开会,
0,我在开会,
0,你是谁,
0,等会再回你电话，,
0,在开会,
0,我在开会,
0,我在开会，开完会联系,
0,我不是,
0,我在开会,
0,我在上班,
0,发工资还,
0,在开车电话联系,
0,你是谁,
0,喂喂，谁啊！你说什么？听不懂,
0,下班联系,
0,现在很忙 下班再说吧,
0,找我干嘛,
0,恩，我是,
0,什么事,
0,我已经处理完了,
0,我是,
0,不要烦我,
0,我是他妈,
0,我现在有点忙,
0,挂断,
0,找我有事情吗,
0,就是帅哥我,
0,正在开车，晚点再打吧,
0,正在忙，没空,
0,恩，我是,
0,我现在不方便接听,
0,在上班，等会再打,
0,我是 信号不好,
0,说吧,
0,在开车不方便,
0,你是哪里,
0,APP登不上去了,
0,嗯，好的，转告试试,
0,是，我在高速上，现在不能接电话,
0,"我是,你是哪位?",
0,在开车等等,
0,是的，我这边在上班忙挂,
0,忙了，挂断,
0,上来就骂！,
0,下班再说,
0,你说,
0,我这边有点事,
0,嗯，我在忙，等会回给你,
0,什么事,
0,我在开会,
0,是，你谁,
0,我在开车，等会再说吧,
0,是的，现在信号不好，等好了再找我,
0,是我，有什么事情吗,
0,你从哪里拿到我电话的,
0,没听清，再说一遍,
0,你哪位,
0,我在开车,
0,你们打暴我通信录,
0,是又怎么样，你们高利贷，我不还,
0,刚换的号码,
0,下班以后联系你,
0,我在上班,
0,我在忙,
0,对是我,
0,别再找我了,
0,找我干嘛,
0,找我啥事儿？,
0,干嘛,
0,再打我投诉你们,
0,你有什么事情吗,
0,对，是我，找我有什么事吗,
0,杂滴,
0,是的,
0,找我什么事,
0,说啊,
0,是我,
0,不是换号了,
0,你哪位,
0,不要打过来了,
0,我在上班,
0,我在睡觉,
0,我在开车,
0,我在忙,
0,我在开车,
0,我在开车,
0,上方有答案,
0,你这边有什么问题吗？,
0,在开车,
0,我在高速上 有时间回你,
0,我在山里，信号不好,
0,找他干嘛,
0,稍后联系,
0,现在没时间,
0,有钱自然会还,
0,请问你是？,
0,有事说别墨迹,
0,在上班了，领导在，不方便电话！,
0,答应处理 ，然后跳票,
0,吗,
0,有什么事直接说,
0,恩，我是,
0,我认识他,
0,我不处理了,
0,对的对的,
0,我在开会,
0,我是他表哥,
0,我在外面有点忙,
0,怎么打都不接,
0,我正在上班,
0,就是本美女,
0,正在开会，晚点打过去,
0,找我什么事情,
0,恩，我是,
0,我在上课,
0,听不清 找谁,
0,恩,
0,怎么了,
0,过两天处理,
0,你打错了,
0,忘记了马上处理,
0,你们起诉，不要再打电话了,
0,我是，现在不方便接电话，晚点再说,
0,我在上班稍后联系。,
0,不方便接电话,
0,我在开车你等会再打吧,
0,工作不能用手机,
0,提名挂！,
0,我现在有事等会回复你,
0,我有事 你赶紧说,
0,等会联系你,
0,我在开会,
0,我在上班,
0,我现在忙，没时间,
0,找我什么事,
0,我在见客户，等会找你,
0,是的，我在开车,
0,是，我在忙，等会联系,
0,我在忙,
0,现在不方便接听,
0,请问你是？,
0,你说什么,
0,月底发工资处理,
0,哦哦，我看一下app,
0,这人谁啊，怎么天天找他,
0,一会我给你打过去,
0,你加我微信 我在忙,
0,发信息告诉我,
0,嗯,
0,稍后联系,
0,我在开会一会回给你,
0,有什么事？,
0,嗯,
0,恩,
0,我好像不认识你,
0,对的，是我，找我有什么事吗,
0,你说是就是咯,
0,嗯嗯,
0,我在忙等会,
0,干,
0,没错 是我,
0,他出去了,
0,干嘛,
0,我在忙,
0,我在睡觉,
0,我在开会,
0,上厕所呢，等下说,
0,我在忙,
0,我在忙,
0,你是谁啊,
0,有有有有,
0,嗯，我下个月处理。,
0,别打给我,
0,我在睡觉 有事快说,
0,我在公交车上,
0,我在开车,
0,正在上班，下班说,
0,下班联系吧,
0,我现在开车,
0,咋了,
0,没有意外的情况下应该我是的,
0,在开会,
0,打错了,
0,什么事,
0,说,
0,恩，我是,
0,我在电梯里,
0,随你们吧,
0,你谁,
0,我在开车,
0,我是他表弟,
0,我在上班,
0,发短信就好,
0,下班后在联系可以吧,
0,就是辣妹我,
0,听名字就挂,
0,怎么了,
0,恩，我是,
0,恩,
0,有事吗,
0,干嘛,
0,干嘛,
0,我现在在忙,
0,我认识你吗,
0,哦知道了,
0,我在忙，挂,
0,是我啊。咋地啦,
0,我在开会稍后联系。,
0,你是谁,
0,是我这边信号不怎么好先挂了,
0,在开会,
0,不讲话！,
0,我在开会,
0,我在上班 下班再联系你,
0,工作不能用手机，稍后联系,
0,我在高速上，晚点联系我,
0,下班联系,
0,我在开车,
0,怎么了,
0,我在睡觉，白天再说,
0,是的，我在吃饭，等会再说,
0,是我，等下班的,
0,我没时间,
0,啥子事,
0,我现在很忙，稍后再打,
0,有什么事你说,
0,待会处理,
0,我知道了，马上处理,
0,等下打过来，在忙,
0,不说话,
0,你是哪位,
0,我马上下载看看,
0,上班呢，挂,
0,别再找我了,
0,你是谁,
0,什么事？,
0,啊,
0,对,
0,你怎么有我号码的,
0,是我，有什么事吗,
0,是撒,
0,是的， 是的,
0,我在开车,
0,嘛,
0,你好 是我,
0,找我有什么事情吗,
0,现在不方便接电话,
0,在开会,
0,过两天就处理,
0,我在收麦子,
0,嗯嗯嗯,
0,我在忙,
0,我在高速上,
0,现在忙，一会儿再说,
0,有,
0,过俩天处理欠款。,
0,等会打给我,
0,我在上班 下班联系,
0,我在玩游戏,
0,我在上班,
0,什么情况,
0,等会我打给你,
0,我在山里交通不方便,
0,你想干嘛,
0,"1
滚",
0,在山上，信号不好,
0,恩不是本人  本人在忙,
0,怎么老是打我电话,
0,听不见,
0,我在上班，下班在联系,
0,我现在不方便,
0,利息太高我接受不来,
0,你要干什么,
0,嗯,
0,我是他同学,
0,现在不方便接电话,
0,打错了,
0,恩 怎么了,
0,找我什么事情啊,
0,不是,
0,什么事情，说,
0,恩，我是,
0,干嘛,
0,怎么了,
0,有事说事,
0,等会联系,
0,不认识,
0,你好,
0,你管我啊,
0,会去转告他处理,
0,恩，你打我电话干嘛,
0,我正在开车待会回电给你。,
0,不知道啊,
0,喂，啊，我是，什么事,
0,有事直说,
0,我是不是关你什么事！,
0,说,
0,你加我微信 联系,
0,你谁啊,
0,怎么了啊,
0,晚点联系,
0,我在外地,
0,嗯，不过我再上班,
0,我在比赛，结束了再说吧,
0,你是哪位？,
0,对，我高速上,
0,有事请说,
0,是的,
0,我现在很忙，稍后给你打过来,
0,这个事情我会处理的,
0,现在有多家外债,
0,是我，我没贷款啊,
0,我在上班，下午打过来,
0,和别人说话，手机放在一边,
0,你好,
0,没人联系我啊,
0,是啊怎么了,
0,不知道,
0,你哪里的？,
0,在。,
0,我是他的领导,
0,恩恩，找我什么事情么,
0,我现在有急事,
0,是我，有什么事嘛,
0,是的嘛,
0,嗯，就是我， 有什么事么？,
0,等我下高速再说,
0,我啊,
0,找我有什么事情,
0,我在上班,
0,等会回电话给你,
0,马上就会去还,
0,我在开车,
0,我插秧,
0,是的,
0,我在忙,
0,我在山里,
0,等晚上回家再说,
0,有,
0,皮本事借的钱，为什么要还。你爱起诉就起诉，上门就上门。,
0,打错了,
0,我现在有事 等等给你回电话,
0,我现在上班，忙,
0,我现在没空,
0,奥,
0,一小时过后打给你,
0,你们经常打我电话我收到骚扰，我要投诉你们,
0,有什么问题吗,
0,滚蛋,
0,有病吧,
0,恩晚点联系,
0,手机号码刚办的,
0,恩,
0,我在上班，下班在联系,
0,打错了,
0,是我挂机,
0,你是哪位,
0,干嘛？,
0,我是他姐姐,
0,我在超市，有点吵,
0,晚上联系,
0,我在开车 不方便接听10分钟后联系,
0,找我有事吗,
0,打错了,
0,对，怎么了,
0,恩，我是,
0,说,
0,我在忙，有事快说,
0,说重点,
0,我在开会,
0,干嘛,
0,你是干什么的,
0,滚,
0,天天打电话给我，烦死了,
0,是我，你一直打电话骚扰我干嘛啊,
0,我现在不方便接电话。,
0,你管我是谁,
0,喂是啊听不清啊挂了,
0,晚上联系,
0,你是找某某得吧！,
0,你说,
0,我在开会,
0,在开会,
0,说,
0,我在外面,
0,我没在家,
0,是的，不方便，下班联系我,
0,我在忙，有空再说,
0,是的，你有什么事情等中午再说,
0,是我，在开会，等会说,
0,没事我挂了,
0,嗯,
0,嗯,
0,我在忙，一会给你回过去,
0,现在只能处理200,
0,是的，我不是还了吗,
0,不认识,
0,正常沟通,
0,怎么了,
0,你之前怎么不打电话,
0,找我干嘛,
0,骂人,
0,怎么了？,
0,我是的。,
0,我是他的朋友,
0,我在上班,
0,我在忙不方便说话,
0,是我，有什么事么,
0,斗是,
0,就是我， 有什么事么？,
0,对，是我,
0,好的,
0,找我干什么,
0,等我忙完联系你,
0,有问题吗,
0,你催什么催啊,
0,凭本事借的为什么要还，你爱起诉起诉，爱上门上门,
0,我不方便,
0,等下再说，我现在忙,
0,我在忙,
0,我在吃饭,
0,是的,
0,有,
0,这是我的本事，没钱,
0,听不懂,
0,我是 现在有事,
0,我在吃饭,
0,过一会你在打过来,
0,是本人,
0,对啊找我什么事,
0,在开会,
0,等会联系,
0,去一班玩去,
0,等会回复你,
0,在开车,
0,接过好多这样的电话,
0,干嘛,
0,我在上班，下班在联系,
0,你是谁,
0,你是谁你让拍拍贷联系我,
0,我不是本人你打错了,
0,有事啊？,
0,我是他妹妹,
0,我在付钱，不方便接电话,
0,中午联系,
0,是啊 干嘛,
0,我就是那个帅哥,
0,不认识,
0,你是哪里的,
0,恩，我是,
0,不说就挂了,
0,我在告诉 不方便接电话,
0,说吧,
0,有事赶紧说,
0,我在睡觉,
0,不要保险,
0,你来我就还,
0,他说不还，你们自己联系,
0,你什么地方的？怎么有我电话,
0,我有事加我微信说吧。,
0,天天打电话来干嘛,
0,谁啊，我是啊干嘛,
0,中午联系,
0,我什么都不知道！,
0,对啊,
0,说,
0,有事直说,
0,嗯,
0,在路上,
0,是我，有事吗,
0,稍等我一会，刚好有个电话进来,
0,我在玩游戏，结束再说,
0,是的，有事请说,
0,是我，你是催收的吧,
2,没听见,
2,听不清,
2,你猜,
2,你打错了,
2,喂喂喂听不到,
2,是不是管你什么事,
2,你大点声，听不见,
2,有什么事,
2,你猜我是不是,
2,说家乡话,
2,你打我电话有什么事？,
2,刚吃过,
2,你说什么我听不清,
2,找谁？,
2,嘿嘿,
2,你说什么啊,
2,听不清,
2,我手机快没电了，再见,
2,风太大，听不清,
2,听不清楚,
2,说的听不懂,
2,信号不好,
2,你是不是有病啊,
2,信号不好,
2,你说什么,
2,你说什么,
2,谢谢，我不需要,
2,风太大没听清,
2,你说什么？,
2,你先说你谁啊,
2,信号不好,
2,你说什么,
2,有,
2,你说什么，信号不好，,
2,接通就挂,
2,听不见,
2,风太大，没听清,
2,你说什么,
2,风太大。没听清,
2,风太大，没听清,
2,你这个人有病吧,
2,怎么回事啊？,
2,分太大，没听清,
2,信号不好,
2,风太大,
2,风太大，没听清,
2,你是谁,
2,你是不是有病呀,
2,听不清,
2,你找谁,
2,听不见,
2,毛病啊,
2,不是,
2,风太大，没听清,
2,信号不好,
2,风太大，没听清,
2,你猜啊,
2,信号不好听不见挂电话,
2,你是不是有病啊,
2,风大；没听到,
2,你说什么  我听不见,
2,什么,
2,你管我是不是,
2,你猜我是不是,
2,你是不是有病啊,
2,你说什么,
2,风太大 听不清,
2,不是，打错了挂,
2,我听不懂你说什么,
2,张三是谁？,
2,你是不是有病,
2,不好意思听不清,
2,不是,
2,你说什么我听不见！,
2,不是的,
2,你说什么  听不清,
2,什么情况,
2,你那边好吵,
2,听不清,
2,风太大,
2,你是谁,
2,风太大，听不清,
2,信号不好，你说什么,
2,风太大，听不清楚,
2,听不见哈,
2,你说啥子,
2,听不清楚,
2,什么样,
2,信号不好,
2,你谁啊,
2,喂，信号不好,
2,你猜我是不是,
2,你找他干嘛,
2,听不清楚,
2,你哪来的这个电话？,
2,不知道,
2,你那边很吵,
2,哪个？,
2,信号不好吗,
2,声音怎么那么小,
2,你猜啊,
2,我没话费了，再见,
2,雨太大，听不清,
2,听不清,
2,你想干什么,
2,说慢点,
2,你猜我是不是啊,
2,你猜啊,
2,信号不好,
2,听不清楚,
2,我这里信号不好,
2,今天天气很好,
2,别打我电话，烦不烦？,
2,你找他有什么事么,
2,厂里机器吵,
2,我没听清,
2,有有,
2,我这边比较吵。再说一次,
2,打错了,
2,你找谁,
2,你谁啊,
2,信号不好,
2,今天天气很好,
2,今天天气好,
2,听不懂你说什么,
2,有什么事情吗？,
2,今天天气很好,
2,手机有点坏了,
2,听不清,
2,今天天气很好,
2,听不见,
2,你是不是有病呀,
2,你是谁呀,
2,找他干嘛,
2,我在路上,
2,手机听筒坏了,
2,不认识,
2,信号不好，再说一遍,
2,线路问题,
2,今天天气很好,
2,你说呢,
2,你猜是不是啊,
2,信号不好，听不清,
2,风大；没听到,
2,你找他什么事,
2,我在开车，不方便接电话,
2,天天打电话烦不烦,
2,是不是和你有关系吗,
2,诈骗电话,
2,你大点声,
2,你管我谁,
2,是，怎么了,
2,信号不好,
2,我这边信号不好。,
2,说话大点声音,
2,是又怎么样不又怎么样,
2,不知道,
2,我手机信号不好！,
2,分太大,
2,你是不是有病啊,
2,说说怎么回事,
2,能不能换个女的来,
2,太吵了,
2,没听清,
2,怎么了,
2,我在飞机上，不让打电话,
2,你刚刚说什么,
2,今天天气好,
2,信号不好，大声点,
2,你有病啊,
2,我这边太吵了,
2,听不清,
2,开口就骂,
2,我为什么要告诉你啊,
2,你烦不烦啊，天天打过来,
2,怎么总是打电话,
2,你问我干嘛,
2,你不会核实啊,
2,你先说你有什么事，我在告诉你。,
2,你猜,
2,我在忙,
2,找哪个？,
2,你有毛病吧,
2,大声一点,
2,你是不是有病啊,
2,跟你有什么关系？,
2,雷太大，听不清,
2,你猜,
2,你想找谁,
2,听不清,
2,风太大没听清,
2,不是,
2,我这边比较吵,
2,我不要买什么产品,
2,诈骗电话,
2,你猜我是不是,
2,听不清楚你说什么,
2,你先说你是干嘛的,
2,你是干嘛的,
2,我这里太吵了,
2,有,
2,你哪位啊，有毛病,
2,号码刚换,
2,我刚买的,
2,今天天气很好,
2,风大听不清,
2,你猜我是不是啊,
2,你猜我是不是呀,
2,信号不好,
2,怎么了？,
2,你猜我是不是啊,
2,你他妈有病吧,
2,今天天气很好,
2,你猜我是不是啊,
2,在说一遍,
2,你是不是有病呀,
2,什么事,
2,我在路上,
2,我在开会,
2,没信号，听不见,
2,你说什么听不见,
2,今天天气很好,
2,人品不好,
2,你猜我是不是呀,
2,听不清,
2,你是不是有病,
2,你是谁,
2,风大；没听到,
2,我是他朋友《债本人》,
2,有病吧,
2,上次说过了,
2,你管我是不是,
2,在打投诉,
2,你待会打过来吧啊,
2,干嘛 有什么事说,
2,你们有病,
2,你说话声音太小了,
2,风太大，听不清。,
2,说普通话,
2,信号不好你说啥,
2,信号不好,
2,不讲话！,
2,没听清,
2,你谁啊,
2,打我电话干嘛的,
2,不知道,
2,找个安静的地方,
2,今天天气真好,
2,有事吗,
2,今天天气真好,
2,你说呢,
2,你猜我是不是呀,
2,你是哪个嘛？,
2,不知道,
2,你那边太吵了,
2,怎么又打过来,
2,不要烦我,
2,烦死了，天天打电话,
2,你觉得我是不是,
2,又是找张三的,
2,你再说一遍,
2,骂人,
2,不说话,
2,听不到,
2,你猜,
2,听不倒。,
2,我是她朋友,
2,信号怎么那么差,
2,我是不是关你什么事情,
2,我不给你说,
2,冰雹太大，听不清,
2,你有病呀,
2,你打错了，不知道,
2,再慢点,
2,今天天气很好,
2,打错了,
2,在说一次,
2,你猜,
2,我听不清楚,
2,你是不是有病,
2,你猜啊,
2,在忙不方便跟你说,
2,你是谁,
2,不知道,
2,有,
2,神经病，怎么老打电话,
2,不是本人,
2,你是谁,
2,你猜我是不是呀,
2,你有病吧,
2,你是不是有病,
2,你是不是有病,
2,我这边在山上信号不好,
2,干嘛？,
2,我这边信号不好,
2,什么事，你打错了,
2,你猜我是不是,
2,你是不是友病啊,
2,你猜,
2,你是不是有病呀,
2,电梯里信号不好,
2,在开车,
2,我在厂里听不到,
2,太吵了，听不见,
2,打错了,
2,你猜,
2,听不懂你说话,
2,你是不是有病呀,
2,你说什么,
2,老打电话干嘛,
2,风太大，没听清,
2,风大；没听到,
2,风太大,
2,打错了,
2,再打我电话  报警,
2,说啥  太吵了听不见,
2,总是打我电话干嘛,
2,我听不懂你说什么,
2,你是不是有病啊,
2,太吵，听不见,
2,你在哪里打的电话,
2,你那边太吵，听不清。,
2,说慢点没有听清楚,
2,不知道了,
2,你这边太吵,
2,你是哪位啊？,
2,今天天气不好不想说话,
2,你给我打电话问我干啥,
2,说什么听不见,
2,烦死了,
2,你说啥,
2,你猜我是不是啊,
2,咋的了,
2,你猜我是不是呀,
2,刚太吵了你说什么,
2,你有病吧,
2,我是不是关你何事？,
2,你是哪个,
2,喂，喂喂，喂喂喂,
2,你是不是有病啊,
2,现在没有钱,
2,去你妈,
2,你那边有点吵，听不见,
2,他已经不用这个号码了,
2,我这是公司电话,
2,你觉得我是不是,
2,你说什么听不见,
2,唱歌,
2,你哪位,
2,啥？大声点！,
2,找他干嘛,
2,哪个傻子啊,
2,太吵了,
2,什么？我听不清,
2,头太大，听不清,
2,有毛病,
2,什么事情,
2,说的清楚一点,
2,明天天气很好,
2,换号了,
2,你哪位啊,
2,你们是不是诈骗电话啊,
2,再打我就报警,
2,我在山里,
2,你是不是有病,
2,你干嘛总打我电话,
2,你找他什么事,
2,你说呢,
2,有,
2,天天打电话。有病啊。,
2,在山上信号不好,
2,有时快说 我有事,
2,你是不是有病,
2,我是他家人,
2,要你管,
2,什么什么,
2,你打错了,
2,咋了？,
2,你普通话能标准点吗,
2,你自己联系他,
2,有病啊,
2,你说话声音大一点，,
2,你打电话你不知道我是谁吗,
2,不是,
2,开车不方便,
2,在高速上,
2,我在逛街,
2,你声音好小,
2,不知道,
2,你是不是有病啊,
2,听不见你说话,
2,你都打过来了 还问是不是,
2,你谁啊,
2,烦死了,
2,今天天气很好,
2,风大；没听到,
2,有病,
2,找谁,
2,有意思吗,
2,啊？信号不好,
2,我这边好吵,
2,手机是我捡到的,
2,不要在打我电话,
2,你们谁呀,
2,你是哪里人,
2,是不是关你什么事？,
2,我在高速上,
2,他出事了在医院,
2,风太大,
2,天天打电话干嘛！,
2,你是不是有病,
2,什么事,
2,你管我是不是,
2,有病吧你,
2,你有毛病吧,
2,你是不是有病呀,
2,你说什么,
2,你是不是有病,
2,不好意思，你刚说啥,
2,你是谁呀,
2,你猜我是不是啊,
2,你是谁,
2,你管我是不是,
2,你说我是还是不是呢,
2,现在欠了200万,
2,有病吧！说了多少次,
2,我这边信号不好，等下再联系,
2,刚办的手机号码,
2,哦 怎么了,
2,不说是不是 直接问什么事情,
2,奥，我不是,
2,赌博,
2,你有病？,
2,太撇了，声音好小哦！,
2,天气不错,
2,有毛病啊,
2,我就是不告诉你,
2,啥？我听不清,
2,肚子太大，听不清,
2,你脑子坏了么,
2,直接说事,
2,说普通话,
2,后天天气很好,
2,机主不在,
2,有毛病,
2,你神经病啊,
2,投诉你们,
2,我在水里,
2,你不知道我是谁你打我电话？,
2,在忙不方便跟你说,
2,你猜我是不是,
2,你确定你核实清楚了？,
2,有,
2,在骚扰我们，起诉你们,
2,听不懂,
2,风大,
2,不要打我电话,
2,我是他邻居,
2,烦不烦,
2,你讲啥,
2,请你不要再打我电话了,
2,什么鬼？,
2,我在骑车不方便听电话,
2,不要在打我电话,
2,不想理你,
2,不知道,
2,信号不好,
2,不是,
2,你是不是有病,
2,我在开会,
2,我在睡觉别烦我,
2,我是他朋友,
2,等会在打,
2,你觉得我是不是,
2,装傻就挂断,
2,干嘛 什么事快说,
2,有什么事情,
2,再打投诉你,
2,说了多少遍了，怎么还打啊,
2,风大；没听到,
2,自己去查,
2,信号不好，你说什么？,
2,自己去营业厅查,
2,什么？我是不是你爸,
2,信号不好,
2,号码刚办的,
2,说什么听不懂,
2,滚,
2,你是不是没事干,
2,我是他朋友，他出去了。,
2,不讲话,
2,他不在出去了,
2,张三是谁、,
2,你猜我是不是！,
2,你猜我是不是的啊,
2,咋啦,
2,我不愿意告诉你,
2,不要打我电话,
2,你猜,
2,听不清楚,
2,你干嘛打我电话,
2,喂喂喂喂喂喂,
2,你说是就是,
2,我不懂,
2,是与不是，你打电话干嘛,
2,你说什么,
2,我不知道,
2,都说过多少次了,
2,没有还款能力,
2,不知道,
2,喂，喂，喂,
2,你是不是有病啊,
2,好的,
2,你问我 我怎么知道,
2,这个号码我朋友给我的,
2,开车,
2,我在山上信号不好,
2,听不清楚哦！,
2,你是干什么的,
2,打了又不说话,
2,我现在不想说话,
2,什么？我听不清楚,
2,胳膊太大，听不清,
2,快还钱,
2,你是不是有病啊,
2,说普通话,
2,大后天天气很好,
2,我在忙,
2,神经病,
2,我为什么要告诉你,
2,总是骚扰我干什么,
2,我在山洞里,
2,你不知道你打电话给我干什么？,
2,在忙不方便跟你说,
2,刚买的号码,
2,我听不见,
2,去你妈的,
2,你猜我是不是本人，,
2,不认识,
2,加我微信,
2,我不是，手机号刚买的,
2,我不认识,
2,不要老打我电话,
2,你要干啥,
2,请你换个手机给我打,
2,你是？,
2,别烦我,
2,打错了，挂,
2,晚点联系,
2,什么事啊,
2,不知道,
2,不是,
2,你猜,
2,你找谁,
2,你谁啊,
2,我是他哥,
2,这是我号码看清楚在打,
2,在路上不方便接电话,
2,你猜我是不是,
2,你问这个问题是不是弱智,
2,找他干嘛,
2,你是谁,
2,在忙，等会再说,
2,风大；没听到,
2,有意思吗,
2,你电话有问题吧？听不到,
2,有病,
2,太吵了 没听见,
2,再说一次,
2,号码是公司的号码,
2,我在忙,
2,好的,
2,不要一直打电话骚扰我,
2,我是他同事，他没带手机。,
2,骂人,
2,你们有毛病啊,
2,那猜我是不是啊,
2,我在开车，啪！,
2,号码才买的，不认识,
2,嗯,
2,你是神经病吗,
2,信号不好,
2,听不懂,
2,信号不好,
2,你是诈骗的吧,
2,信号不好，听不见,
2,外面下雨没听见,
2,不知道,
2,有事说事,
2,说的啥子,
2,别打了,
2,我是不是管你什么事,
2,你们要向我道歉,
2,你说呢？,
2,不认识他,
2,再打电话我就投诉你,
2,风太大,
2,号码换人了,
2,我刚办理的新号码才几天,
2,吃饭,
2,你说什么我听不懂,
2,再说一遍？,
2,怎么了,
2,喂，喂,
2,你吵到我睡觉了,
2,啥？我听不清楚,
2,腿太大，听不清,
2,快涨工资,
2,别打我电话,
2,说普通话,
2,大大后天天气很好,
2,你是不是有病啊,
2,怎么老打电话,
2,不要天天打我电话,
2,你有毛病吗,
2,我在山顶上,
2,你要干嘛？,
2,在忙不方便跟你说,
2,打错了,
2,你那边太吵了,
2,滚,
2,你猜猜看，猜出来有钱给你,
2,等会打给我,
2,什么,
2,我是他朋友，手机号给我用了,
2,我联系不上他,
2,管你什么事,
2,没时间,
2,我在车站听不清,
2,你认识他吗？,
2,不要烦我,
2,是不是跟你有关系,
2,在忙,
2,最近他有没有和你联系啊,
2,不要问我,
2,不是,
2,我不认识你吧,
2,你打我电话干嘛,
2,你说什么我在地铁里,
2,我是他同学,
2,开口就骂,
2,你说啥,
2,不认识,
2,不是，那我是谁呀,
2,你干嘛,
2,干嘛,
2,什么事啊,
2,风大；没听到,
2,天天打电话给我,
2,别打了 烦死了,
2,来我这告诉你,
2,你说什么  听不懂,
2,投诉你们,
2,你找他干什么,
2,什么事说,
2,干嘛,
2,你说我是谁,
2,你找他有什么事情？,
2,有话快说,
2,你猜我是不是,
2,你是不是有病啊,
2,你有病吧！,
2,他在忙,
2,你说呢,
2,有什么事直说,
2,谁,
2,哈哈哈,
2,不知道，你哪里,
2,你哪里的,
2,这边太吵了，听不清楚,
2,刚刚有车，没听到,
2,不要打我电话,
2,你干嘛的啊,
2,你说什么,
2,我不需要,
2,你猜,
2,我没有义务告知你,
2,你那喜欢打，我就不告诉,
2,你打错了吧,
2,我是他朋友,
2,听不清,
2,你有病啊 天天打,
2,不认识，这号码我都用了几年了,
2,骂人,
2,你说话大声点,
2,啥子？,
2,你打错了,
2,风太大,
2,我不开心,
2,你是谁？你为什么有我的电话？,
2,手太大，听不清,
2,拿钱来,
2,我不认识你,
2,说普通话,
2,大大大后天天气很好,
2,你们有意思吗,
2,诈骗啊,
2,不然我要去报警,
2,你猜我是不是,
2,我是喜欢你,
2,你想表达什么？,
2,在忙不方便跟你说,
2,他不在,
2,你有病啊,
2,骂人,
2,不是本人，有病小医生,
2,在上班,
2,你有问题吧,
2,这是朋友办理的手机号,
2,他失踪了,
2,有毛病,
2,什么啊,
2,我没时间跟你聊,
2,找他干嘛,
2,去死,
2,不知道,
2,找我有什么事,
2,什么时候没有联系啊,
2,自己想,
2,不是,
2,风太大,
2,挂机,
2,我在火车,
2,我是他同事,
2,拉黑,
2,我不知道,
2,打错了,
2,什么呀  你在说一遍太吵了,
2,我现在不方便接,
2,你猜,
2,你说，什么事,
2,风大；没听到,
2,你管我是不是,
2,你管我是不是,
2,凭什么回答你,
2,不说话,
2,怎么老是打电话,
2,你管我是谁,
2,不知道,
2,行，知道了,
2,你找谁啊,
2,不是啊，怎么了？,
2,你猜我是不是,
2,他死了,
2,你打错电话了吧,
2,东北人  咋滴？,
2,他有事出去了,
2,干啥啊,
2,你在骚扰知道吗,
2,你说什么,
2,你说啥子,
2,我外面，听不见,
2,你是不是有病啊,
2,我的助听器没在身上，听不清楚,
2,不知道你说什么,
2,说了不是,
2,你是不是没事干,
2,说的啥子,
2,雨太大了,
2,额,
2,不清楚,
2,说什么，听不懂,
2,你管我是不是了,
2,我是他弟弟,
2,一会打过来,
2,秒断,
2,你是不是有病,
2,秒断,
2,说普通话,
2,啥子喃？,
2,你打我电话还问我是谁？？,
2,没听清,
2,信号不好,
2,你是谁？你从哪里得到我的电话的？,
2,脑壳太大，听不清,
2,你被逮捕了,
2,在开车，不方便接电话,
2,说普通话,
2,大大大大后天天气很好,
2,今天天气很好,
2,投诉你们,
2,你是谁啊,
2,答对有奖励,
2,你喜不喜欢我,
2,谁？,
2,在忙不方便跟你说,
2,我可以帮你转告,
2,滚,
2,不说,
2,你猜猜看,
2,在开会,
2,你是骗子,
2,没听说过,
2,你找他什么事,
2,不要再打电话了,
2,没事挂了,
2,直接挂,
2,什么？,
2,死远点,
2,你说谁,
2,干什么啊  烦不烦,
2,你们是啥关系,
2,不知道就不要打,
2,不是,
2,你再说一遍,
2,我不认识你,
2,我马上上飞机了,
2,我是他弟弟,
2,滚,
2,懵,
2,你已经打了很多遍了,
2,啊 什么 你说什么,
2,你待会再打,
2,不知道打什么电话,
2,不知道,
2,风大；没听到,
2,听不懂,
2,是不是管你什么事,
2,听不懂,
2,不知道,
2,神经病,
2,他是谁啊,
2,再打投诉你,
2,自己找他,
2,你自己不会查啊,
2,是又怎样，不是又怎样？,
2,然后那,
2,联系不到了干嘛,
2,这个号码我刚办的,
2,有屁快放！,
2,他没在这里,
2,咋的了,
2,我可以报警吗,
2,找他干嘛,
2,我不晓得,
2,太吵了,
2,你怎么知道我电话,
2,我在汽车站，都是喇叭,
2,你有毛病啊,
2,还打,
